[0.433s] DEBUG:colcon:Command line arguments: ['/usr/bin/colcon', 'build', '--symlink-install', '--executor', 'sequential']
[0.434s] DEBUG:colcon:Parsed command line arguments: Namespace(log_base=None, log_level=None, verb_name='build', build_base='build', install_base='install', merge_install=False, symlink_install=True, test_result_base=None, continue_on_error=False, executor='sequential', parallel_workers=4, event_handlers=None, ignore_user_meta=False, metas=['./colcon.meta'], base_paths=['.'], packages_ignore=None, packages_ignore_regex=None, paths=None, packages_up_to=None, packages_up_to_regex=None, packages_above=None, packages_above_and_dependencies=None, packages_above_depth=None, packages_select_by_dep=None, packages_skip_by_dep=None, packages_skip_up_to=None, packages_select_build_failed=False, packages_skip_build_finished=False, packages_select_test_failures=False, packages_skip_test_passed=False, packages_select=None, packages_skip=None, packages_select_regex=None, packages_skip_regex=None, packages_start=None, packages_end=None, allow_overriding=[], cmake_args=None, cmake_target=None, cmake_target_skip_unavailable=False, cmake_clean_cache=False, cmake_clean_first=False, cmake_force_configure=False, ament_cmake_args=None, catkin_cmake_args=None, catkin_skip_building_tests=False, mixin_files=None, mixin=None, verb_parser=<colcon_mixin.mixin.mixin_argument.MixinArgumentDecorator object at 0xffffb6d37a90>, verb_extension=<colcon_core.verb.build.BuildVerb object at 0xffffb6ea4a60>, main=<bound method BuildVerb.main of <colcon_core.verb.build.BuildVerb object at 0xffffb6ea4a60>>, mixin_verb=('build',))
[1.281s] Level 1:colcon.colcon_core.package_discovery:discover_packages(colcon_meta) check parameters
[1.282s] Level 1:colcon.colcon_core.package_discovery:discover_packages(recursive) check parameters
[1.282s] Level 1:colcon.colcon_core.package_discovery:discover_packages(ignore) check parameters
[1.282s] Level 1:colcon.colcon_core.package_discovery:discover_packages(path) check parameters
[1.282s] Level 1:colcon.colcon_core.package_discovery:discover_packages(colcon_meta) discover
[1.283s] Level 1:colcon.colcon_core.package_discovery:discover_packages(recursive) discover
[1.283s] INFO:colcon.colcon_core.package_discovery:Crawling recursively for packages in '/home/pinet/SLAM_AGV/workspace'
[1.283s] Level 1:colcon.colcon_core.package_identification:_identify(.) by extensions ['ignore', 'ignore_ament_install']
[1.284s] Level 1:colcon.colcon_core.package_identification:_identify(.) by extension 'ignore'
[1.284s] Level 1:colcon.colcon_core.package_identification:_identify(.) by extension 'ignore_ament_install'
[1.284s] Level 1:colcon.colcon_core.package_identification:_identify(.) by extensions ['colcon_pkg']
[1.284s] Level 1:colcon.colcon_core.package_identification:_identify(.) by extension 'colcon_pkg'
[1.284s] Level 1:colcon.colcon_core.package_identification:_identify(.) by extensions ['colcon_meta']
[1.285s] Level 1:colcon.colcon_core.package_identification:_identify(.) by extension 'colcon_meta'
[1.285s] Level 1:colcon.colcon_core.package_identification:_identify(.) by extensions ['ros']
[1.285s] Level 1:colcon.colcon_core.package_identification:_identify(.) by extension 'ros'
[1.465s] Level 1:colcon.colcon_core.package_identification:_identify(.) by extensions ['cmake', 'python']
[1.465s] Level 1:colcon.colcon_core.package_identification:_identify(.) by extension 'cmake'
[1.465s] Level 1:colcon.colcon_core.package_identification:_identify(.) by extension 'python'
[1.466s] Level 1:colcon.colcon_core.package_identification:_identify(.) by extensions ['python_setup_py']
[1.466s] Level 1:colcon.colcon_core.package_identification:_identify(.) by extension 'python_setup_py'
[1.466s] Level 1:colcon.colcon_core.package_identification:_identify(build) by extensions ['ignore', 'ignore_ament_install']
[1.467s] Level 1:colcon.colcon_core.package_identification:_identify(build) by extension 'ignore'
[1.467s] Level 1:colcon.colcon_core.package_identification:_identify(build) ignored
[1.468s] Level 1:colcon.colcon_core.package_identification:_identify(install) by extensions ['ignore', 'ignore_ament_install']
[1.468s] Level 1:colcon.colcon_core.package_identification:_identify(install) by extension 'ignore'
[1.468s] Level 1:colcon.colcon_core.package_identification:_identify(install) ignored
[1.469s] Level 1:colcon.colcon_core.package_identification:_identify(log) by extensions ['ignore', 'ignore_ament_install']
[1.470s] Level 1:colcon.colcon_core.package_identification:_identify(log) by extension 'ignore'
[1.470s] Level 1:colcon.colcon_core.package_identification:_identify(log) ignored
[1.470s] Level 1:colcon.colcon_core.package_identification:_identify(src) by extensions ['ignore', 'ignore_ament_install']
[1.470s] Level 1:colcon.colcon_core.package_identification:_identify(src) by extension 'ignore'
[1.471s] Level 1:colcon.colcon_core.package_identification:_identify(src) by extension 'ignore_ament_install'
[1.471s] Level 1:colcon.colcon_core.package_identification:_identify(src) by extensions ['colcon_pkg']
[1.471s] Level 1:colcon.colcon_core.package_identification:_identify(src) by extension 'colcon_pkg'
[1.471s] Level 1:colcon.colcon_core.package_identification:_identify(src) by extensions ['colcon_meta']
[1.471s] Level 1:colcon.colcon_core.package_identification:_identify(src) by extension 'colcon_meta'
[1.471s] Level 1:colcon.colcon_core.package_identification:_identify(src) by extensions ['ros']
[1.472s] Level 1:colcon.colcon_core.package_identification:_identify(src) by extension 'ros'
[1.472s] Level 1:colcon.colcon_core.package_identification:_identify(src) by extensions ['cmake', 'python']
[1.472s] Level 1:colcon.colcon_core.package_identification:_identify(src) by extension 'cmake'
[1.472s] Level 1:colcon.colcon_core.package_identification:_identify(src) by extension 'python'
[1.472s] Level 1:colcon.colcon_core.package_identification:_identify(src) by extensions ['python_setup_py']
[1.473s] Level 1:colcon.colcon_core.package_identification:_identify(src) by extension 'python_setup_py'
[1.473s] Level 1:colcon.colcon_core.package_identification:_identify(src/build) by extensions ['ignore', 'ignore_ament_install']
[1.473s] Level 1:colcon.colcon_core.package_identification:_identify(src/build) by extension 'ignore'
[1.474s] Level 1:colcon.colcon_core.package_identification:_identify(src/build) ignored
[1.474s] Level 1:colcon.colcon_core.package_identification:_identify(src/columbus) by extensions ['ignore', 'ignore_ament_install']
[1.474s] Level 1:colcon.colcon_core.package_identification:_identify(src/columbus) by extension 'ignore'
[1.475s] Level 1:colcon.colcon_core.package_identification:_identify(src/columbus) by extension 'ignore_ament_install'
[1.475s] Level 1:colcon.colcon_core.package_identification:_identify(src/columbus) by extensions ['colcon_pkg']
[1.475s] Level 1:colcon.colcon_core.package_identification:_identify(src/columbus) by extension 'colcon_pkg'
[1.475s] Level 1:colcon.colcon_core.package_identification:_identify(src/columbus) by extensions ['colcon_meta']
[1.475s] Level 1:colcon.colcon_core.package_identification:_identify(src/columbus) by extension 'colcon_meta'
[1.476s] Level 1:colcon.colcon_core.package_identification:_identify(src/columbus) by extensions ['ros']
[1.476s] Level 1:colcon.colcon_core.package_identification:_identify(src/columbus) by extension 'ros'
[1.484s] DEBUG:colcon.colcon_core.package_identification:Package 'src/columbus' with type 'ros.ament_cmake' and name 'columbus'
[1.485s] Level 1:colcon.colcon_core.package_identification:_identify(src/control_msgs) by extensions ['ignore', 'ignore_ament_install']
[1.485s] Level 1:colcon.colcon_core.package_identification:_identify(src/control_msgs) by extension 'ignore'
[1.485s] Level 1:colcon.colcon_core.package_identification:_identify(src/control_msgs) by extension 'ignore_ament_install'
[1.486s] Level 1:colcon.colcon_core.package_identification:_identify(src/control_msgs) by extensions ['colcon_pkg']
[1.486s] Level 1:colcon.colcon_core.package_identification:_identify(src/control_msgs) by extension 'colcon_pkg'
[1.486s] Level 1:colcon.colcon_core.package_identification:_identify(src/control_msgs) by extensions ['colcon_meta']
[1.486s] Level 1:colcon.colcon_core.package_identification:_identify(src/control_msgs) by extension 'colcon_meta'
[1.486s] Level 1:colcon.colcon_core.package_identification:_identify(src/control_msgs) by extensions ['ros']
[1.486s] Level 1:colcon.colcon_core.package_identification:_identify(src/control_msgs) by extension 'ros'
[1.487s] Level 1:colcon.colcon_core.package_identification:_identify(src/control_msgs) by extensions ['cmake', 'python']
[1.487s] Level 1:colcon.colcon_core.package_identification:_identify(src/control_msgs) by extension 'cmake'
[1.487s] Level 1:colcon.colcon_core.package_identification:_identify(src/control_msgs) by extension 'python'
[1.487s] Level 1:colcon.colcon_core.package_identification:_identify(src/control_msgs) by extensions ['python_setup_py']
[1.487s] Level 1:colcon.colcon_core.package_identification:_identify(src/control_msgs) by extension 'python_setup_py'
[1.488s] Level 1:colcon.colcon_core.package_identification:_identify(src/control_msgs/control_msgs) by extensions ['ignore', 'ignore_ament_install']
[1.488s] Level 1:colcon.colcon_core.package_identification:_identify(src/control_msgs/control_msgs) by extension 'ignore'
[1.488s] Level 1:colcon.colcon_core.package_identification:_identify(src/control_msgs/control_msgs) by extension 'ignore_ament_install'
[1.489s] Level 1:colcon.colcon_core.package_identification:_identify(src/control_msgs/control_msgs) by extensions ['colcon_pkg']
[1.489s] Level 1:colcon.colcon_core.package_identification:_identify(src/control_msgs/control_msgs) by extension 'colcon_pkg'
[1.489s] Level 1:colcon.colcon_core.package_identification:_identify(src/control_msgs/control_msgs) by extensions ['colcon_meta']
[1.489s] Level 1:colcon.colcon_core.package_identification:_identify(src/control_msgs/control_msgs) by extension 'colcon_meta'
[1.489s] Level 1:colcon.colcon_core.package_identification:_identify(src/control_msgs/control_msgs) by extensions ['ros']
[1.489s] Level 1:colcon.colcon_core.package_identification:_identify(src/control_msgs/control_msgs) by extension 'ros'
[1.494s] DEBUG:colcon.colcon_core.package_identification:Package 'src/control_msgs/control_msgs' with type 'ros.ament_cmake' and name 'control_msgs'
[1.495s] Level 1:colcon.colcon_core.package_identification:_identify(src/install) by extensions ['ignore', 'ignore_ament_install']
[1.495s] Level 1:colcon.colcon_core.package_identification:_identify(src/install) by extension 'ignore'
[1.495s] Level 1:colcon.colcon_core.package_identification:_identify(src/install) ignored
[1.496s] Level 1:colcon.colcon_core.package_identification:_identify(src/joy_tester) by extensions ['ignore', 'ignore_ament_install']
[1.496s] Level 1:colcon.colcon_core.package_identification:_identify(src/joy_tester) by extension 'ignore'
[1.496s] Level 1:colcon.colcon_core.package_identification:_identify(src/joy_tester) by extension 'ignore_ament_install'
[1.496s] Level 1:colcon.colcon_core.package_identification:_identify(src/joy_tester) by extensions ['colcon_pkg']
[1.496s] Level 1:colcon.colcon_core.package_identification:_identify(src/joy_tester) by extension 'colcon_pkg'
[1.497s] Level 1:colcon.colcon_core.package_identification:_identify(src/joy_tester) by extensions ['colcon_meta']
[1.497s] Level 1:colcon.colcon_core.package_identification:_identify(src/joy_tester) by extension 'colcon_meta'
[1.497s] Level 1:colcon.colcon_core.package_identification:_identify(src/joy_tester) by extensions ['ros']
[1.497s] Level 1:colcon.colcon_core.package_identification:_identify(src/joy_tester) by extension 'ros'
[1.500s] DEBUG:colcon.colcon_core.package_identification:Package 'src/joy_tester' with type 'ros.ament_python' and name 'joy_tester'
[1.501s] Level 1:colcon.colcon_core.package_identification:_identify(src/log) by extensions ['ignore', 'ignore_ament_install']
[1.501s] Level 1:colcon.colcon_core.package_identification:_identify(src/log) by extension 'ignore'
[1.501s] Level 1:colcon.colcon_core.package_identification:_identify(src/log) ignored
[1.502s] Level 1:colcon.colcon_core.package_identification:_identify(src/pi2stm_comms) by extensions ['ignore', 'ignore_ament_install']
[1.502s] Level 1:colcon.colcon_core.package_identification:_identify(src/pi2stm_comms) by extension 'ignore'
[1.503s] Level 1:colcon.colcon_core.package_identification:_identify(src/pi2stm_comms) by extension 'ignore_ament_install'
[1.503s] Level 1:colcon.colcon_core.package_identification:_identify(src/pi2stm_comms) by extensions ['colcon_pkg']
[1.503s] Level 1:colcon.colcon_core.package_identification:_identify(src/pi2stm_comms) by extension 'colcon_pkg'
[1.503s] Level 1:colcon.colcon_core.package_identification:_identify(src/pi2stm_comms) by extensions ['colcon_meta']
[1.503s] Level 1:colcon.colcon_core.package_identification:_identify(src/pi2stm_comms) by extension 'colcon_meta'
[1.503s] Level 1:colcon.colcon_core.package_identification:_identify(src/pi2stm_comms) by extensions ['ros']
[1.504s] Level 1:colcon.colcon_core.package_identification:_identify(src/pi2stm_comms) by extension 'ros'
[1.506s] DEBUG:colcon.colcon_core.package_identification:Package 'src/pi2stm_comms' with type 'ros.ament_python' and name 'pi2stm_comms'
[1.506s] Level 1:colcon.colcon_core.package_identification:_identify(src/ros2_control) by extensions ['ignore', 'ignore_ament_install']
[1.507s] Level 1:colcon.colcon_core.package_identification:_identify(src/ros2_control) by extension 'ignore'
[1.507s] Level 1:colcon.colcon_core.package_identification:_identify(src/ros2_control) by extension 'ignore_ament_install'
[1.507s] Level 1:colcon.colcon_core.package_identification:_identify(src/ros2_control) by extensions ['colcon_pkg']
[1.507s] Level 1:colcon.colcon_core.package_identification:_identify(src/ros2_control) by extension 'colcon_pkg'
[1.508s] Level 1:colcon.colcon_core.package_identification:_identify(src/ros2_control) by extensions ['colcon_meta']
[1.508s] Level 1:colcon.colcon_core.package_identification:_identify(src/ros2_control) by extension 'colcon_meta'
[1.508s] Level 1:colcon.colcon_core.package_identification:_identify(src/ros2_control) by extensions ['ros']
[1.508s] Level 1:colcon.colcon_core.package_identification:_identify(src/ros2_control) by extension 'ros'
[1.508s] Level 1:colcon.colcon_core.package_identification:_identify(src/ros2_control) by extensions ['cmake', 'python']
[1.509s] Level 1:colcon.colcon_core.package_identification:_identify(src/ros2_control) by extension 'cmake'
[1.509s] Level 1:colcon.colcon_core.package_identification:_identify(src/ros2_control) by extension 'python'
[1.509s] Level 1:colcon.colcon_core.package_identification:_identify(src/ros2_control) by extensions ['python_setup_py']
[1.509s] Level 1:colcon.colcon_core.package_identification:_identify(src/ros2_control) by extension 'python_setup_py'
[1.510s] Level 1:colcon.colcon_core.package_identification:_identify(src/ros2_control/controller_interface) by extensions ['ignore', 'ignore_ament_install']
[1.510s] Level 1:colcon.colcon_core.package_identification:_identify(src/ros2_control/controller_interface) by extension 'ignore'
[1.510s] Level 1:colcon.colcon_core.package_identification:_identify(src/ros2_control/controller_interface) by extension 'ignore_ament_install'
[1.510s] Level 1:colcon.colcon_core.package_identification:_identify(src/ros2_control/controller_interface) by extensions ['colcon_pkg']
[1.511s] Level 1:colcon.colcon_core.package_identification:_identify(src/ros2_control/controller_interface) by extension 'colcon_pkg'
[1.511s] Level 1:colcon.colcon_core.package_identification:_identify(src/ros2_control/controller_interface) by extensions ['colcon_meta']
[1.511s] Level 1:colcon.colcon_core.package_identification:_identify(src/ros2_control/controller_interface) by extension 'colcon_meta'
[1.511s] Level 1:colcon.colcon_core.package_identification:_identify(src/ros2_control/controller_interface) by extensions ['ros']
[1.511s] Level 1:colcon.colcon_core.package_identification:_identify(src/ros2_control/controller_interface) by extension 'ros'
[1.514s] DEBUG:colcon.colcon_core.package_identification:Package 'src/ros2_control/controller_interface' with type 'ros.ament_cmake' and name 'controller_interface'
[1.515s] Level 1:colcon.colcon_core.package_identification:_identify(src/ros2_control/controller_manager) by extensions ['ignore', 'ignore_ament_install']
[1.515s] Level 1:colcon.colcon_core.package_identification:_identify(src/ros2_control/controller_manager) by extension 'ignore'
[1.515s] Level 1:colcon.colcon_core.package_identification:_identify(src/ros2_control/controller_manager) by extension 'ignore_ament_install'
[1.515s] Level 1:colcon.colcon_core.package_identification:_identify(src/ros2_control/controller_manager) by extensions ['colcon_pkg']
[1.516s] Level 1:colcon.colcon_core.package_identification:_identify(src/ros2_control/controller_manager) by extension 'colcon_pkg'
[1.516s] Level 1:colcon.colcon_core.package_identification:_identify(src/ros2_control/controller_manager) by extensions ['colcon_meta']
[1.516s] Level 1:colcon.colcon_core.package_identification:_identify(src/ros2_control/controller_manager) by extension 'colcon_meta'
[1.516s] Level 1:colcon.colcon_core.package_identification:_identify(src/ros2_control/controller_manager) by extensions ['ros']
[1.516s] Level 1:colcon.colcon_core.package_identification:_identify(src/ros2_control/controller_manager) by extension 'ros'
[1.523s] DEBUG:colcon.colcon_core.package_identification:Package 'src/ros2_control/controller_manager' with type 'ros.ament_cmake' and name 'controller_manager'
[1.524s] Level 1:colcon.colcon_core.package_identification:_identify(src/ros2_control/controller_manager_msgs) by extensions ['ignore', 'ignore_ament_install']
[1.524s] Level 1:colcon.colcon_core.package_identification:_identify(src/ros2_control/controller_manager_msgs) by extension 'ignore'
[1.524s] Level 1:colcon.colcon_core.package_identification:_identify(src/ros2_control/controller_manager_msgs) by extension 'ignore_ament_install'
[1.525s] Level 1:colcon.colcon_core.package_identification:_identify(src/ros2_control/controller_manager_msgs) by extensions ['colcon_pkg']
[1.525s] Level 1:colcon.colcon_core.package_identification:_identify(src/ros2_control/controller_manager_msgs) by extension 'colcon_pkg'
[1.525s] Level 1:colcon.colcon_core.package_identification:_identify(src/ros2_control/controller_manager_msgs) by extensions ['colcon_meta']
[1.525s] Level 1:colcon.colcon_core.package_identification:_identify(src/ros2_control/controller_manager_msgs) by extension 'colcon_meta'
[1.526s] Level 1:colcon.colcon_core.package_identification:_identify(src/ros2_control/controller_manager_msgs) by extensions ['ros']
[1.526s] Level 1:colcon.colcon_core.package_identification:_identify(src/ros2_control/controller_manager_msgs) by extension 'ros'
[1.528s] DEBUG:colcon.colcon_core.package_identification:Package 'src/ros2_control/controller_manager_msgs' with type 'ros.ament_cmake' and name 'controller_manager_msgs'
[1.529s] Level 1:colcon.colcon_core.package_identification:_identify(src/ros2_control/doc) by extensions ['ignore', 'ignore_ament_install']
[1.529s] Level 1:colcon.colcon_core.package_identification:_identify(src/ros2_control/doc) by extension 'ignore'
[1.529s] Level 1:colcon.colcon_core.package_identification:_identify(src/ros2_control/doc) by extension 'ignore_ament_install'
[1.530s] Level 1:colcon.colcon_core.package_identification:_identify(src/ros2_control/doc) by extensions ['colcon_pkg']
[1.530s] Level 1:colcon.colcon_core.package_identification:_identify(src/ros2_control/doc) by extension 'colcon_pkg'
[1.530s] Level 1:colcon.colcon_core.package_identification:_identify(src/ros2_control/doc) by extensions ['colcon_meta']
[1.530s] Level 1:colcon.colcon_core.package_identification:_identify(src/ros2_control/doc) by extension 'colcon_meta'
[1.530s] Level 1:colcon.colcon_core.package_identification:_identify(src/ros2_control/doc) by extensions ['ros']
[1.530s] Level 1:colcon.colcon_core.package_identification:_identify(src/ros2_control/doc) by extension 'ros'
[1.531s] Level 1:colcon.colcon_core.package_identification:_identify(src/ros2_control/doc) by extensions ['cmake', 'python']
[1.531s] Level 1:colcon.colcon_core.package_identification:_identify(src/ros2_control/doc) by extension 'cmake'
[1.531s] Level 1:colcon.colcon_core.package_identification:_identify(src/ros2_control/doc) by extension 'python'
[1.531s] Level 1:colcon.colcon_core.package_identification:_identify(src/ros2_control/doc) by extensions ['python_setup_py']
[1.531s] Level 1:colcon.colcon_core.package_identification:_identify(src/ros2_control/doc) by extension 'python_setup_py'
[1.532s] Level 1:colcon.colcon_core.package_identification:_identify(src/ros2_control/hardware_interface) by extensions ['ignore', 'ignore_ament_install']
[1.532s] Level 1:colcon.colcon_core.package_identification:_identify(src/ros2_control/hardware_interface) by extension 'ignore'
[1.532s] Level 1:colcon.colcon_core.package_identification:_identify(src/ros2_control/hardware_interface) by extension 'ignore_ament_install'
[1.533s] Level 1:colcon.colcon_core.package_identification:_identify(src/ros2_control/hardware_interface) by extensions ['colcon_pkg']
[1.533s] Level 1:colcon.colcon_core.package_identification:_identify(src/ros2_control/hardware_interface) by extension 'colcon_pkg'
[1.533s] Level 1:colcon.colcon_core.package_identification:_identify(src/ros2_control/hardware_interface) by extensions ['colcon_meta']
[1.533s] Level 1:colcon.colcon_core.package_identification:_identify(src/ros2_control/hardware_interface) by extension 'colcon_meta'
[1.533s] Level 1:colcon.colcon_core.package_identification:_identify(src/ros2_control/hardware_interface) by extensions ['ros']
[1.533s] Level 1:colcon.colcon_core.package_identification:_identify(src/ros2_control/hardware_interface) by extension 'ros'
[1.537s] DEBUG:colcon.colcon_core.package_identification:Package 'src/ros2_control/hardware_interface' with type 'ros.ament_cmake' and name 'hardware_interface'
[1.538s] Level 1:colcon.colcon_core.package_identification:_identify(src/ros2_control/hardware_interface_testing) by extensions ['ignore', 'ignore_ament_install']
[1.539s] Level 1:colcon.colcon_core.package_identification:_identify(src/ros2_control/hardware_interface_testing) by extension 'ignore'
[1.539s] Level 1:colcon.colcon_core.package_identification:_identify(src/ros2_control/hardware_interface_testing) by extension 'ignore_ament_install'
[1.539s] Level 1:colcon.colcon_core.package_identification:_identify(src/ros2_control/hardware_interface_testing) by extensions ['colcon_pkg']
[1.539s] Level 1:colcon.colcon_core.package_identification:_identify(src/ros2_control/hardware_interface_testing) by extension 'colcon_pkg'
[1.540s] Level 1:colcon.colcon_core.package_identification:_identify(src/ros2_control/hardware_interface_testing) by extensions ['colcon_meta']
[1.540s] Level 1:colcon.colcon_core.package_identification:_identify(src/ros2_control/hardware_interface_testing) by extension 'colcon_meta'
[1.540s] Level 1:colcon.colcon_core.package_identification:_identify(src/ros2_control/hardware_interface_testing) by extensions ['ros']
[1.540s] Level 1:colcon.colcon_core.package_identification:_identify(src/ros2_control/hardware_interface_testing) by extension 'ros'
[1.544s] DEBUG:colcon.colcon_core.package_identification:Package 'src/ros2_control/hardware_interface_testing' with type 'ros.ament_cmake' and name 'hardware_interface_testing'
[1.545s] Level 1:colcon.colcon_core.package_identification:_identify(src/ros2_control/joint_limits) by extensions ['ignore', 'ignore_ament_install']
[1.545s] Level 1:colcon.colcon_core.package_identification:_identify(src/ros2_control/joint_limits) by extension 'ignore'
[1.546s] Level 1:colcon.colcon_core.package_identification:_identify(src/ros2_control/joint_limits) by extension 'ignore_ament_install'
[1.546s] Level 1:colcon.colcon_core.package_identification:_identify(src/ros2_control/joint_limits) by extensions ['colcon_pkg']
[1.546s] Level 1:colcon.colcon_core.package_identification:_identify(src/ros2_control/joint_limits) by extension 'colcon_pkg'
[1.546s] Level 1:colcon.colcon_core.package_identification:_identify(src/ros2_control/joint_limits) by extensions ['colcon_meta']
[1.546s] Level 1:colcon.colcon_core.package_identification:_identify(src/ros2_control/joint_limits) by extension 'colcon_meta'
[1.547s] Level 1:colcon.colcon_core.package_identification:_identify(src/ros2_control/joint_limits) by extensions ['ros']
[1.547s] Level 1:colcon.colcon_core.package_identification:_identify(src/ros2_control/joint_limits) by extension 'ros'
[1.550s] DEBUG:colcon.colcon_core.package_identification:Package 'src/ros2_control/joint_limits' with type 'ros.ament_cmake' and name 'joint_limits'
[1.550s] Level 1:colcon.colcon_core.package_identification:_identify(src/ros2_control/joint_limits_interface) by extensions ['ignore', 'ignore_ament_install']
[1.551s] Level 1:colcon.colcon_core.package_identification:_identify(src/ros2_control/joint_limits_interface) by extension 'ignore'
[1.551s] Level 1:colcon.colcon_core.package_identification:_identify(src/ros2_control/joint_limits_interface) ignored
[1.551s] Level 1:colcon.colcon_core.package_identification:_identify(src/ros2_control/ros2_control) by extensions ['ignore', 'ignore_ament_install']
[1.551s] Level 1:colcon.colcon_core.package_identification:_identify(src/ros2_control/ros2_control) by extension 'ignore'
[1.552s] Level 1:colcon.colcon_core.package_identification:_identify(src/ros2_control/ros2_control) by extension 'ignore_ament_install'
[1.552s] Level 1:colcon.colcon_core.package_identification:_identify(src/ros2_control/ros2_control) by extensions ['colcon_pkg']
[1.552s] Level 1:colcon.colcon_core.package_identification:_identify(src/ros2_control/ros2_control) by extension 'colcon_pkg'
[1.552s] Level 1:colcon.colcon_core.package_identification:_identify(src/ros2_control/ros2_control) by extensions ['colcon_meta']
[1.552s] Level 1:colcon.colcon_core.package_identification:_identify(src/ros2_control/ros2_control) by extension 'colcon_meta'
[1.553s] Level 1:colcon.colcon_core.package_identification:_identify(src/ros2_control/ros2_control) by extensions ['ros']
[1.553s] Level 1:colcon.colcon_core.package_identification:_identify(src/ros2_control/ros2_control) by extension 'ros'
[1.555s] DEBUG:colcon.colcon_core.package_identification:Package 'src/ros2_control/ros2_control' with type 'ros.ament_cmake' and name 'ros2_control'
[1.556s] Level 1:colcon.colcon_core.package_identification:_identify(src/ros2_control/ros2_control_test_assets) by extensions ['ignore', 'ignore_ament_install']
[1.556s] Level 1:colcon.colcon_core.package_identification:_identify(src/ros2_control/ros2_control_test_assets) by extension 'ignore'
[1.557s] Level 1:colcon.colcon_core.package_identification:_identify(src/ros2_control/ros2_control_test_assets) by extension 'ignore_ament_install'
[1.557s] Level 1:colcon.colcon_core.package_identification:_identify(src/ros2_control/ros2_control_test_assets) by extensions ['colcon_pkg']
[1.557s] Level 1:colcon.colcon_core.package_identification:_identify(src/ros2_control/ros2_control_test_assets) by extension 'colcon_pkg'
[1.557s] Level 1:colcon.colcon_core.package_identification:_identify(src/ros2_control/ros2_control_test_assets) by extensions ['colcon_meta']
[1.557s] Level 1:colcon.colcon_core.package_identification:_identify(src/ros2_control/ros2_control_test_assets) by extension 'colcon_meta'
[1.558s] Level 1:colcon.colcon_core.package_identification:_identify(src/ros2_control/ros2_control_test_assets) by extensions ['ros']
[1.558s] Level 1:colcon.colcon_core.package_identification:_identify(src/ros2_control/ros2_control_test_assets) by extension 'ros'
[1.560s] DEBUG:colcon.colcon_core.package_identification:Package 'src/ros2_control/ros2_control_test_assets' with type 'ros.ament_cmake' and name 'ros2_control_test_assets'
[1.560s] Level 1:colcon.colcon_core.package_identification:_identify(src/ros2_control/ros2controlcli) by extensions ['ignore', 'ignore_ament_install']
[1.561s] Level 1:colcon.colcon_core.package_identification:_identify(src/ros2_control/ros2controlcli) by extension 'ignore'
[1.561s] Level 1:colcon.colcon_core.package_identification:_identify(src/ros2_control/ros2controlcli) by extension 'ignore_ament_install'
[1.561s] Level 1:colcon.colcon_core.package_identification:_identify(src/ros2_control/ros2controlcli) by extensions ['colcon_pkg']
[1.561s] Level 1:colcon.colcon_core.package_identification:_identify(src/ros2_control/ros2controlcli) by extension 'colcon_pkg'
[1.561s] Level 1:colcon.colcon_core.package_identification:_identify(src/ros2_control/ros2controlcli) by extensions ['colcon_meta']
[1.562s] Level 1:colcon.colcon_core.package_identification:_identify(src/ros2_control/ros2controlcli) by extension 'colcon_meta'
[1.562s] Level 1:colcon.colcon_core.package_identification:_identify(src/ros2_control/ros2controlcli) by extensions ['ros']
[1.562s] Level 1:colcon.colcon_core.package_identification:_identify(src/ros2_control/ros2controlcli) by extension 'ros'
[1.566s] DEBUG:colcon.colcon_core.package_identification:Package 'src/ros2_control/ros2controlcli' with type 'ros.ament_python' and name 'ros2controlcli'
[1.567s] Level 1:colcon.colcon_core.package_identification:_identify(src/ros2_control/rqt_controller_manager) by extensions ['ignore', 'ignore_ament_install']
[1.567s] Level 1:colcon.colcon_core.package_identification:_identify(src/ros2_control/rqt_controller_manager) by extension 'ignore'
[1.567s] Level 1:colcon.colcon_core.package_identification:_identify(src/ros2_control/rqt_controller_manager) by extension 'ignore_ament_install'
[1.568s] Level 1:colcon.colcon_core.package_identification:_identify(src/ros2_control/rqt_controller_manager) by extensions ['colcon_pkg']
[1.568s] Level 1:colcon.colcon_core.package_identification:_identify(src/ros2_control/rqt_controller_manager) by extension 'colcon_pkg'
[1.568s] Level 1:colcon.colcon_core.package_identification:_identify(src/ros2_control/rqt_controller_manager) by extensions ['colcon_meta']
[1.568s] Level 1:colcon.colcon_core.package_identification:_identify(src/ros2_control/rqt_controller_manager) by extension 'colcon_meta'
[1.568s] Level 1:colcon.colcon_core.package_identification:_identify(src/ros2_control/rqt_controller_manager) by extensions ['ros']
[1.568s] Level 1:colcon.colcon_core.package_identification:_identify(src/ros2_control/rqt_controller_manager) by extension 'ros'
[1.571s] DEBUG:colcon.colcon_core.package_identification:Package 'src/ros2_control/rqt_controller_manager' with type 'ros.ament_python' and name 'rqt_controller_manager'
[1.572s] Level 1:colcon.colcon_core.package_identification:_identify(src/ros2_control/transmission_interface) by extensions ['ignore', 'ignore_ament_install']
[1.572s] Level 1:colcon.colcon_core.package_identification:_identify(src/ros2_control/transmission_interface) by extension 'ignore'
[1.573s] Level 1:colcon.colcon_core.package_identification:_identify(src/ros2_control/transmission_interface) by extension 'ignore_ament_install'
[1.573s] Level 1:colcon.colcon_core.package_identification:_identify(src/ros2_control/transmission_interface) by extensions ['colcon_pkg']
[1.573s] Level 1:colcon.colcon_core.package_identification:_identify(src/ros2_control/transmission_interface) by extension 'colcon_pkg'
[1.573s] Level 1:colcon.colcon_core.package_identification:_identify(src/ros2_control/transmission_interface) by extensions ['colcon_meta']
[1.573s] Level 1:colcon.colcon_core.package_identification:_identify(src/ros2_control/transmission_interface) by extension 'colcon_meta'
[1.574s] Level 1:colcon.colcon_core.package_identification:_identify(src/ros2_control/transmission_interface) by extensions ['ros']
[1.574s] Level 1:colcon.colcon_core.package_identification:_identify(src/ros2_control/transmission_interface) by extension 'ros'
[1.576s] DEBUG:colcon.colcon_core.package_identification:Package 'src/ros2_control/transmission_interface' with type 'ros.ament_cmake' and name 'transmission_interface'
[1.577s] Level 1:colcon.colcon_core.package_identification:_identify(src/ros2_controllers) by extensions ['ignore', 'ignore_ament_install']
[1.578s] Level 1:colcon.colcon_core.package_identification:_identify(src/ros2_controllers) by extension 'ignore'
[1.578s] Level 1:colcon.colcon_core.package_identification:_identify(src/ros2_controllers) by extension 'ignore_ament_install'
[1.579s] Level 1:colcon.colcon_core.package_identification:_identify(src/ros2_controllers) by extensions ['colcon_pkg']
[1.579s] Level 1:colcon.colcon_core.package_identification:_identify(src/ros2_controllers) by extension 'colcon_pkg'
[1.579s] Level 1:colcon.colcon_core.package_identification:_identify(src/ros2_controllers) by extensions ['colcon_meta']
[1.579s] Level 1:colcon.colcon_core.package_identification:_identify(src/ros2_controllers) by extension 'colcon_meta'
[1.579s] Level 1:colcon.colcon_core.package_identification:_identify(src/ros2_controllers) by extensions ['ros']
[1.580s] Level 1:colcon.colcon_core.package_identification:_identify(src/ros2_controllers) by extension 'ros'
[1.580s] Level 1:colcon.colcon_core.package_identification:_identify(src/ros2_controllers) by extensions ['cmake', 'python']
[1.580s] Level 1:colcon.colcon_core.package_identification:_identify(src/ros2_controllers) by extension 'cmake'
[1.580s] Level 1:colcon.colcon_core.package_identification:_identify(src/ros2_controllers) by extension 'python'
[1.580s] Level 1:colcon.colcon_core.package_identification:_identify(src/ros2_controllers) by extensions ['python_setup_py']
[1.581s] Level 1:colcon.colcon_core.package_identification:_identify(src/ros2_controllers) by extension 'python_setup_py'
[1.581s] Level 1:colcon.colcon_core.package_identification:_identify(src/ros2_controllers/ackermann_steering_controller) by extensions ['ignore', 'ignore_ament_install']
[1.582s] Level 1:colcon.colcon_core.package_identification:_identify(src/ros2_controllers/ackermann_steering_controller) by extension 'ignore'
[1.582s] Level 1:colcon.colcon_core.package_identification:_identify(src/ros2_controllers/ackermann_steering_controller) by extension 'ignore_ament_install'
[1.582s] Level 1:colcon.colcon_core.package_identification:_identify(src/ros2_controllers/ackermann_steering_controller) by extensions ['colcon_pkg']
[1.582s] Level 1:colcon.colcon_core.package_identification:_identify(src/ros2_controllers/ackermann_steering_controller) by extension 'colcon_pkg'
[1.582s] Level 1:colcon.colcon_core.package_identification:_identify(src/ros2_controllers/ackermann_steering_controller) by extensions ['colcon_meta']
[1.582s] Level 1:colcon.colcon_core.package_identification:_identify(src/ros2_controllers/ackermann_steering_controller) by extension 'colcon_meta'
[1.583s] Level 1:colcon.colcon_core.package_identification:_identify(src/ros2_controllers/ackermann_steering_controller) by extensions ['ros']
[1.583s] Level 1:colcon.colcon_core.package_identification:_identify(src/ros2_controllers/ackermann_steering_controller) by extension 'ros'
[1.588s] DEBUG:colcon.colcon_core.package_identification:Package 'src/ros2_controllers/ackermann_steering_controller' with type 'ros.ament_cmake' and name 'ackermann_steering_controller'
[1.589s] Level 1:colcon.colcon_core.package_identification:_identify(src/ros2_controllers/admittance_controller) by extensions ['ignore', 'ignore_ament_install']
[1.589s] Level 1:colcon.colcon_core.package_identification:_identify(src/ros2_controllers/admittance_controller) by extension 'ignore'
[1.589s] Level 1:colcon.colcon_core.package_identification:_identify(src/ros2_controllers/admittance_controller) by extension 'ignore_ament_install'
[1.590s] Level 1:colcon.colcon_core.package_identification:_identify(src/ros2_controllers/admittance_controller) by extensions ['colcon_pkg']
[1.590s] Level 1:colcon.colcon_core.package_identification:_identify(src/ros2_controllers/admittance_controller) by extension 'colcon_pkg'
[1.590s] Level 1:colcon.colcon_core.package_identification:_identify(src/ros2_controllers/admittance_controller) by extensions ['colcon_meta']
[1.590s] Level 1:colcon.colcon_core.package_identification:_identify(src/ros2_controllers/admittance_controller) by extension 'colcon_meta'
[1.590s] Level 1:colcon.colcon_core.package_identification:_identify(src/ros2_controllers/admittance_controller) by extensions ['ros']
[1.590s] Level 1:colcon.colcon_core.package_identification:_identify(src/ros2_controllers/admittance_controller) by extension 'ros'
[1.599s] DEBUG:colcon.colcon_core.package_identification:Package 'src/ros2_controllers/admittance_controller' with type 'ros.ament_cmake' and name 'admittance_controller'
[1.600s] Level 1:colcon.colcon_core.package_identification:_identify(src/ros2_controllers/bicycle_steering_controller) by extensions ['ignore', 'ignore_ament_install']
[1.600s] Level 1:colcon.colcon_core.package_identification:_identify(src/ros2_controllers/bicycle_steering_controller) by extension 'ignore'
[1.600s] Level 1:colcon.colcon_core.package_identification:_identify(src/ros2_controllers/bicycle_steering_controller) by extension 'ignore_ament_install'
[1.601s] Level 1:colcon.colcon_core.package_identification:_identify(src/ros2_controllers/bicycle_steering_controller) by extensions ['colcon_pkg']
[1.601s] Level 1:colcon.colcon_core.package_identification:_identify(src/ros2_controllers/bicycle_steering_controller) by extension 'colcon_pkg'
[1.601s] Level 1:colcon.colcon_core.package_identification:_identify(src/ros2_controllers/bicycle_steering_controller) by extensions ['colcon_meta']
[1.601s] Level 1:colcon.colcon_core.package_identification:_identify(src/ros2_controllers/bicycle_steering_controller) by extension 'colcon_meta'
[1.601s] Level 1:colcon.colcon_core.package_identification:_identify(src/ros2_controllers/bicycle_steering_controller) by extensions ['ros']
[1.602s] Level 1:colcon.colcon_core.package_identification:_identify(src/ros2_controllers/bicycle_steering_controller) by extension 'ros'
[1.607s] DEBUG:colcon.colcon_core.package_identification:Package 'src/ros2_controllers/bicycle_steering_controller' with type 'ros.ament_cmake' and name 'bicycle_steering_controller'
[1.608s] Level 1:colcon.colcon_core.package_identification:_identify(src/ros2_controllers/diff_drive_controller) by extensions ['ignore', 'ignore_ament_install']
[1.608s] Level 1:colcon.colcon_core.package_identification:_identify(src/ros2_controllers/diff_drive_controller) by extension 'ignore'
[1.608s] Level 1:colcon.colcon_core.package_identification:_identify(src/ros2_controllers/diff_drive_controller) by extension 'ignore_ament_install'
[1.609s] Level 1:colcon.colcon_core.package_identification:_identify(src/ros2_controllers/diff_drive_controller) by extensions ['colcon_pkg']
[1.609s] Level 1:colcon.colcon_core.package_identification:_identify(src/ros2_controllers/diff_drive_controller) by extension 'colcon_pkg'
[1.609s] Level 1:colcon.colcon_core.package_identification:_identify(src/ros2_controllers/diff_drive_controller) by extensions ['colcon_meta']
[1.609s] Level 1:colcon.colcon_core.package_identification:_identify(src/ros2_controllers/diff_drive_controller) by extension 'colcon_meta'
[1.609s] Level 1:colcon.colcon_core.package_identification:_identify(src/ros2_controllers/diff_drive_controller) by extensions ['ros']
[1.609s] Level 1:colcon.colcon_core.package_identification:_identify(src/ros2_controllers/diff_drive_controller) by extension 'ros'
[1.615s] DEBUG:colcon.colcon_core.package_identification:Package 'src/ros2_controllers/diff_drive_controller' with type 'ros.ament_cmake' and name 'diff_drive_controller'
[1.616s] Level 1:colcon.colcon_core.package_identification:_identify(src/ros2_controllers/doc) by extensions ['ignore', 'ignore_ament_install']
[1.616s] Level 1:colcon.colcon_core.package_identification:_identify(src/ros2_controllers/doc) by extension 'ignore'
[1.617s] Level 1:colcon.colcon_core.package_identification:_identify(src/ros2_controllers/doc) by extension 'ignore_ament_install'
[1.617s] Level 1:colcon.colcon_core.package_identification:_identify(src/ros2_controllers/doc) by extensions ['colcon_pkg']
[1.617s] Level 1:colcon.colcon_core.package_identification:_identify(src/ros2_controllers/doc) by extension 'colcon_pkg'
[1.617s] Level 1:colcon.colcon_core.package_identification:_identify(src/ros2_controllers/doc) by extensions ['colcon_meta']
[1.617s] Level 1:colcon.colcon_core.package_identification:_identify(src/ros2_controllers/doc) by extension 'colcon_meta'
[1.618s] Level 1:colcon.colcon_core.package_identification:_identify(src/ros2_controllers/doc) by extensions ['ros']
[1.618s] Level 1:colcon.colcon_core.package_identification:_identify(src/ros2_controllers/doc) by extension 'ros'
[1.618s] Level 1:colcon.colcon_core.package_identification:_identify(src/ros2_controllers/doc) by extensions ['cmake', 'python']
[1.618s] Level 1:colcon.colcon_core.package_identification:_identify(src/ros2_controllers/doc) by extension 'cmake'
[1.619s] Level 1:colcon.colcon_core.package_identification:_identify(src/ros2_controllers/doc) by extension 'python'
[1.619s] Level 1:colcon.colcon_core.package_identification:_identify(src/ros2_controllers/doc) by extensions ['python_setup_py']
[1.619s] Level 1:colcon.colcon_core.package_identification:_identify(src/ros2_controllers/doc) by extension 'python_setup_py'
[1.619s] Level 1:colcon.colcon_core.package_identification:_identify(src/ros2_controllers/doc/images) by extensions ['ignore', 'ignore_ament_install']
[1.620s] Level 1:colcon.colcon_core.package_identification:_identify(src/ros2_controllers/doc/images) by extension 'ignore'
[1.620s] Level 1:colcon.colcon_core.package_identification:_identify(src/ros2_controllers/doc/images) by extension 'ignore_ament_install'
[1.620s] Level 1:colcon.colcon_core.package_identification:_identify(src/ros2_controllers/doc/images) by extensions ['colcon_pkg']
[1.620s] Level 1:colcon.colcon_core.package_identification:_identify(src/ros2_controllers/doc/images) by extension 'colcon_pkg'
[1.621s] Level 1:colcon.colcon_core.package_identification:_identify(src/ros2_controllers/doc/images) by extensions ['colcon_meta']
[1.621s] Level 1:colcon.colcon_core.package_identification:_identify(src/ros2_controllers/doc/images) by extension 'colcon_meta'
[1.621s] Level 1:colcon.colcon_core.package_identification:_identify(src/ros2_controllers/doc/images) by extensions ['ros']
[1.621s] Level 1:colcon.colcon_core.package_identification:_identify(src/ros2_controllers/doc/images) by extension 'ros'
[1.621s] Level 1:colcon.colcon_core.package_identification:_identify(src/ros2_controllers/doc/images) by extensions ['cmake', 'python']
[1.622s] Level 1:colcon.colcon_core.package_identification:_identify(src/ros2_controllers/doc/images) by extension 'cmake'
[1.622s] Level 1:colcon.colcon_core.package_identification:_identify(src/ros2_controllers/doc/images) by extension 'python'
[1.622s] Level 1:colcon.colcon_core.package_identification:_identify(src/ros2_controllers/doc/images) by extensions ['python_setup_py']
[1.622s] Level 1:colcon.colcon_core.package_identification:_identify(src/ros2_controllers/doc/images) by extension 'python_setup_py'
[1.623s] Level 1:colcon.colcon_core.package_identification:_identify(src/ros2_controllers/effort_controllers) by extensions ['ignore', 'ignore_ament_install']
[1.623s] Level 1:colcon.colcon_core.package_identification:_identify(src/ros2_controllers/effort_controllers) by extension 'ignore'
[1.623s] Level 1:colcon.colcon_core.package_identification:_identify(src/ros2_controllers/effort_controllers) by extension 'ignore_ament_install'
[1.623s] Level 1:colcon.colcon_core.package_identification:_identify(src/ros2_controllers/effort_controllers) by extensions ['colcon_pkg']
[1.623s] Level 1:colcon.colcon_core.package_identification:_identify(src/ros2_controllers/effort_controllers) by extension 'colcon_pkg'
[1.624s] Level 1:colcon.colcon_core.package_identification:_identify(src/ros2_controllers/effort_controllers) by extensions ['colcon_meta']
[1.624s] Level 1:colcon.colcon_core.package_identification:_identify(src/ros2_controllers/effort_controllers) by extension 'colcon_meta'
[1.624s] Level 1:colcon.colcon_core.package_identification:_identify(src/ros2_controllers/effort_controllers) by extensions ['ros']
[1.624s] Level 1:colcon.colcon_core.package_identification:_identify(src/ros2_controllers/effort_controllers) by extension 'ros'
[1.628s] DEBUG:colcon.colcon_core.package_identification:Package 'src/ros2_controllers/effort_controllers' with type 'ros.ament_cmake' and name 'effort_controllers'
[1.628s] Level 1:colcon.colcon_core.package_identification:_identify(src/ros2_controllers/force_torque_sensor_broadcaster) by extensions ['ignore', 'ignore_ament_install']
[1.629s] Level 1:colcon.colcon_core.package_identification:_identify(src/ros2_controllers/force_torque_sensor_broadcaster) by extension 'ignore'
[1.629s] Level 1:colcon.colcon_core.package_identification:_identify(src/ros2_controllers/force_torque_sensor_broadcaster) by extension 'ignore_ament_install'
[1.630s] Level 1:colcon.colcon_core.package_identification:_identify(src/ros2_controllers/force_torque_sensor_broadcaster) by extensions ['colcon_pkg']
[1.630s] Level 1:colcon.colcon_core.package_identification:_identify(src/ros2_controllers/force_torque_sensor_broadcaster) by extension 'colcon_pkg'
[1.630s] Level 1:colcon.colcon_core.package_identification:_identify(src/ros2_controllers/force_torque_sensor_broadcaster) by extensions ['colcon_meta']
[1.630s] Level 1:colcon.colcon_core.package_identification:_identify(src/ros2_controllers/force_torque_sensor_broadcaster) by extension 'colcon_meta'
[1.630s] Level 1:colcon.colcon_core.package_identification:_identify(src/ros2_controllers/force_torque_sensor_broadcaster) by extensions ['ros']
[1.631s] Level 1:colcon.colcon_core.package_identification:_identify(src/ros2_controllers/force_torque_sensor_broadcaster) by extension 'ros'
[1.636s] DEBUG:colcon.colcon_core.package_identification:Package 'src/ros2_controllers/force_torque_sensor_broadcaster' with type 'ros.ament_cmake' and name 'force_torque_sensor_broadcaster'
[1.636s] Level 1:colcon.colcon_core.package_identification:_identify(src/ros2_controllers/forward_command_controller) by extensions ['ignore', 'ignore_ament_install']
[1.637s] Level 1:colcon.colcon_core.package_identification:_identify(src/ros2_controllers/forward_command_controller) by extension 'ignore'
[1.637s] Level 1:colcon.colcon_core.package_identification:_identify(src/ros2_controllers/forward_command_controller) by extension 'ignore_ament_install'
[1.637s] Level 1:colcon.colcon_core.package_identification:_identify(src/ros2_controllers/forward_command_controller) by extensions ['colcon_pkg']
[1.637s] Level 1:colcon.colcon_core.package_identification:_identify(src/ros2_controllers/forward_command_controller) by extension 'colcon_pkg'
[1.638s] Level 1:colcon.colcon_core.package_identification:_identify(src/ros2_controllers/forward_command_controller) by extensions ['colcon_meta']
[1.638s] Level 1:colcon.colcon_core.package_identification:_identify(src/ros2_controllers/forward_command_controller) by extension 'colcon_meta'
[1.638s] Level 1:colcon.colcon_core.package_identification:_identify(src/ros2_controllers/forward_command_controller) by extensions ['ros']
[1.638s] Level 1:colcon.colcon_core.package_identification:_identify(src/ros2_controllers/forward_command_controller) by extension 'ros'
[1.643s] DEBUG:colcon.colcon_core.package_identification:Package 'src/ros2_controllers/forward_command_controller' with type 'ros.ament_cmake' and name 'forward_command_controller'
[1.644s] Level 1:colcon.colcon_core.package_identification:_identify(src/ros2_controllers/gpio_controllers) by extensions ['ignore', 'ignore_ament_install']
[1.644s] Level 1:colcon.colcon_core.package_identification:_identify(src/ros2_controllers/gpio_controllers) by extension 'ignore'
[1.644s] Level 1:colcon.colcon_core.package_identification:_identify(src/ros2_controllers/gpio_controllers) by extension 'ignore_ament_install'
[1.645s] Level 1:colcon.colcon_core.package_identification:_identify(src/ros2_controllers/gpio_controllers) by extensions ['colcon_pkg']
[1.645s] Level 1:colcon.colcon_core.package_identification:_identify(src/ros2_controllers/gpio_controllers) by extension 'colcon_pkg'
[1.645s] Level 1:colcon.colcon_core.package_identification:_identify(src/ros2_controllers/gpio_controllers) by extensions ['colcon_meta']
[1.645s] Level 1:colcon.colcon_core.package_identification:_identify(src/ros2_controllers/gpio_controllers) by extension 'colcon_meta'
[1.645s] Level 1:colcon.colcon_core.package_identification:_identify(src/ros2_controllers/gpio_controllers) by extensions ['ros']
[1.645s] Level 1:colcon.colcon_core.package_identification:_identify(src/ros2_controllers/gpio_controllers) by extension 'ros'
[1.650s] DEBUG:colcon.colcon_core.package_identification:Package 'src/ros2_controllers/gpio_controllers' with type 'ros.ament_cmake' and name 'gpio_controllers'
[1.651s] Level 1:colcon.colcon_core.package_identification:_identify(src/ros2_controllers/gripper_controllers) by extensions ['ignore', 'ignore_ament_install']
[1.651s] Level 1:colcon.colcon_core.package_identification:_identify(src/ros2_controllers/gripper_controllers) by extension 'ignore'
[1.652s] Level 1:colcon.colcon_core.package_identification:_identify(src/ros2_controllers/gripper_controllers) by extension 'ignore_ament_install'
[1.652s] Level 1:colcon.colcon_core.package_identification:_identify(src/ros2_controllers/gripper_controllers) by extensions ['colcon_pkg']
[1.652s] Level 1:colcon.colcon_core.package_identification:_identify(src/ros2_controllers/gripper_controllers) by extension 'colcon_pkg'
[1.652s] Level 1:colcon.colcon_core.package_identification:_identify(src/ros2_controllers/gripper_controllers) by extensions ['colcon_meta']
[1.652s] Level 1:colcon.colcon_core.package_identification:_identify(src/ros2_controllers/gripper_controllers) by extension 'colcon_meta'
[1.653s] Level 1:colcon.colcon_core.package_identification:_identify(src/ros2_controllers/gripper_controllers) by extensions ['ros']
[1.653s] Level 1:colcon.colcon_core.package_identification:_identify(src/ros2_controllers/gripper_controllers) by extension 'ros'
[1.658s] DEBUG:colcon.colcon_core.package_identification:Package 'src/ros2_controllers/gripper_controllers' with type 'ros.ament_cmake' and name 'gripper_controllers'
[1.659s] Level 1:colcon.colcon_core.package_identification:_identify(src/ros2_controllers/imu_sensor_broadcaster) by extensions ['ignore', 'ignore_ament_install']
[1.659s] Level 1:colcon.colcon_core.package_identification:_identify(src/ros2_controllers/imu_sensor_broadcaster) by extension 'ignore'
[1.659s] Level 1:colcon.colcon_core.package_identification:_identify(src/ros2_controllers/imu_sensor_broadcaster) by extension 'ignore_ament_install'
[1.659s] Level 1:colcon.colcon_core.package_identification:_identify(src/ros2_controllers/imu_sensor_broadcaster) by extensions ['colcon_pkg']
[1.660s] Level 1:colcon.colcon_core.package_identification:_identify(src/ros2_controllers/imu_sensor_broadcaster) by extension 'colcon_pkg'
[1.660s] Level 1:colcon.colcon_core.package_identification:_identify(src/ros2_controllers/imu_sensor_broadcaster) by extensions ['colcon_meta']
[1.660s] Level 1:colcon.colcon_core.package_identification:_identify(src/ros2_controllers/imu_sensor_broadcaster) by extension 'colcon_meta'
[1.660s] Level 1:colcon.colcon_core.package_identification:_identify(src/ros2_controllers/imu_sensor_broadcaster) by extensions ['ros']
[1.660s] Level 1:colcon.colcon_core.package_identification:_identify(src/ros2_controllers/imu_sensor_broadcaster) by extension 'ros'
[1.665s] DEBUG:colcon.colcon_core.package_identification:Package 'src/ros2_controllers/imu_sensor_broadcaster' with type 'ros.ament_cmake' and name 'imu_sensor_broadcaster'
[1.666s] Level 1:colcon.colcon_core.package_identification:_identify(src/ros2_controllers/joint_state_broadcaster) by extensions ['ignore', 'ignore_ament_install']
[1.666s] Level 1:colcon.colcon_core.package_identification:_identify(src/ros2_controllers/joint_state_broadcaster) by extension 'ignore'
[1.667s] Level 1:colcon.colcon_core.package_identification:_identify(src/ros2_controllers/joint_state_broadcaster) by extension 'ignore_ament_install'
[1.667s] Level 1:colcon.colcon_core.package_identification:_identify(src/ros2_controllers/joint_state_broadcaster) by extensions ['colcon_pkg']
[1.667s] Level 1:colcon.colcon_core.package_identification:_identify(src/ros2_controllers/joint_state_broadcaster) by extension 'colcon_pkg'
[1.667s] Level 1:colcon.colcon_core.package_identification:_identify(src/ros2_controllers/joint_state_broadcaster) by extensions ['colcon_meta']
[1.667s] Level 1:colcon.colcon_core.package_identification:_identify(src/ros2_controllers/joint_state_broadcaster) by extension 'colcon_meta'
[1.668s] Level 1:colcon.colcon_core.package_identification:_identify(src/ros2_controllers/joint_state_broadcaster) by extensions ['ros']
[1.668s] Level 1:colcon.colcon_core.package_identification:_identify(src/ros2_controllers/joint_state_broadcaster) by extension 'ros'
[1.673s] DEBUG:colcon.colcon_core.package_identification:Package 'src/ros2_controllers/joint_state_broadcaster' with type 'ros.ament_cmake' and name 'joint_state_broadcaster'
[1.674s] Level 1:colcon.colcon_core.package_identification:_identify(src/ros2_controllers/joint_trajectory_controller) by extensions ['ignore', 'ignore_ament_install']
[1.674s] Level 1:colcon.colcon_core.package_identification:_identify(src/ros2_controllers/joint_trajectory_controller) by extension 'ignore'
[1.675s] Level 1:colcon.colcon_core.package_identification:_identify(src/ros2_controllers/joint_trajectory_controller) by extension 'ignore_ament_install'
[1.675s] Level 1:colcon.colcon_core.package_identification:_identify(src/ros2_controllers/joint_trajectory_controller) by extensions ['colcon_pkg']
[1.675s] Level 1:colcon.colcon_core.package_identification:_identify(src/ros2_controllers/joint_trajectory_controller) by extension 'colcon_pkg'
[1.675s] Level 1:colcon.colcon_core.package_identification:_identify(src/ros2_controllers/joint_trajectory_controller) by extensions ['colcon_meta']
[1.675s] Level 1:colcon.colcon_core.package_identification:_identify(src/ros2_controllers/joint_trajectory_controller) by extension 'colcon_meta'
[1.676s] Level 1:colcon.colcon_core.package_identification:_identify(src/ros2_controllers/joint_trajectory_controller) by extensions ['ros']
[1.676s] Level 1:colcon.colcon_core.package_identification:_identify(src/ros2_controllers/joint_trajectory_controller) by extension 'ros'
[1.682s] DEBUG:colcon.colcon_core.package_identification:Package 'src/ros2_controllers/joint_trajectory_controller' with type 'ros.ament_cmake' and name 'joint_trajectory_controller'
[1.683s] Level 1:colcon.colcon_core.package_identification:_identify(src/ros2_controllers/mecanum_drive_controller) by extensions ['ignore', 'ignore_ament_install']
[1.683s] Level 1:colcon.colcon_core.package_identification:_identify(src/ros2_controllers/mecanum_drive_controller) by extension 'ignore'
[1.683s] Level 1:colcon.colcon_core.package_identification:_identify(src/ros2_controllers/mecanum_drive_controller) by extension 'ignore_ament_install'
[1.684s] Level 1:colcon.colcon_core.package_identification:_identify(src/ros2_controllers/mecanum_drive_controller) by extensions ['colcon_pkg']
[1.684s] Level 1:colcon.colcon_core.package_identification:_identify(src/ros2_controllers/mecanum_drive_controller) by extension 'colcon_pkg'
[1.684s] Level 1:colcon.colcon_core.package_identification:_identify(src/ros2_controllers/mecanum_drive_controller) by extensions ['colcon_meta']
[1.684s] Level 1:colcon.colcon_core.package_identification:_identify(src/ros2_controllers/mecanum_drive_controller) by extension 'colcon_meta'
[1.684s] Level 1:colcon.colcon_core.package_identification:_identify(src/ros2_controllers/mecanum_drive_controller) by extensions ['ros']
[1.684s] Level 1:colcon.colcon_core.package_identification:_identify(src/ros2_controllers/mecanum_drive_controller) by extension 'ros'
[1.691s] DEBUG:colcon.colcon_core.package_identification:Package 'src/ros2_controllers/mecanum_drive_controller' with type 'ros.ament_cmake' and name 'mecanum_drive_controller'
[1.692s] Level 1:colcon.colcon_core.package_identification:_identify(src/ros2_controllers/pid_controller) by extensions ['ignore', 'ignore_ament_install']
[1.693s] Level 1:colcon.colcon_core.package_identification:_identify(src/ros2_controllers/pid_controller) by extension 'ignore'
[1.693s] Level 1:colcon.colcon_core.package_identification:_identify(src/ros2_controllers/pid_controller) by extension 'ignore_ament_install'
[1.693s] Level 1:colcon.colcon_core.package_identification:_identify(src/ros2_controllers/pid_controller) by extensions ['colcon_pkg']
[1.694s] Level 1:colcon.colcon_core.package_identification:_identify(src/ros2_controllers/pid_controller) by extension 'colcon_pkg'
[1.694s] Level 1:colcon.colcon_core.package_identification:_identify(src/ros2_controllers/pid_controller) by extensions ['colcon_meta']
[1.694s] Level 1:colcon.colcon_core.package_identification:_identify(src/ros2_controllers/pid_controller) by extension 'colcon_meta'
[1.694s] Level 1:colcon.colcon_core.package_identification:_identify(src/ros2_controllers/pid_controller) by extensions ['ros']
[1.694s] Level 1:colcon.colcon_core.package_identification:_identify(src/ros2_controllers/pid_controller) by extension 'ros'
[1.701s] DEBUG:colcon.colcon_core.package_identification:Package 'src/ros2_controllers/pid_controller' with type 'ros.ament_cmake' and name 'pid_controller'
[1.701s] Level 1:colcon.colcon_core.package_identification:_identify(src/ros2_controllers/pose_broadcaster) by extensions ['ignore', 'ignore_ament_install']
[1.702s] Level 1:colcon.colcon_core.package_identification:_identify(src/ros2_controllers/pose_broadcaster) by extension 'ignore'
[1.702s] Level 1:colcon.colcon_core.package_identification:_identify(src/ros2_controllers/pose_broadcaster) by extension 'ignore_ament_install'
[1.702s] Level 1:colcon.colcon_core.package_identification:_identify(src/ros2_controllers/pose_broadcaster) by extensions ['colcon_pkg']
[1.702s] Level 1:colcon.colcon_core.package_identification:_identify(src/ros2_controllers/pose_broadcaster) by extension 'colcon_pkg'
[1.703s] Level 1:colcon.colcon_core.package_identification:_identify(src/ros2_controllers/pose_broadcaster) by extensions ['colcon_meta']
[1.703s] Level 1:colcon.colcon_core.package_identification:_identify(src/ros2_controllers/pose_broadcaster) by extension 'colcon_meta'
[1.703s] Level 1:colcon.colcon_core.package_identification:_identify(src/ros2_controllers/pose_broadcaster) by extensions ['ros']
[1.703s] Level 1:colcon.colcon_core.package_identification:_identify(src/ros2_controllers/pose_broadcaster) by extension 'ros'
[1.708s] DEBUG:colcon.colcon_core.package_identification:Package 'src/ros2_controllers/pose_broadcaster' with type 'ros.ament_cmake' and name 'pose_broadcaster'
[1.709s] Level 1:colcon.colcon_core.package_identification:_identify(src/ros2_controllers/position_controllers) by extensions ['ignore', 'ignore_ament_install']
[1.709s] Level 1:colcon.colcon_core.package_identification:_identify(src/ros2_controllers/position_controllers) by extension 'ignore'
[1.709s] Level 1:colcon.colcon_core.package_identification:_identify(src/ros2_controllers/position_controllers) by extension 'ignore_ament_install'
[1.710s] Level 1:colcon.colcon_core.package_identification:_identify(src/ros2_controllers/position_controllers) by extensions ['colcon_pkg']
[1.710s] Level 1:colcon.colcon_core.package_identification:_identify(src/ros2_controllers/position_controllers) by extension 'colcon_pkg'
[1.710s] Level 1:colcon.colcon_core.package_identification:_identify(src/ros2_controllers/position_controllers) by extensions ['colcon_meta']
[1.710s] Level 1:colcon.colcon_core.package_identification:_identify(src/ros2_controllers/position_controllers) by extension 'colcon_meta'
[1.710s] Level 1:colcon.colcon_core.package_identification:_identify(src/ros2_controllers/position_controllers) by extensions ['ros']
[1.710s] Level 1:colcon.colcon_core.package_identification:_identify(src/ros2_controllers/position_controllers) by extension 'ros'
[1.714s] DEBUG:colcon.colcon_core.package_identification:Package 'src/ros2_controllers/position_controllers' with type 'ros.ament_cmake' and name 'position_controllers'
[1.715s] Level 1:colcon.colcon_core.package_identification:_identify(src/ros2_controllers/range_sensor_broadcaster) by extensions ['ignore', 'ignore_ament_install']
[1.715s] Level 1:colcon.colcon_core.package_identification:_identify(src/ros2_controllers/range_sensor_broadcaster) by extension 'ignore'
[1.715s] Level 1:colcon.colcon_core.package_identification:_identify(src/ros2_controllers/range_sensor_broadcaster) by extension 'ignore_ament_install'
[1.716s] Level 1:colcon.colcon_core.package_identification:_identify(src/ros2_controllers/range_sensor_broadcaster) by extensions ['colcon_pkg']
[1.716s] Level 1:colcon.colcon_core.package_identification:_identify(src/ros2_controllers/range_sensor_broadcaster) by extension 'colcon_pkg'
[1.716s] Level 1:colcon.colcon_core.package_identification:_identify(src/ros2_controllers/range_sensor_broadcaster) by extensions ['colcon_meta']
[1.716s] Level 1:colcon.colcon_core.package_identification:_identify(src/ros2_controllers/range_sensor_broadcaster) by extension 'colcon_meta'
[1.716s] Level 1:colcon.colcon_core.package_identification:_identify(src/ros2_controllers/range_sensor_broadcaster) by extensions ['ros']
[1.717s] Level 1:colcon.colcon_core.package_identification:_identify(src/ros2_controllers/range_sensor_broadcaster) by extension 'ros'
[1.721s] DEBUG:colcon.colcon_core.package_identification:Package 'src/ros2_controllers/range_sensor_broadcaster' with type 'ros.ament_cmake' and name 'range_sensor_broadcaster'
[1.722s] Level 1:colcon.colcon_core.package_identification:_identify(src/ros2_controllers/ros2_controllers) by extensions ['ignore', 'ignore_ament_install']
[1.722s] Level 1:colcon.colcon_core.package_identification:_identify(src/ros2_controllers/ros2_controllers) by extension 'ignore'
[1.723s] Level 1:colcon.colcon_core.package_identification:_identify(src/ros2_controllers/ros2_controllers) by extension 'ignore_ament_install'
[1.723s] Level 1:colcon.colcon_core.package_identification:_identify(src/ros2_controllers/ros2_controllers) by extensions ['colcon_pkg']
[1.723s] Level 1:colcon.colcon_core.package_identification:_identify(src/ros2_controllers/ros2_controllers) by extension 'colcon_pkg'
[1.723s] Level 1:colcon.colcon_core.package_identification:_identify(src/ros2_controllers/ros2_controllers) by extensions ['colcon_meta']
[1.723s] Level 1:colcon.colcon_core.package_identification:_identify(src/ros2_controllers/ros2_controllers) by extension 'colcon_meta'
[1.724s] Level 1:colcon.colcon_core.package_identification:_identify(src/ros2_controllers/ros2_controllers) by extensions ['ros']
[1.724s] Level 1:colcon.colcon_core.package_identification:_identify(src/ros2_controllers/ros2_controllers) by extension 'ros'
[1.727s] DEBUG:colcon.colcon_core.package_identification:Package 'src/ros2_controllers/ros2_controllers' with type 'ros.ament_cmake' and name 'ros2_controllers'
[1.728s] Level 1:colcon.colcon_core.package_identification:_identify(src/ros2_controllers/ros2_controllers_test_nodes) by extensions ['ignore', 'ignore_ament_install']
[1.728s] Level 1:colcon.colcon_core.package_identification:_identify(src/ros2_controllers/ros2_controllers_test_nodes) by extension 'ignore'
[1.728s] Level 1:colcon.colcon_core.package_identification:_identify(src/ros2_controllers/ros2_controllers_test_nodes) by extension 'ignore_ament_install'
[1.729s] Level 1:colcon.colcon_core.package_identification:_identify(src/ros2_controllers/ros2_controllers_test_nodes) by extensions ['colcon_pkg']
[1.729s] Level 1:colcon.colcon_core.package_identification:_identify(src/ros2_controllers/ros2_controllers_test_nodes) by extension 'colcon_pkg'
[1.729s] Level 1:colcon.colcon_core.package_identification:_identify(src/ros2_controllers/ros2_controllers_test_nodes) by extensions ['colcon_meta']
[1.729s] Level 1:colcon.colcon_core.package_identification:_identify(src/ros2_controllers/ros2_controllers_test_nodes) by extension 'colcon_meta'
[1.729s] Level 1:colcon.colcon_core.package_identification:_identify(src/ros2_controllers/ros2_controllers_test_nodes) by extensions ['ros']
[1.729s] Level 1:colcon.colcon_core.package_identification:_identify(src/ros2_controllers/ros2_controllers_test_nodes) by extension 'ros'
[1.736s] DEBUG:colcon.colcon_core.package_identification:Package 'src/ros2_controllers/ros2_controllers_test_nodes' with type 'ros.ament_python' and name 'ros2_controllers_test_nodes'
[1.736s] Level 1:colcon.colcon_core.package_identification:_identify(src/ros2_controllers/rqt_joint_trajectory_controller) by extensions ['ignore', 'ignore_ament_install']
[1.737s] Level 1:colcon.colcon_core.package_identification:_identify(src/ros2_controllers/rqt_joint_trajectory_controller) by extension 'ignore'
[1.737s] Level 1:colcon.colcon_core.package_identification:_identify(src/ros2_controllers/rqt_joint_trajectory_controller) by extension 'ignore_ament_install'
[1.737s] Level 1:colcon.colcon_core.package_identification:_identify(src/ros2_controllers/rqt_joint_trajectory_controller) by extensions ['colcon_pkg']
[1.737s] Level 1:colcon.colcon_core.package_identification:_identify(src/ros2_controllers/rqt_joint_trajectory_controller) by extension 'colcon_pkg'
[1.738s] Level 1:colcon.colcon_core.package_identification:_identify(src/ros2_controllers/rqt_joint_trajectory_controller) by extensions ['colcon_meta']
[1.738s] Level 1:colcon.colcon_core.package_identification:_identify(src/ros2_controllers/rqt_joint_trajectory_controller) by extension 'colcon_meta'
[1.738s] Level 1:colcon.colcon_core.package_identification:_identify(src/ros2_controllers/rqt_joint_trajectory_controller) by extensions ['ros']
[1.738s] Level 1:colcon.colcon_core.package_identification:_identify(src/ros2_controllers/rqt_joint_trajectory_controller) by extension 'ros'
[1.741s] DEBUG:colcon.colcon_core.package_identification:Package 'src/ros2_controllers/rqt_joint_trajectory_controller' with type 'ros.ament_python' and name 'rqt_joint_trajectory_controller'
[1.742s] Level 1:colcon.colcon_core.package_identification:_identify(src/ros2_controllers/steering_controllers_library) by extensions ['ignore', 'ignore_ament_install']
[1.742s] Level 1:colcon.colcon_core.package_identification:_identify(src/ros2_controllers/steering_controllers_library) by extension 'ignore'
[1.742s] Level 1:colcon.colcon_core.package_identification:_identify(src/ros2_controllers/steering_controllers_library) by extension 'ignore_ament_install'
[1.742s] Level 1:colcon.colcon_core.package_identification:_identify(src/ros2_controllers/steering_controllers_library) by extensions ['colcon_pkg']
[1.742s] Level 1:colcon.colcon_core.package_identification:_identify(src/ros2_controllers/steering_controllers_library) by extension 'colcon_pkg'
[1.743s] Level 1:colcon.colcon_core.package_identification:_identify(src/ros2_controllers/steering_controllers_library) by extensions ['colcon_meta']
[1.743s] Level 1:colcon.colcon_core.package_identification:_identify(src/ros2_controllers/steering_controllers_library) by extension 'colcon_meta'
[1.743s] Level 1:colcon.colcon_core.package_identification:_identify(src/ros2_controllers/steering_controllers_library) by extensions ['ros']
[1.743s] Level 1:colcon.colcon_core.package_identification:_identify(src/ros2_controllers/steering_controllers_library) by extension 'ros'
[1.751s] DEBUG:colcon.colcon_core.package_identification:Package 'src/ros2_controllers/steering_controllers_library' with type 'ros.ament_cmake' and name 'steering_controllers_library'
[1.751s] Level 1:colcon.colcon_core.package_identification:_identify(src/ros2_controllers/tricycle_controller) by extensions ['ignore', 'ignore_ament_install']
[1.752s] Level 1:colcon.colcon_core.package_identification:_identify(src/ros2_controllers/tricycle_controller) by extension 'ignore'
[1.752s] Level 1:colcon.colcon_core.package_identification:_identify(src/ros2_controllers/tricycle_controller) by extension 'ignore_ament_install'
[1.752s] Level 1:colcon.colcon_core.package_identification:_identify(src/ros2_controllers/tricycle_controller) by extensions ['colcon_pkg']
[1.752s] Level 1:colcon.colcon_core.package_identification:_identify(src/ros2_controllers/tricycle_controller) by extension 'colcon_pkg'
[1.753s] Level 1:colcon.colcon_core.package_identification:_identify(src/ros2_controllers/tricycle_controller) by extensions ['colcon_meta']
[1.753s] Level 1:colcon.colcon_core.package_identification:_identify(src/ros2_controllers/tricycle_controller) by extension 'colcon_meta'
[1.753s] Level 1:colcon.colcon_core.package_identification:_identify(src/ros2_controllers/tricycle_controller) by extensions ['ros']
[1.753s] Level 1:colcon.colcon_core.package_identification:_identify(src/ros2_controllers/tricycle_controller) by extension 'ros'
[1.794s] DEBUG:colcon.colcon_core.package_identification:Package 'src/ros2_controllers/tricycle_controller' with type 'ros.ament_cmake' and name 'tricycle_controller'
[1.795s] Level 1:colcon.colcon_core.package_identification:_identify(src/ros2_controllers/tricycle_steering_controller) by extensions ['ignore', 'ignore_ament_install']
[1.795s] Level 1:colcon.colcon_core.package_identification:_identify(src/ros2_controllers/tricycle_steering_controller) by extension 'ignore'
[1.795s] Level 1:colcon.colcon_core.package_identification:_identify(src/ros2_controllers/tricycle_steering_controller) by extension 'ignore_ament_install'
[1.795s] Level 1:colcon.colcon_core.package_identification:_identify(src/ros2_controllers/tricycle_steering_controller) by extensions ['colcon_pkg']
[1.796s] Level 1:colcon.colcon_core.package_identification:_identify(src/ros2_controllers/tricycle_steering_controller) by extension 'colcon_pkg'
[1.796s] Level 1:colcon.colcon_core.package_identification:_identify(src/ros2_controllers/tricycle_steering_controller) by extensions ['colcon_meta']
[1.796s] Level 1:colcon.colcon_core.package_identification:_identify(src/ros2_controllers/tricycle_steering_controller) by extension 'colcon_meta'
[1.796s] Level 1:colcon.colcon_core.package_identification:_identify(src/ros2_controllers/tricycle_steering_controller) by extensions ['ros']
[1.796s] Level 1:colcon.colcon_core.package_identification:_identify(src/ros2_controllers/tricycle_steering_controller) by extension 'ros'
[1.801s] DEBUG:colcon.colcon_core.package_identification:Package 'src/ros2_controllers/tricycle_steering_controller' with type 'ros.ament_cmake' and name 'tricycle_steering_controller'
[1.802s] Level 1:colcon.colcon_core.package_identification:_identify(src/ros2_controllers/velocity_controllers) by extensions ['ignore', 'ignore_ament_install']
[1.802s] Level 1:colcon.colcon_core.package_identification:_identify(src/ros2_controllers/velocity_controllers) by extension 'ignore'
[1.803s] Level 1:colcon.colcon_core.package_identification:_identify(src/ros2_controllers/velocity_controllers) by extension 'ignore_ament_install'
[1.803s] Level 1:colcon.colcon_core.package_identification:_identify(src/ros2_controllers/velocity_controllers) by extensions ['colcon_pkg']
[1.803s] Level 1:colcon.colcon_core.package_identification:_identify(src/ros2_controllers/velocity_controllers) by extension 'colcon_pkg'
[1.803s] Level 1:colcon.colcon_core.package_identification:_identify(src/ros2_controllers/velocity_controllers) by extensions ['colcon_meta']
[1.803s] Level 1:colcon.colcon_core.package_identification:_identify(src/ros2_controllers/velocity_controllers) by extension 'colcon_meta'
[1.804s] Level 1:colcon.colcon_core.package_identification:_identify(src/ros2_controllers/velocity_controllers) by extensions ['ros']
[1.804s] Level 1:colcon.colcon_core.package_identification:_identify(src/ros2_controllers/velocity_controllers) by extension 'ros'
[1.808s] DEBUG:colcon.colcon_core.package_identification:Package 'src/ros2_controllers/velocity_controllers' with type 'ros.ament_cmake' and name 'velocity_controllers'
[1.808s] Level 1:colcon.colcon_core.package_identification:_identify(src/twist_converter) by extensions ['ignore', 'ignore_ament_install']
[1.809s] Level 1:colcon.colcon_core.package_identification:_identify(src/twist_converter) by extension 'ignore'
[1.809s] Level 1:colcon.colcon_core.package_identification:_identify(src/twist_converter) by extension 'ignore_ament_install'
[1.809s] Level 1:colcon.colcon_core.package_identification:_identify(src/twist_converter) by extensions ['colcon_pkg']
[1.809s] Level 1:colcon.colcon_core.package_identification:_identify(src/twist_converter) by extension 'colcon_pkg'
[1.810s] Level 1:colcon.colcon_core.package_identification:_identify(src/twist_converter) by extensions ['colcon_meta']
[1.810s] Level 1:colcon.colcon_core.package_identification:_identify(src/twist_converter) by extension 'colcon_meta'
[1.810s] Level 1:colcon.colcon_core.package_identification:_identify(src/twist_converter) by extensions ['ros']
[1.810s] Level 1:colcon.colcon_core.package_identification:_identify(src/twist_converter) by extension 'ros'
[1.812s] DEBUG:colcon.colcon_core.package_identification:Package 'src/twist_converter' with type 'ros.ament_python' and name 'twist_converter'
[1.812s] Level 1:colcon.colcon_core.package_discovery:discover_packages(recursive) using defaults
[1.812s] Level 1:colcon.colcon_core.package_discovery:discover_packages(ignore) discover
[1.813s] Level 1:colcon.colcon_core.package_discovery:discover_packages(ignore) using defaults
[1.813s] Level 1:colcon.colcon_core.package_discovery:discover_packages(path) discover
[1.813s] Level 1:colcon.colcon_core.package_discovery:discover_packages(path) using defaults
[2.652s] Level 1:colcon.colcon_core.package_discovery:discover_packages(prefix_path) check parameters
[2.652s] Level 1:colcon.colcon_core.package_discovery:discover_packages(prefix_path) discover
[2.665s] DEBUG:colcon.colcon_installed_package_information.package_discovery:Found 224 installed packages in /opt/ros/humble
[2.670s] Level 1:colcon.colcon_core.package_discovery:discover_packages(prefix_path) using defaults
[2.787s] WARNING:colcon.colcon_core.package_selection:Some selected packages are already built in one or more underlay workspaces:
	'control_msgs' is in: /opt/ros/humble
If a package in a merged underlay workspace is overridden and it installs headers, then all packages in the overlay must sort their include directories by workspace order. Failure to do so may result in build failures or undefined behavior at run time.
If the overridden package is used by another package in any underlay, then the overriding package in the overlay must be API and ABI compatible or undefined behavior at run time may occur.

If you understand the risks and want to override a package anyways, add the following to the command line:
	--allow-overriding control_msgs

This may be promoted to an error in a future release of colcon-override-check.
[2.791s] Level 5:colcon.colcon_core.verb:set package 'columbus' build argument 'cmake_args' from command line to 'None'
[2.791s] Level 5:colcon.colcon_core.verb:set package 'columbus' build argument 'cmake_target' from command line to 'None'
[2.791s] Level 5:colcon.colcon_core.verb:set package 'columbus' build argument 'cmake_target_skip_unavailable' from command line to 'False'
[2.791s] Level 5:colcon.colcon_core.verb:set package 'columbus' build argument 'cmake_clean_cache' from command line to 'False'
[2.791s] Level 5:colcon.colcon_core.verb:set package 'columbus' build argument 'cmake_clean_first' from command line to 'False'
[2.791s] Level 5:colcon.colcon_core.verb:set package 'columbus' build argument 'cmake_force_configure' from command line to 'False'
[2.791s] Level 5:colcon.colcon_core.verb:set package 'columbus' build argument 'ament_cmake_args' from command line to 'None'
[2.792s] Level 5:colcon.colcon_core.verb:set package 'columbus' build argument 'catkin_cmake_args' from command line to 'None'
[2.792s] Level 5:colcon.colcon_core.verb:set package 'columbus' build argument 'catkin_skip_building_tests' from command line to 'False'
[2.792s] DEBUG:colcon.colcon_core.verb:Building package 'columbus' with the following arguments: {'ament_cmake_args': None, 'build_base': '/home/pinet/SLAM_AGV/workspace/build/columbus', 'catkin_cmake_args': None, 'catkin_skip_building_tests': False, 'cmake_args': None, 'cmake_clean_cache': False, 'cmake_clean_first': False, 'cmake_force_configure': False, 'cmake_target': None, 'cmake_target_skip_unavailable': False, 'install_base': '/home/pinet/SLAM_AGV/workspace/install/columbus', 'merge_install': False, 'path': '/home/pinet/SLAM_AGV/workspace/src/columbus', 'symlink_install': True, 'test_result_base': None}
[2.793s] Level 5:colcon.colcon_core.verb:set package 'control_msgs' build argument 'cmake_args' from command line to 'None'
[2.793s] Level 5:colcon.colcon_core.verb:set package 'control_msgs' build argument 'cmake_target' from command line to 'None'
[2.794s] Level 5:colcon.colcon_core.verb:set package 'control_msgs' build argument 'cmake_target_skip_unavailable' from command line to 'False'
[2.794s] Level 5:colcon.colcon_core.verb:set package 'control_msgs' build argument 'cmake_clean_cache' from command line to 'False'
[2.794s] Level 5:colcon.colcon_core.verb:set package 'control_msgs' build argument 'cmake_clean_first' from command line to 'False'
[2.794s] Level 5:colcon.colcon_core.verb:set package 'control_msgs' build argument 'cmake_force_configure' from command line to 'False'
[2.794s] Level 5:colcon.colcon_core.verb:set package 'control_msgs' build argument 'ament_cmake_args' from command line to 'None'
[2.794s] Level 5:colcon.colcon_core.verb:set package 'control_msgs' build argument 'catkin_cmake_args' from command line to 'None'
[2.794s] Level 5:colcon.colcon_core.verb:set package 'control_msgs' build argument 'catkin_skip_building_tests' from command line to 'False'
[2.794s] DEBUG:colcon.colcon_core.verb:Building package 'control_msgs' with the following arguments: {'ament_cmake_args': None, 'build_base': '/home/pinet/SLAM_AGV/workspace/build/control_msgs', 'catkin_cmake_args': None, 'catkin_skip_building_tests': False, 'cmake_args': None, 'cmake_clean_cache': False, 'cmake_clean_first': False, 'cmake_force_configure': False, 'cmake_target': None, 'cmake_target_skip_unavailable': False, 'install_base': '/home/pinet/SLAM_AGV/workspace/install/control_msgs', 'merge_install': False, 'path': '/home/pinet/SLAM_AGV/workspace/src/control_msgs/control_msgs', 'symlink_install': True, 'test_result_base': None}
[2.796s] Level 5:colcon.colcon_core.verb:set package 'controller_manager_msgs' build argument 'cmake_args' from command line to 'None'
[2.796s] Level 5:colcon.colcon_core.verb:set package 'controller_manager_msgs' build argument 'cmake_target' from command line to 'None'
[2.796s] Level 5:colcon.colcon_core.verb:set package 'controller_manager_msgs' build argument 'cmake_target_skip_unavailable' from command line to 'False'
[2.796s] Level 5:colcon.colcon_core.verb:set package 'controller_manager_msgs' build argument 'cmake_clean_cache' from command line to 'False'
[2.796s] Level 5:colcon.colcon_core.verb:set package 'controller_manager_msgs' build argument 'cmake_clean_first' from command line to 'False'
[2.796s] Level 5:colcon.colcon_core.verb:set package 'controller_manager_msgs' build argument 'cmake_force_configure' from command line to 'False'
[2.796s] Level 5:colcon.colcon_core.verb:set package 'controller_manager_msgs' build argument 'ament_cmake_args' from command line to 'None'
[2.797s] Level 5:colcon.colcon_core.verb:set package 'controller_manager_msgs' build argument 'catkin_cmake_args' from command line to 'None'
[2.797s] Level 5:colcon.colcon_core.verb:set package 'controller_manager_msgs' build argument 'catkin_skip_building_tests' from command line to 'False'
[2.797s] DEBUG:colcon.colcon_core.verb:Building package 'controller_manager_msgs' with the following arguments: {'ament_cmake_args': None, 'build_base': '/home/pinet/SLAM_AGV/workspace/build/controller_manager_msgs', 'catkin_cmake_args': None, 'catkin_skip_building_tests': False, 'cmake_args': None, 'cmake_clean_cache': False, 'cmake_clean_first': False, 'cmake_force_configure': False, 'cmake_target': None, 'cmake_target_skip_unavailable': False, 'install_base': '/home/pinet/SLAM_AGV/workspace/install/controller_manager_msgs', 'merge_install': False, 'path': '/home/pinet/SLAM_AGV/workspace/src/ros2_control/controller_manager_msgs', 'symlink_install': True, 'test_result_base': None}
[2.798s] Level 5:colcon.colcon_core.verb:set package 'joint_limits' build argument 'cmake_args' from command line to 'None'
[2.798s] Level 5:colcon.colcon_core.verb:set package 'joint_limits' build argument 'cmake_target' from command line to 'None'
[2.799s] Level 5:colcon.colcon_core.verb:set package 'joint_limits' build argument 'cmake_target_skip_unavailable' from command line to 'False'
[2.799s] Level 5:colcon.colcon_core.verb:set package 'joint_limits' build argument 'cmake_clean_cache' from command line to 'False'
[2.799s] Level 5:colcon.colcon_core.verb:set package 'joint_limits' build argument 'cmake_clean_first' from command line to 'False'
[2.799s] Level 5:colcon.colcon_core.verb:set package 'joint_limits' build argument 'cmake_force_configure' from command line to 'False'
[2.799s] Level 5:colcon.colcon_core.verb:set package 'joint_limits' build argument 'ament_cmake_args' from command line to 'None'
[2.799s] Level 5:colcon.colcon_core.verb:set package 'joint_limits' build argument 'catkin_cmake_args' from command line to 'None'
[2.799s] Level 5:colcon.colcon_core.verb:set package 'joint_limits' build argument 'catkin_skip_building_tests' from command line to 'False'
[2.799s] DEBUG:colcon.colcon_core.verb:Building package 'joint_limits' with the following arguments: {'ament_cmake_args': None, 'build_base': '/home/pinet/SLAM_AGV/workspace/build/joint_limits', 'catkin_cmake_args': None, 'catkin_skip_building_tests': False, 'cmake_args': None, 'cmake_clean_cache': False, 'cmake_clean_first': False, 'cmake_force_configure': False, 'cmake_target': None, 'cmake_target_skip_unavailable': False, 'install_base': '/home/pinet/SLAM_AGV/workspace/install/joint_limits', 'merge_install': False, 'path': '/home/pinet/SLAM_AGV/workspace/src/ros2_control/joint_limits', 'symlink_install': True, 'test_result_base': None}
[2.801s] Level 5:colcon.colcon_core.verb:set package 'joy_tester' build argument 'cmake_args' from command line to 'None'
[2.801s] Level 5:colcon.colcon_core.verb:set package 'joy_tester' build argument 'cmake_target' from command line to 'None'
[2.801s] Level 5:colcon.colcon_core.verb:set package 'joy_tester' build argument 'cmake_target_skip_unavailable' from command line to 'False'
[2.801s] Level 5:colcon.colcon_core.verb:set package 'joy_tester' build argument 'cmake_clean_cache' from command line to 'False'
[2.801s] Level 5:colcon.colcon_core.verb:set package 'joy_tester' build argument 'cmake_clean_first' from command line to 'False'
[2.801s] Level 5:colcon.colcon_core.verb:set package 'joy_tester' build argument 'cmake_force_configure' from command line to 'False'
[2.801s] Level 5:colcon.colcon_core.verb:set package 'joy_tester' build argument 'ament_cmake_args' from command line to 'None'
[2.802s] Level 5:colcon.colcon_core.verb:set package 'joy_tester' build argument 'catkin_cmake_args' from command line to 'None'
[2.802s] Level 5:colcon.colcon_core.verb:set package 'joy_tester' build argument 'catkin_skip_building_tests' from command line to 'False'
[2.802s] DEBUG:colcon.colcon_core.verb:Building package 'joy_tester' with the following arguments: {'ament_cmake_args': None, 'build_base': '/home/pinet/SLAM_AGV/workspace/build/joy_tester', 'catkin_cmake_args': None, 'catkin_skip_building_tests': False, 'cmake_args': None, 'cmake_clean_cache': False, 'cmake_clean_first': False, 'cmake_force_configure': False, 'cmake_target': None, 'cmake_target_skip_unavailable': False, 'install_base': '/home/pinet/SLAM_AGV/workspace/install/joy_tester', 'merge_install': False, 'path': '/home/pinet/SLAM_AGV/workspace/src/joy_tester', 'symlink_install': True, 'test_result_base': None}
[2.803s] Level 5:colcon.colcon_core.verb:set package 'pi2stm_comms' build argument 'cmake_args' from command line to 'None'
[2.803s] Level 5:colcon.colcon_core.verb:set package 'pi2stm_comms' build argument 'cmake_target' from command line to 'None'
[2.803s] Level 5:colcon.colcon_core.verb:set package 'pi2stm_comms' build argument 'cmake_target_skip_unavailable' from command line to 'False'
[2.804s] Level 5:colcon.colcon_core.verb:set package 'pi2stm_comms' build argument 'cmake_clean_cache' from command line to 'False'
[2.804s] Level 5:colcon.colcon_core.verb:set package 'pi2stm_comms' build argument 'cmake_clean_first' from command line to 'False'
[2.804s] Level 5:colcon.colcon_core.verb:set package 'pi2stm_comms' build argument 'cmake_force_configure' from command line to 'False'
[2.804s] Level 5:colcon.colcon_core.verb:set package 'pi2stm_comms' build argument 'ament_cmake_args' from command line to 'None'
[2.804s] Level 5:colcon.colcon_core.verb:set package 'pi2stm_comms' build argument 'catkin_cmake_args' from command line to 'None'
[2.804s] Level 5:colcon.colcon_core.verb:set package 'pi2stm_comms' build argument 'catkin_skip_building_tests' from command line to 'False'
[2.804s] DEBUG:colcon.colcon_core.verb:Building package 'pi2stm_comms' with the following arguments: {'ament_cmake_args': None, 'build_base': '/home/pinet/SLAM_AGV/workspace/build/pi2stm_comms', 'catkin_cmake_args': None, 'catkin_skip_building_tests': False, 'cmake_args': None, 'cmake_clean_cache': False, 'cmake_clean_first': False, 'cmake_force_configure': False, 'cmake_target': None, 'cmake_target_skip_unavailable': False, 'install_base': '/home/pinet/SLAM_AGV/workspace/install/pi2stm_comms', 'merge_install': False, 'path': '/home/pinet/SLAM_AGV/workspace/src/pi2stm_comms', 'symlink_install': True, 'test_result_base': None}
[2.806s] Level 5:colcon.colcon_core.verb:set package 'ros2_control_test_assets' build argument 'cmake_args' from command line to 'None'
[2.806s] Level 5:colcon.colcon_core.verb:set package 'ros2_control_test_assets' build argument 'cmake_target' from command line to 'None'
[2.806s] Level 5:colcon.colcon_core.verb:set package 'ros2_control_test_assets' build argument 'cmake_target_skip_unavailable' from command line to 'False'
[2.806s] Level 5:colcon.colcon_core.verb:set package 'ros2_control_test_assets' build argument 'cmake_clean_cache' from command line to 'False'
[2.806s] Level 5:colcon.colcon_core.verb:set package 'ros2_control_test_assets' build argument 'cmake_clean_first' from command line to 'False'
[2.806s] Level 5:colcon.colcon_core.verb:set package 'ros2_control_test_assets' build argument 'cmake_force_configure' from command line to 'False'
[2.806s] Level 5:colcon.colcon_core.verb:set package 'ros2_control_test_assets' build argument 'ament_cmake_args' from command line to 'None'
[2.806s] Level 5:colcon.colcon_core.verb:set package 'ros2_control_test_assets' build argument 'catkin_cmake_args' from command line to 'None'
[2.806s] Level 5:colcon.colcon_core.verb:set package 'ros2_control_test_assets' build argument 'catkin_skip_building_tests' from command line to 'False'
[2.807s] DEBUG:colcon.colcon_core.verb:Building package 'ros2_control_test_assets' with the following arguments: {'ament_cmake_args': None, 'build_base': '/home/pinet/SLAM_AGV/workspace/build/ros2_control_test_assets', 'catkin_cmake_args': None, 'catkin_skip_building_tests': False, 'cmake_args': None, 'cmake_clean_cache': False, 'cmake_clean_first': False, 'cmake_force_configure': False, 'cmake_target': None, 'cmake_target_skip_unavailable': False, 'install_base': '/home/pinet/SLAM_AGV/workspace/install/ros2_control_test_assets', 'merge_install': False, 'path': '/home/pinet/SLAM_AGV/workspace/src/ros2_control/ros2_control_test_assets', 'symlink_install': True, 'test_result_base': None}
[2.808s] Level 5:colcon.colcon_core.verb:set package 'ros2_controllers_test_nodes' build argument 'cmake_args' from command line to 'None'
[2.808s] Level 5:colcon.colcon_core.verb:set package 'ros2_controllers_test_nodes' build argument 'cmake_target' from command line to 'None'
[2.808s] Level 5:colcon.colcon_core.verb:set package 'ros2_controllers_test_nodes' build argument 'cmake_target_skip_unavailable' from command line to 'False'
[2.808s] Level 5:colcon.colcon_core.verb:set package 'ros2_controllers_test_nodes' build argument 'cmake_clean_cache' from command line to 'False'
[2.808s] Level 5:colcon.colcon_core.verb:set package 'ros2_controllers_test_nodes' build argument 'cmake_clean_first' from command line to 'False'
[2.809s] Level 5:colcon.colcon_core.verb:set package 'ros2_controllers_test_nodes' build argument 'cmake_force_configure' from command line to 'False'
[2.809s] Level 5:colcon.colcon_core.verb:set package 'ros2_controllers_test_nodes' build argument 'ament_cmake_args' from command line to 'None'
[2.809s] Level 5:colcon.colcon_core.verb:set package 'ros2_controllers_test_nodes' build argument 'catkin_cmake_args' from command line to 'None'
[2.809s] Level 5:colcon.colcon_core.verb:set package 'ros2_controllers_test_nodes' build argument 'catkin_skip_building_tests' from command line to 'False'
[2.809s] DEBUG:colcon.colcon_core.verb:Building package 'ros2_controllers_test_nodes' with the following arguments: {'ament_cmake_args': None, 'build_base': '/home/pinet/SLAM_AGV/workspace/build/ros2_controllers_test_nodes', 'catkin_cmake_args': None, 'catkin_skip_building_tests': False, 'cmake_args': None, 'cmake_clean_cache': False, 'cmake_clean_first': False, 'cmake_force_configure': False, 'cmake_target': None, 'cmake_target_skip_unavailable': False, 'install_base': '/home/pinet/SLAM_AGV/workspace/install/ros2_controllers_test_nodes', 'merge_install': False, 'path': '/home/pinet/SLAM_AGV/workspace/src/ros2_controllers/ros2_controllers_test_nodes', 'symlink_install': True, 'test_result_base': None}
[2.810s] Level 5:colcon.colcon_core.verb:set package 'twist_converter' build argument 'cmake_args' from command line to 'None'
[2.811s] Level 5:colcon.colcon_core.verb:set package 'twist_converter' build argument 'cmake_target' from command line to 'None'
[2.811s] Level 5:colcon.colcon_core.verb:set package 'twist_converter' build argument 'cmake_target_skip_unavailable' from command line to 'False'
[2.811s] Level 5:colcon.colcon_core.verb:set package 'twist_converter' build argument 'cmake_clean_cache' from command line to 'False'
[2.811s] Level 5:colcon.colcon_core.verb:set package 'twist_converter' build argument 'cmake_clean_first' from command line to 'False'
[2.811s] Level 5:colcon.colcon_core.verb:set package 'twist_converter' build argument 'cmake_force_configure' from command line to 'False'
[2.811s] Level 5:colcon.colcon_core.verb:set package 'twist_converter' build argument 'ament_cmake_args' from command line to 'None'
[2.811s] Level 5:colcon.colcon_core.verb:set package 'twist_converter' build argument 'catkin_cmake_args' from command line to 'None'
[2.811s] Level 5:colcon.colcon_core.verb:set package 'twist_converter' build argument 'catkin_skip_building_tests' from command line to 'False'
[2.811s] DEBUG:colcon.colcon_core.verb:Building package 'twist_converter' with the following arguments: {'ament_cmake_args': None, 'build_base': '/home/pinet/SLAM_AGV/workspace/build/twist_converter', 'catkin_cmake_args': None, 'catkin_skip_building_tests': False, 'cmake_args': None, 'cmake_clean_cache': False, 'cmake_clean_first': False, 'cmake_force_configure': False, 'cmake_target': None, 'cmake_target_skip_unavailable': False, 'install_base': '/home/pinet/SLAM_AGV/workspace/install/twist_converter', 'merge_install': False, 'path': '/home/pinet/SLAM_AGV/workspace/src/twist_converter', 'symlink_install': True, 'test_result_base': None}
[2.813s] Level 5:colcon.colcon_core.verb:set package 'hardware_interface' build argument 'cmake_args' from command line to 'None'
[2.813s] Level 5:colcon.colcon_core.verb:set package 'hardware_interface' build argument 'cmake_target' from command line to 'None'
[2.813s] Level 5:colcon.colcon_core.verb:set package 'hardware_interface' build argument 'cmake_target_skip_unavailable' from command line to 'False'
[2.813s] Level 5:colcon.colcon_core.verb:set package 'hardware_interface' build argument 'cmake_clean_cache' from command line to 'False'
[2.813s] Level 5:colcon.colcon_core.verb:set package 'hardware_interface' build argument 'cmake_clean_first' from command line to 'False'
[2.813s] Level 5:colcon.colcon_core.verb:set package 'hardware_interface' build argument 'cmake_force_configure' from command line to 'False'
[2.813s] Level 5:colcon.colcon_core.verb:set package 'hardware_interface' build argument 'ament_cmake_args' from command line to 'None'
[2.814s] Level 5:colcon.colcon_core.verb:set package 'hardware_interface' build argument 'catkin_cmake_args' from command line to 'None'
[2.814s] Level 5:colcon.colcon_core.verb:set package 'hardware_interface' build argument 'catkin_skip_building_tests' from command line to 'False'
[2.814s] DEBUG:colcon.colcon_core.verb:Building package 'hardware_interface' with the following arguments: {'ament_cmake_args': None, 'build_base': '/home/pinet/SLAM_AGV/workspace/build/hardware_interface', 'catkin_cmake_args': None, 'catkin_skip_building_tests': False, 'cmake_args': None, 'cmake_clean_cache': False, 'cmake_clean_first': False, 'cmake_force_configure': False, 'cmake_target': None, 'cmake_target_skip_unavailable': False, 'install_base': '/home/pinet/SLAM_AGV/workspace/install/hardware_interface', 'merge_install': False, 'path': '/home/pinet/SLAM_AGV/workspace/src/ros2_control/hardware_interface', 'symlink_install': True, 'test_result_base': None}
[2.815s] Level 5:colcon.colcon_core.verb:set package 'rqt_joint_trajectory_controller' build argument 'cmake_args' from command line to 'None'
[2.815s] Level 5:colcon.colcon_core.verb:set package 'rqt_joint_trajectory_controller' build argument 'cmake_target' from command line to 'None'
[2.815s] Level 5:colcon.colcon_core.verb:set package 'rqt_joint_trajectory_controller' build argument 'cmake_target_skip_unavailable' from command line to 'False'
[2.816s] Level 5:colcon.colcon_core.verb:set package 'rqt_joint_trajectory_controller' build argument 'cmake_clean_cache' from command line to 'False'
[2.816s] Level 5:colcon.colcon_core.verb:set package 'rqt_joint_trajectory_controller' build argument 'cmake_clean_first' from command line to 'False'
[2.816s] Level 5:colcon.colcon_core.verb:set package 'rqt_joint_trajectory_controller' build argument 'cmake_force_configure' from command line to 'False'
[2.816s] Level 5:colcon.colcon_core.verb:set package 'rqt_joint_trajectory_controller' build argument 'ament_cmake_args' from command line to 'None'
[2.816s] Level 5:colcon.colcon_core.verb:set package 'rqt_joint_trajectory_controller' build argument 'catkin_cmake_args' from command line to 'None'
[2.816s] Level 5:colcon.colcon_core.verb:set package 'rqt_joint_trajectory_controller' build argument 'catkin_skip_building_tests' from command line to 'False'
[2.816s] DEBUG:colcon.colcon_core.verb:Building package 'rqt_joint_trajectory_controller' with the following arguments: {'ament_cmake_args': None, 'build_base': '/home/pinet/SLAM_AGV/workspace/build/rqt_joint_trajectory_controller', 'catkin_cmake_args': None, 'catkin_skip_building_tests': False, 'cmake_args': None, 'cmake_clean_cache': False, 'cmake_clean_first': False, 'cmake_force_configure': False, 'cmake_target': None, 'cmake_target_skip_unavailable': False, 'install_base': '/home/pinet/SLAM_AGV/workspace/install/rqt_joint_trajectory_controller', 'merge_install': False, 'path': '/home/pinet/SLAM_AGV/workspace/src/ros2_controllers/rqt_joint_trajectory_controller', 'symlink_install': True, 'test_result_base': None}
[2.818s] Level 5:colcon.colcon_core.verb:set package 'controller_interface' build argument 'cmake_args' from command line to 'None'
[2.818s] Level 5:colcon.colcon_core.verb:set package 'controller_interface' build argument 'cmake_target' from command line to 'None'
[2.818s] Level 5:colcon.colcon_core.verb:set package 'controller_interface' build argument 'cmake_target_skip_unavailable' from command line to 'False'
[2.818s] Level 5:colcon.colcon_core.verb:set package 'controller_interface' build argument 'cmake_clean_cache' from command line to 'False'
[2.818s] Level 5:colcon.colcon_core.verb:set package 'controller_interface' build argument 'cmake_clean_first' from command line to 'False'
[2.818s] Level 5:colcon.colcon_core.verb:set package 'controller_interface' build argument 'cmake_force_configure' from command line to 'False'
[2.818s] Level 5:colcon.colcon_core.verb:set package 'controller_interface' build argument 'ament_cmake_args' from command line to 'None'
[2.818s] Level 5:colcon.colcon_core.verb:set package 'controller_interface' build argument 'catkin_cmake_args' from command line to 'None'
[2.818s] Level 5:colcon.colcon_core.verb:set package 'controller_interface' build argument 'catkin_skip_building_tests' from command line to 'False'
[2.819s] DEBUG:colcon.colcon_core.verb:Building package 'controller_interface' with the following arguments: {'ament_cmake_args': None, 'build_base': '/home/pinet/SLAM_AGV/workspace/build/controller_interface', 'catkin_cmake_args': None, 'catkin_skip_building_tests': False, 'cmake_args': None, 'cmake_clean_cache': False, 'cmake_clean_first': False, 'cmake_force_configure': False, 'cmake_target': None, 'cmake_target_skip_unavailable': False, 'install_base': '/home/pinet/SLAM_AGV/workspace/install/controller_interface', 'merge_install': False, 'path': '/home/pinet/SLAM_AGV/workspace/src/ros2_control/controller_interface', 'symlink_install': True, 'test_result_base': None}
[2.820s] Level 5:colcon.colcon_core.verb:set package 'hardware_interface_testing' build argument 'cmake_args' from command line to 'None'
[2.820s] Level 5:colcon.colcon_core.verb:set package 'hardware_interface_testing' build argument 'cmake_target' from command line to 'None'
[2.820s] Level 5:colcon.colcon_core.verb:set package 'hardware_interface_testing' build argument 'cmake_target_skip_unavailable' from command line to 'False'
[2.820s] Level 5:colcon.colcon_core.verb:set package 'hardware_interface_testing' build argument 'cmake_clean_cache' from command line to 'False'
[2.820s] Level 5:colcon.colcon_core.verb:set package 'hardware_interface_testing' build argument 'cmake_clean_first' from command line to 'False'
[2.821s] Level 5:colcon.colcon_core.verb:set package 'hardware_interface_testing' build argument 'cmake_force_configure' from command line to 'False'
[2.821s] Level 5:colcon.colcon_core.verb:set package 'hardware_interface_testing' build argument 'ament_cmake_args' from command line to 'None'
[2.821s] Level 5:colcon.colcon_core.verb:set package 'hardware_interface_testing' build argument 'catkin_cmake_args' from command line to 'None'
[2.821s] Level 5:colcon.colcon_core.verb:set package 'hardware_interface_testing' build argument 'catkin_skip_building_tests' from command line to 'False'
[2.821s] DEBUG:colcon.colcon_core.verb:Building package 'hardware_interface_testing' with the following arguments: {'ament_cmake_args': None, 'build_base': '/home/pinet/SLAM_AGV/workspace/build/hardware_interface_testing', 'catkin_cmake_args': None, 'catkin_skip_building_tests': False, 'cmake_args': None, 'cmake_clean_cache': False, 'cmake_clean_first': False, 'cmake_force_configure': False, 'cmake_target': None, 'cmake_target_skip_unavailable': False, 'install_base': '/home/pinet/SLAM_AGV/workspace/install/hardware_interface_testing', 'merge_install': False, 'path': '/home/pinet/SLAM_AGV/workspace/src/ros2_control/hardware_interface_testing', 'symlink_install': True, 'test_result_base': None}
[2.822s] Level 5:colcon.colcon_core.verb:set package 'transmission_interface' build argument 'cmake_args' from command line to 'None'
[2.823s] Level 5:colcon.colcon_core.verb:set package 'transmission_interface' build argument 'cmake_target' from command line to 'None'
[2.823s] Level 5:colcon.colcon_core.verb:set package 'transmission_interface' build argument 'cmake_target_skip_unavailable' from command line to 'False'
[2.823s] Level 5:colcon.colcon_core.verb:set package 'transmission_interface' build argument 'cmake_clean_cache' from command line to 'False'
[2.823s] Level 5:colcon.colcon_core.verb:set package 'transmission_interface' build argument 'cmake_clean_first' from command line to 'False'
[2.823s] Level 5:colcon.colcon_core.verb:set package 'transmission_interface' build argument 'cmake_force_configure' from command line to 'False'
[2.823s] Level 5:colcon.colcon_core.verb:set package 'transmission_interface' build argument 'ament_cmake_args' from command line to 'None'
[2.823s] Level 5:colcon.colcon_core.verb:set package 'transmission_interface' build argument 'catkin_cmake_args' from command line to 'None'
[2.823s] Level 5:colcon.colcon_core.verb:set package 'transmission_interface' build argument 'catkin_skip_building_tests' from command line to 'False'
[2.823s] DEBUG:colcon.colcon_core.verb:Building package 'transmission_interface' with the following arguments: {'ament_cmake_args': None, 'build_base': '/home/pinet/SLAM_AGV/workspace/build/transmission_interface', 'catkin_cmake_args': None, 'catkin_skip_building_tests': False, 'cmake_args': None, 'cmake_clean_cache': False, 'cmake_clean_first': False, 'cmake_force_configure': False, 'cmake_target': None, 'cmake_target_skip_unavailable': False, 'install_base': '/home/pinet/SLAM_AGV/workspace/install/transmission_interface', 'merge_install': False, 'path': '/home/pinet/SLAM_AGV/workspace/src/ros2_control/transmission_interface', 'symlink_install': True, 'test_result_base': None}
[2.825s] Level 5:colcon.colcon_core.verb:set package 'controller_manager' build argument 'cmake_args' from command line to 'None'
[2.825s] Level 5:colcon.colcon_core.verb:set package 'controller_manager' build argument 'cmake_target' from command line to 'None'
[2.825s] Level 5:colcon.colcon_core.verb:set package 'controller_manager' build argument 'cmake_target_skip_unavailable' from command line to 'False'
[2.825s] Level 5:colcon.colcon_core.verb:set package 'controller_manager' build argument 'cmake_clean_cache' from command line to 'False'
[2.825s] Level 5:colcon.colcon_core.verb:set package 'controller_manager' build argument 'cmake_clean_first' from command line to 'False'
[2.825s] Level 5:colcon.colcon_core.verb:set package 'controller_manager' build argument 'cmake_force_configure' from command line to 'False'
[2.826s] Level 5:colcon.colcon_core.verb:set package 'controller_manager' build argument 'ament_cmake_args' from command line to 'None'
[2.826s] Level 5:colcon.colcon_core.verb:set package 'controller_manager' build argument 'catkin_cmake_args' from command line to 'None'
[2.826s] Level 5:colcon.colcon_core.verb:set package 'controller_manager' build argument 'catkin_skip_building_tests' from command line to 'False'
[2.826s] DEBUG:colcon.colcon_core.verb:Building package 'controller_manager' with the following arguments: {'ament_cmake_args': None, 'build_base': '/home/pinet/SLAM_AGV/workspace/build/controller_manager', 'catkin_cmake_args': None, 'catkin_skip_building_tests': False, 'cmake_args': None, 'cmake_clean_cache': False, 'cmake_clean_first': False, 'cmake_force_configure': False, 'cmake_target': None, 'cmake_target_skip_unavailable': False, 'install_base': '/home/pinet/SLAM_AGV/workspace/install/controller_manager', 'merge_install': False, 'path': '/home/pinet/SLAM_AGV/workspace/src/ros2_control/controller_manager', 'symlink_install': True, 'test_result_base': None}
[2.827s] Level 5:colcon.colcon_core.verb:set package 'admittance_controller' build argument 'cmake_args' from command line to 'None'
[2.827s] Level 5:colcon.colcon_core.verb:set package 'admittance_controller' build argument 'cmake_target' from command line to 'None'
[2.828s] Level 5:colcon.colcon_core.verb:set package 'admittance_controller' build argument 'cmake_target_skip_unavailable' from command line to 'False'
[2.828s] Level 5:colcon.colcon_core.verb:set package 'admittance_controller' build argument 'cmake_clean_cache' from command line to 'False'
[2.828s] Level 5:colcon.colcon_core.verb:set package 'admittance_controller' build argument 'cmake_clean_first' from command line to 'False'
[2.828s] Level 5:colcon.colcon_core.verb:set package 'admittance_controller' build argument 'cmake_force_configure' from command line to 'False'
[2.828s] Level 5:colcon.colcon_core.verb:set package 'admittance_controller' build argument 'ament_cmake_args' from command line to 'None'
[2.828s] Level 5:colcon.colcon_core.verb:set package 'admittance_controller' build argument 'catkin_cmake_args' from command line to 'None'
[2.828s] Level 5:colcon.colcon_core.verb:set package 'admittance_controller' build argument 'catkin_skip_building_tests' from command line to 'False'
[2.828s] DEBUG:colcon.colcon_core.verb:Building package 'admittance_controller' with the following arguments: {'ament_cmake_args': None, 'build_base': '/home/pinet/SLAM_AGV/workspace/build/admittance_controller', 'catkin_cmake_args': None, 'catkin_skip_building_tests': False, 'cmake_args': None, 'cmake_clean_cache': False, 'cmake_clean_first': False, 'cmake_force_configure': False, 'cmake_target': None, 'cmake_target_skip_unavailable': False, 'install_base': '/home/pinet/SLAM_AGV/workspace/install/admittance_controller', 'merge_install': False, 'path': '/home/pinet/SLAM_AGV/workspace/src/ros2_controllers/admittance_controller', 'symlink_install': True, 'test_result_base': None}
[2.830s] Level 5:colcon.colcon_core.verb:set package 'diff_drive_controller' build argument 'cmake_args' from command line to 'None'
[2.830s] Level 5:colcon.colcon_core.verb:set package 'diff_drive_controller' build argument 'cmake_target' from command line to 'None'
[2.830s] Level 5:colcon.colcon_core.verb:set package 'diff_drive_controller' build argument 'cmake_target_skip_unavailable' from command line to 'False'
[2.830s] Level 5:colcon.colcon_core.verb:set package 'diff_drive_controller' build argument 'cmake_clean_cache' from command line to 'False'
[2.830s] Level 5:colcon.colcon_core.verb:set package 'diff_drive_controller' build argument 'cmake_clean_first' from command line to 'False'
[2.830s] Level 5:colcon.colcon_core.verb:set package 'diff_drive_controller' build argument 'cmake_force_configure' from command line to 'False'
[2.830s] Level 5:colcon.colcon_core.verb:set package 'diff_drive_controller' build argument 'ament_cmake_args' from command line to 'None'
[2.831s] Level 5:colcon.colcon_core.verb:set package 'diff_drive_controller' build argument 'catkin_cmake_args' from command line to 'None'
[2.831s] Level 5:colcon.colcon_core.verb:set package 'diff_drive_controller' build argument 'catkin_skip_building_tests' from command line to 'False'
[2.831s] DEBUG:colcon.colcon_core.verb:Building package 'diff_drive_controller' with the following arguments: {'ament_cmake_args': None, 'build_base': '/home/pinet/SLAM_AGV/workspace/build/diff_drive_controller', 'catkin_cmake_args': None, 'catkin_skip_building_tests': False, 'cmake_args': None, 'cmake_clean_cache': False, 'cmake_clean_first': False, 'cmake_force_configure': False, 'cmake_target': None, 'cmake_target_skip_unavailable': False, 'install_base': '/home/pinet/SLAM_AGV/workspace/install/diff_drive_controller', 'merge_install': False, 'path': '/home/pinet/SLAM_AGV/workspace/src/ros2_controllers/diff_drive_controller', 'symlink_install': True, 'test_result_base': None}
[2.832s] Level 5:colcon.colcon_core.verb:set package 'force_torque_sensor_broadcaster' build argument 'cmake_args' from command line to 'None'
[2.832s] Level 5:colcon.colcon_core.verb:set package 'force_torque_sensor_broadcaster' build argument 'cmake_target' from command line to 'None'
[2.832s] Level 5:colcon.colcon_core.verb:set package 'force_torque_sensor_broadcaster' build argument 'cmake_target_skip_unavailable' from command line to 'False'
[2.832s] Level 5:colcon.colcon_core.verb:set package 'force_torque_sensor_broadcaster' build argument 'cmake_clean_cache' from command line to 'False'
[2.833s] Level 5:colcon.colcon_core.verb:set package 'force_torque_sensor_broadcaster' build argument 'cmake_clean_first' from command line to 'False'
[2.833s] Level 5:colcon.colcon_core.verb:set package 'force_torque_sensor_broadcaster' build argument 'cmake_force_configure' from command line to 'False'
[2.833s] Level 5:colcon.colcon_core.verb:set package 'force_torque_sensor_broadcaster' build argument 'ament_cmake_args' from command line to 'None'
[2.833s] Level 5:colcon.colcon_core.verb:set package 'force_torque_sensor_broadcaster' build argument 'catkin_cmake_args' from command line to 'None'
[2.833s] Level 5:colcon.colcon_core.verb:set package 'force_torque_sensor_broadcaster' build argument 'catkin_skip_building_tests' from command line to 'False'
[2.833s] DEBUG:colcon.colcon_core.verb:Building package 'force_torque_sensor_broadcaster' with the following arguments: {'ament_cmake_args': None, 'build_base': '/home/pinet/SLAM_AGV/workspace/build/force_torque_sensor_broadcaster', 'catkin_cmake_args': None, 'catkin_skip_building_tests': False, 'cmake_args': None, 'cmake_clean_cache': False, 'cmake_clean_first': False, 'cmake_force_configure': False, 'cmake_target': None, 'cmake_target_skip_unavailable': False, 'install_base': '/home/pinet/SLAM_AGV/workspace/install/force_torque_sensor_broadcaster', 'merge_install': False, 'path': '/home/pinet/SLAM_AGV/workspace/src/ros2_controllers/force_torque_sensor_broadcaster', 'symlink_install': True, 'test_result_base': None}
[2.835s] Level 5:colcon.colcon_core.verb:set package 'forward_command_controller' build argument 'cmake_args' from command line to 'None'
[2.835s] Level 5:colcon.colcon_core.verb:set package 'forward_command_controller' build argument 'cmake_target' from command line to 'None'
[2.835s] Level 5:colcon.colcon_core.verb:set package 'forward_command_controller' build argument 'cmake_target_skip_unavailable' from command line to 'False'
[2.835s] Level 5:colcon.colcon_core.verb:set package 'forward_command_controller' build argument 'cmake_clean_cache' from command line to 'False'
[2.835s] Level 5:colcon.colcon_core.verb:set package 'forward_command_controller' build argument 'cmake_clean_first' from command line to 'False'
[2.835s] Level 5:colcon.colcon_core.verb:set package 'forward_command_controller' build argument 'cmake_force_configure' from command line to 'False'
[2.835s] Level 5:colcon.colcon_core.verb:set package 'forward_command_controller' build argument 'ament_cmake_args' from command line to 'None'
[2.835s] Level 5:colcon.colcon_core.verb:set package 'forward_command_controller' build argument 'catkin_cmake_args' from command line to 'None'
[2.835s] Level 5:colcon.colcon_core.verb:set package 'forward_command_controller' build argument 'catkin_skip_building_tests' from command line to 'False'
[2.836s] DEBUG:colcon.colcon_core.verb:Building package 'forward_command_controller' with the following arguments: {'ament_cmake_args': None, 'build_base': '/home/pinet/SLAM_AGV/workspace/build/forward_command_controller', 'catkin_cmake_args': None, 'catkin_skip_building_tests': False, 'cmake_args': None, 'cmake_clean_cache': False, 'cmake_clean_first': False, 'cmake_force_configure': False, 'cmake_target': None, 'cmake_target_skip_unavailable': False, 'install_base': '/home/pinet/SLAM_AGV/workspace/install/forward_command_controller', 'merge_install': False, 'path': '/home/pinet/SLAM_AGV/workspace/src/ros2_controllers/forward_command_controller', 'symlink_install': True, 'test_result_base': None}
[2.837s] Level 5:colcon.colcon_core.verb:set package 'gpio_controllers' build argument 'cmake_args' from command line to 'None'
[2.837s] Level 5:colcon.colcon_core.verb:set package 'gpio_controllers' build argument 'cmake_target' from command line to 'None'
[2.837s] Level 5:colcon.colcon_core.verb:set package 'gpio_controllers' build argument 'cmake_target_skip_unavailable' from command line to 'False'
[2.837s] Level 5:colcon.colcon_core.verb:set package 'gpio_controllers' build argument 'cmake_clean_cache' from command line to 'False'
[2.838s] Level 5:colcon.colcon_core.verb:set package 'gpio_controllers' build argument 'cmake_clean_first' from command line to 'False'
[2.838s] Level 5:colcon.colcon_core.verb:set package 'gpio_controllers' build argument 'cmake_force_configure' from command line to 'False'
[2.838s] Level 5:colcon.colcon_core.verb:set package 'gpio_controllers' build argument 'ament_cmake_args' from command line to 'None'
[2.838s] Level 5:colcon.colcon_core.verb:set package 'gpio_controllers' build argument 'catkin_cmake_args' from command line to 'None'
[2.838s] Level 5:colcon.colcon_core.verb:set package 'gpio_controllers' build argument 'catkin_skip_building_tests' from command line to 'False'
[2.838s] DEBUG:colcon.colcon_core.verb:Building package 'gpio_controllers' with the following arguments: {'ament_cmake_args': None, 'build_base': '/home/pinet/SLAM_AGV/workspace/build/gpio_controllers', 'catkin_cmake_args': None, 'catkin_skip_building_tests': False, 'cmake_args': None, 'cmake_clean_cache': False, 'cmake_clean_first': False, 'cmake_force_configure': False, 'cmake_target': None, 'cmake_target_skip_unavailable': False, 'install_base': '/home/pinet/SLAM_AGV/workspace/install/gpio_controllers', 'merge_install': False, 'path': '/home/pinet/SLAM_AGV/workspace/src/ros2_controllers/gpio_controllers', 'symlink_install': True, 'test_result_base': None}
[2.839s] Level 5:colcon.colcon_core.verb:set package 'gripper_controllers' build argument 'cmake_args' from command line to 'None'
[2.840s] Level 5:colcon.colcon_core.verb:set package 'gripper_controllers' build argument 'cmake_target' from command line to 'None'
[2.840s] Level 5:colcon.colcon_core.verb:set package 'gripper_controllers' build argument 'cmake_target_skip_unavailable' from command line to 'False'
[2.840s] Level 5:colcon.colcon_core.verb:set package 'gripper_controllers' build argument 'cmake_clean_cache' from command line to 'False'
[2.840s] Level 5:colcon.colcon_core.verb:set package 'gripper_controllers' build argument 'cmake_clean_first' from command line to 'False'
[2.840s] Level 5:colcon.colcon_core.verb:set package 'gripper_controllers' build argument 'cmake_force_configure' from command line to 'False'
[2.840s] Level 5:colcon.colcon_core.verb:set package 'gripper_controllers' build argument 'ament_cmake_args' from command line to 'None'
[2.840s] Level 5:colcon.colcon_core.verb:set package 'gripper_controllers' build argument 'catkin_cmake_args' from command line to 'None'
[2.840s] Level 5:colcon.colcon_core.verb:set package 'gripper_controllers' build argument 'catkin_skip_building_tests' from command line to 'False'
[2.840s] DEBUG:colcon.colcon_core.verb:Building package 'gripper_controllers' with the following arguments: {'ament_cmake_args': None, 'build_base': '/home/pinet/SLAM_AGV/workspace/build/gripper_controllers', 'catkin_cmake_args': None, 'catkin_skip_building_tests': False, 'cmake_args': None, 'cmake_clean_cache': False, 'cmake_clean_first': False, 'cmake_force_configure': False, 'cmake_target': None, 'cmake_target_skip_unavailable': False, 'install_base': '/home/pinet/SLAM_AGV/workspace/install/gripper_controllers', 'merge_install': False, 'path': '/home/pinet/SLAM_AGV/workspace/src/ros2_controllers/gripper_controllers', 'symlink_install': True, 'test_result_base': None}
[2.842s] Level 5:colcon.colcon_core.verb:set package 'imu_sensor_broadcaster' build argument 'cmake_args' from command line to 'None'
[2.842s] Level 5:colcon.colcon_core.verb:set package 'imu_sensor_broadcaster' build argument 'cmake_target' from command line to 'None'
[2.842s] Level 5:colcon.colcon_core.verb:set package 'imu_sensor_broadcaster' build argument 'cmake_target_skip_unavailable' from command line to 'False'
[2.842s] Level 5:colcon.colcon_core.verb:set package 'imu_sensor_broadcaster' build argument 'cmake_clean_cache' from command line to 'False'
[2.842s] Level 5:colcon.colcon_core.verb:set package 'imu_sensor_broadcaster' build argument 'cmake_clean_first' from command line to 'False'
[2.843s] Level 5:colcon.colcon_core.verb:set package 'imu_sensor_broadcaster' build argument 'cmake_force_configure' from command line to 'False'
[2.843s] Level 5:colcon.colcon_core.verb:set package 'imu_sensor_broadcaster' build argument 'ament_cmake_args' from command line to 'None'
[2.843s] Level 5:colcon.colcon_core.verb:set package 'imu_sensor_broadcaster' build argument 'catkin_cmake_args' from command line to 'None'
[2.843s] Level 5:colcon.colcon_core.verb:set package 'imu_sensor_broadcaster' build argument 'catkin_skip_building_tests' from command line to 'False'
[2.843s] DEBUG:colcon.colcon_core.verb:Building package 'imu_sensor_broadcaster' with the following arguments: {'ament_cmake_args': None, 'build_base': '/home/pinet/SLAM_AGV/workspace/build/imu_sensor_broadcaster', 'catkin_cmake_args': None, 'catkin_skip_building_tests': False, 'cmake_args': None, 'cmake_clean_cache': False, 'cmake_clean_first': False, 'cmake_force_configure': False, 'cmake_target': None, 'cmake_target_skip_unavailable': False, 'install_base': '/home/pinet/SLAM_AGV/workspace/install/imu_sensor_broadcaster', 'merge_install': False, 'path': '/home/pinet/SLAM_AGV/workspace/src/ros2_controllers/imu_sensor_broadcaster', 'symlink_install': True, 'test_result_base': None}
[2.844s] Level 5:colcon.colcon_core.verb:set package 'joint_state_broadcaster' build argument 'cmake_args' from command line to 'None'
[2.845s] Level 5:colcon.colcon_core.verb:set package 'joint_state_broadcaster' build argument 'cmake_target' from command line to 'None'
[2.845s] Level 5:colcon.colcon_core.verb:set package 'joint_state_broadcaster' build argument 'cmake_target_skip_unavailable' from command line to 'False'
[2.845s] Level 5:colcon.colcon_core.verb:set package 'joint_state_broadcaster' build argument 'cmake_clean_cache' from command line to 'False'
[2.845s] Level 5:colcon.colcon_core.verb:set package 'joint_state_broadcaster' build argument 'cmake_clean_first' from command line to 'False'
[2.845s] Level 5:colcon.colcon_core.verb:set package 'joint_state_broadcaster' build argument 'cmake_force_configure' from command line to 'False'
[2.845s] Level 5:colcon.colcon_core.verb:set package 'joint_state_broadcaster' build argument 'ament_cmake_args' from command line to 'None'
[2.845s] Level 5:colcon.colcon_core.verb:set package 'joint_state_broadcaster' build argument 'catkin_cmake_args' from command line to 'None'
[2.845s] Level 5:colcon.colcon_core.verb:set package 'joint_state_broadcaster' build argument 'catkin_skip_building_tests' from command line to 'False'
[2.845s] DEBUG:colcon.colcon_core.verb:Building package 'joint_state_broadcaster' with the following arguments: {'ament_cmake_args': None, 'build_base': '/home/pinet/SLAM_AGV/workspace/build/joint_state_broadcaster', 'catkin_cmake_args': None, 'catkin_skip_building_tests': False, 'cmake_args': None, 'cmake_clean_cache': False, 'cmake_clean_first': False, 'cmake_force_configure': False, 'cmake_target': None, 'cmake_target_skip_unavailable': False, 'install_base': '/home/pinet/SLAM_AGV/workspace/install/joint_state_broadcaster', 'merge_install': False, 'path': '/home/pinet/SLAM_AGV/workspace/src/ros2_controllers/joint_state_broadcaster', 'symlink_install': True, 'test_result_base': None}
[2.847s] Level 5:colcon.colcon_core.verb:set package 'joint_trajectory_controller' build argument 'cmake_args' from command line to 'None'
[2.847s] Level 5:colcon.colcon_core.verb:set package 'joint_trajectory_controller' build argument 'cmake_target' from command line to 'None'
[2.847s] Level 5:colcon.colcon_core.verb:set package 'joint_trajectory_controller' build argument 'cmake_target_skip_unavailable' from command line to 'False'
[2.847s] Level 5:colcon.colcon_core.verb:set package 'joint_trajectory_controller' build argument 'cmake_clean_cache' from command line to 'False'
[2.847s] Level 5:colcon.colcon_core.verb:set package 'joint_trajectory_controller' build argument 'cmake_clean_first' from command line to 'False'
[2.847s] Level 5:colcon.colcon_core.verb:set package 'joint_trajectory_controller' build argument 'cmake_force_configure' from command line to 'False'
[2.847s] Level 5:colcon.colcon_core.verb:set package 'joint_trajectory_controller' build argument 'ament_cmake_args' from command line to 'None'
[2.848s] Level 5:colcon.colcon_core.verb:set package 'joint_trajectory_controller' build argument 'catkin_cmake_args' from command line to 'None'
[2.848s] Level 5:colcon.colcon_core.verb:set package 'joint_trajectory_controller' build argument 'catkin_skip_building_tests' from command line to 'False'
[2.848s] DEBUG:colcon.colcon_core.verb:Building package 'joint_trajectory_controller' with the following arguments: {'ament_cmake_args': None, 'build_base': '/home/pinet/SLAM_AGV/workspace/build/joint_trajectory_controller', 'catkin_cmake_args': None, 'catkin_skip_building_tests': False, 'cmake_args': None, 'cmake_clean_cache': False, 'cmake_clean_first': False, 'cmake_force_configure': False, 'cmake_target': None, 'cmake_target_skip_unavailable': False, 'install_base': '/home/pinet/SLAM_AGV/workspace/install/joint_trajectory_controller', 'merge_install': False, 'path': '/home/pinet/SLAM_AGV/workspace/src/ros2_controllers/joint_trajectory_controller', 'symlink_install': True, 'test_result_base': None}
[2.849s] Level 5:colcon.colcon_core.verb:set package 'mecanum_drive_controller' build argument 'cmake_args' from command line to 'None'
[2.849s] Level 5:colcon.colcon_core.verb:set package 'mecanum_drive_controller' build argument 'cmake_target' from command line to 'None'
[2.850s] Level 5:colcon.colcon_core.verb:set package 'mecanum_drive_controller' build argument 'cmake_target_skip_unavailable' from command line to 'False'
[2.850s] Level 5:colcon.colcon_core.verb:set package 'mecanum_drive_controller' build argument 'cmake_clean_cache' from command line to 'False'
[2.850s] Level 5:colcon.colcon_core.verb:set package 'mecanum_drive_controller' build argument 'cmake_clean_first' from command line to 'False'
[2.850s] Level 5:colcon.colcon_core.verb:set package 'mecanum_drive_controller' build argument 'cmake_force_configure' from command line to 'False'
[2.850s] Level 5:colcon.colcon_core.verb:set package 'mecanum_drive_controller' build argument 'ament_cmake_args' from command line to 'None'
[2.850s] Level 5:colcon.colcon_core.verb:set package 'mecanum_drive_controller' build argument 'catkin_cmake_args' from command line to 'None'
[2.850s] Level 5:colcon.colcon_core.verb:set package 'mecanum_drive_controller' build argument 'catkin_skip_building_tests' from command line to 'False'
[2.850s] DEBUG:colcon.colcon_core.verb:Building package 'mecanum_drive_controller' with the following arguments: {'ament_cmake_args': None, 'build_base': '/home/pinet/SLAM_AGV/workspace/build/mecanum_drive_controller', 'catkin_cmake_args': None, 'catkin_skip_building_tests': False, 'cmake_args': None, 'cmake_clean_cache': False, 'cmake_clean_first': False, 'cmake_force_configure': False, 'cmake_target': None, 'cmake_target_skip_unavailable': False, 'install_base': '/home/pinet/SLAM_AGV/workspace/install/mecanum_drive_controller', 'merge_install': False, 'path': '/home/pinet/SLAM_AGV/workspace/src/ros2_controllers/mecanum_drive_controller', 'symlink_install': True, 'test_result_base': None}
[2.852s] Level 5:colcon.colcon_core.verb:set package 'pid_controller' build argument 'cmake_args' from command line to 'None'
[2.852s] Level 5:colcon.colcon_core.verb:set package 'pid_controller' build argument 'cmake_target' from command line to 'None'
[2.852s] Level 5:colcon.colcon_core.verb:set package 'pid_controller' build argument 'cmake_target_skip_unavailable' from command line to 'False'
[2.852s] Level 5:colcon.colcon_core.verb:set package 'pid_controller' build argument 'cmake_clean_cache' from command line to 'False'
[2.852s] Level 5:colcon.colcon_core.verb:set package 'pid_controller' build argument 'cmake_clean_first' from command line to 'False'
[2.852s] Level 5:colcon.colcon_core.verb:set package 'pid_controller' build argument 'cmake_force_configure' from command line to 'False'
[2.852s] Level 5:colcon.colcon_core.verb:set package 'pid_controller' build argument 'ament_cmake_args' from command line to 'None'
[2.852s] Level 5:colcon.colcon_core.verb:set package 'pid_controller' build argument 'catkin_cmake_args' from command line to 'None'
[2.853s] Level 5:colcon.colcon_core.verb:set package 'pid_controller' build argument 'catkin_skip_building_tests' from command line to 'False'
[2.853s] DEBUG:colcon.colcon_core.verb:Building package 'pid_controller' with the following arguments: {'ament_cmake_args': None, 'build_base': '/home/pinet/SLAM_AGV/workspace/build/pid_controller', 'catkin_cmake_args': None, 'catkin_skip_building_tests': False, 'cmake_args': None, 'cmake_clean_cache': False, 'cmake_clean_first': False, 'cmake_force_configure': False, 'cmake_target': None, 'cmake_target_skip_unavailable': False, 'install_base': '/home/pinet/SLAM_AGV/workspace/install/pid_controller', 'merge_install': False, 'path': '/home/pinet/SLAM_AGV/workspace/src/ros2_controllers/pid_controller', 'symlink_install': True, 'test_result_base': None}
[2.854s] Level 5:colcon.colcon_core.verb:set package 'pose_broadcaster' build argument 'cmake_args' from command line to 'None'
[2.854s] Level 5:colcon.colcon_core.verb:set package 'pose_broadcaster' build argument 'cmake_target' from command line to 'None'
[2.854s] Level 5:colcon.colcon_core.verb:set package 'pose_broadcaster' build argument 'cmake_target_skip_unavailable' from command line to 'False'
[2.854s] Level 5:colcon.colcon_core.verb:set package 'pose_broadcaster' build argument 'cmake_clean_cache' from command line to 'False'
[2.855s] Level 5:colcon.colcon_core.verb:set package 'pose_broadcaster' build argument 'cmake_clean_first' from command line to 'False'
[2.855s] Level 5:colcon.colcon_core.verb:set package 'pose_broadcaster' build argument 'cmake_force_configure' from command line to 'False'
[2.855s] Level 5:colcon.colcon_core.verb:set package 'pose_broadcaster' build argument 'ament_cmake_args' from command line to 'None'
[2.855s] Level 5:colcon.colcon_core.verb:set package 'pose_broadcaster' build argument 'catkin_cmake_args' from command line to 'None'
[2.855s] Level 5:colcon.colcon_core.verb:set package 'pose_broadcaster' build argument 'catkin_skip_building_tests' from command line to 'False'
[2.855s] DEBUG:colcon.colcon_core.verb:Building package 'pose_broadcaster' with the following arguments: {'ament_cmake_args': None, 'build_base': '/home/pinet/SLAM_AGV/workspace/build/pose_broadcaster', 'catkin_cmake_args': None, 'catkin_skip_building_tests': False, 'cmake_args': None, 'cmake_clean_cache': False, 'cmake_clean_first': False, 'cmake_force_configure': False, 'cmake_target': None, 'cmake_target_skip_unavailable': False, 'install_base': '/home/pinet/SLAM_AGV/workspace/install/pose_broadcaster', 'merge_install': False, 'path': '/home/pinet/SLAM_AGV/workspace/src/ros2_controllers/pose_broadcaster', 'symlink_install': True, 'test_result_base': None}
[2.857s] Level 5:colcon.colcon_core.verb:set package 'range_sensor_broadcaster' build argument 'cmake_args' from command line to 'None'
[2.857s] Level 5:colcon.colcon_core.verb:set package 'range_sensor_broadcaster' build argument 'cmake_target' from command line to 'None'
[2.858s] Level 5:colcon.colcon_core.verb:set package 'range_sensor_broadcaster' build argument 'cmake_target_skip_unavailable' from command line to 'False'
[2.858s] Level 5:colcon.colcon_core.verb:set package 'range_sensor_broadcaster' build argument 'cmake_clean_cache' from command line to 'False'
[2.858s] Level 5:colcon.colcon_core.verb:set package 'range_sensor_broadcaster' build argument 'cmake_clean_first' from command line to 'False'
[2.858s] Level 5:colcon.colcon_core.verb:set package 'range_sensor_broadcaster' build argument 'cmake_force_configure' from command line to 'False'
[2.858s] Level 5:colcon.colcon_core.verb:set package 'range_sensor_broadcaster' build argument 'ament_cmake_args' from command line to 'None'
[2.858s] Level 5:colcon.colcon_core.verb:set package 'range_sensor_broadcaster' build argument 'catkin_cmake_args' from command line to 'None'
[2.858s] Level 5:colcon.colcon_core.verb:set package 'range_sensor_broadcaster' build argument 'catkin_skip_building_tests' from command line to 'False'
[2.858s] DEBUG:colcon.colcon_core.verb:Building package 'range_sensor_broadcaster' with the following arguments: {'ament_cmake_args': None, 'build_base': '/home/pinet/SLAM_AGV/workspace/build/range_sensor_broadcaster', 'catkin_cmake_args': None, 'catkin_skip_building_tests': False, 'cmake_args': None, 'cmake_clean_cache': False, 'cmake_clean_first': False, 'cmake_force_configure': False, 'cmake_target': None, 'cmake_target_skip_unavailable': False, 'install_base': '/home/pinet/SLAM_AGV/workspace/install/range_sensor_broadcaster', 'merge_install': False, 'path': '/home/pinet/SLAM_AGV/workspace/src/ros2_controllers/range_sensor_broadcaster', 'symlink_install': True, 'test_result_base': None}
[2.860s] Level 5:colcon.colcon_core.verb:set package 'ros2controlcli' build argument 'cmake_args' from command line to 'None'
[2.860s] Level 5:colcon.colcon_core.verb:set package 'ros2controlcli' build argument 'cmake_target' from command line to 'None'
[2.860s] Level 5:colcon.colcon_core.verb:set package 'ros2controlcli' build argument 'cmake_target_skip_unavailable' from command line to 'False'
[2.860s] Level 5:colcon.colcon_core.verb:set package 'ros2controlcli' build argument 'cmake_clean_cache' from command line to 'False'
[2.860s] Level 5:colcon.colcon_core.verb:set package 'ros2controlcli' build argument 'cmake_clean_first' from command line to 'False'
[2.860s] Level 5:colcon.colcon_core.verb:set package 'ros2controlcli' build argument 'cmake_force_configure' from command line to 'False'
[2.860s] Level 5:colcon.colcon_core.verb:set package 'ros2controlcli' build argument 'ament_cmake_args' from command line to 'None'
[2.861s] Level 5:colcon.colcon_core.verb:set package 'ros2controlcli' build argument 'catkin_cmake_args' from command line to 'None'
[2.861s] Level 5:colcon.colcon_core.verb:set package 'ros2controlcli' build argument 'catkin_skip_building_tests' from command line to 'False'
[2.861s] DEBUG:colcon.colcon_core.verb:Building package 'ros2controlcli' with the following arguments: {'ament_cmake_args': None, 'build_base': '/home/pinet/SLAM_AGV/workspace/build/ros2controlcli', 'catkin_cmake_args': None, 'catkin_skip_building_tests': False, 'cmake_args': None, 'cmake_clean_cache': False, 'cmake_clean_first': False, 'cmake_force_configure': False, 'cmake_target': None, 'cmake_target_skip_unavailable': False, 'install_base': '/home/pinet/SLAM_AGV/workspace/install/ros2controlcli', 'merge_install': False, 'path': '/home/pinet/SLAM_AGV/workspace/src/ros2_control/ros2controlcli', 'symlink_install': True, 'test_result_base': None}
[2.862s] Level 5:colcon.colcon_core.verb:set package 'rqt_controller_manager' build argument 'cmake_args' from command line to 'None'
[2.862s] Level 5:colcon.colcon_core.verb:set package 'rqt_controller_manager' build argument 'cmake_target' from command line to 'None'
[2.863s] Level 5:colcon.colcon_core.verb:set package 'rqt_controller_manager' build argument 'cmake_target_skip_unavailable' from command line to 'False'
[2.863s] Level 5:colcon.colcon_core.verb:set package 'rqt_controller_manager' build argument 'cmake_clean_cache' from command line to 'False'
[2.863s] Level 5:colcon.colcon_core.verb:set package 'rqt_controller_manager' build argument 'cmake_clean_first' from command line to 'False'
[2.863s] Level 5:colcon.colcon_core.verb:set package 'rqt_controller_manager' build argument 'cmake_force_configure' from command line to 'False'
[2.863s] Level 5:colcon.colcon_core.verb:set package 'rqt_controller_manager' build argument 'ament_cmake_args' from command line to 'None'
[2.863s] Level 5:colcon.colcon_core.verb:set package 'rqt_controller_manager' build argument 'catkin_cmake_args' from command line to 'None'
[2.863s] Level 5:colcon.colcon_core.verb:set package 'rqt_controller_manager' build argument 'catkin_skip_building_tests' from command line to 'False'
[2.863s] DEBUG:colcon.colcon_core.verb:Building package 'rqt_controller_manager' with the following arguments: {'ament_cmake_args': None, 'build_base': '/home/pinet/SLAM_AGV/workspace/build/rqt_controller_manager', 'catkin_cmake_args': None, 'catkin_skip_building_tests': False, 'cmake_args': None, 'cmake_clean_cache': False, 'cmake_clean_first': False, 'cmake_force_configure': False, 'cmake_target': None, 'cmake_target_skip_unavailable': False, 'install_base': '/home/pinet/SLAM_AGV/workspace/install/rqt_controller_manager', 'merge_install': False, 'path': '/home/pinet/SLAM_AGV/workspace/src/ros2_control/rqt_controller_manager', 'symlink_install': True, 'test_result_base': None}
[2.865s] Level 5:colcon.colcon_core.verb:set package 'steering_controllers_library' build argument 'cmake_args' from command line to 'None'
[2.865s] Level 5:colcon.colcon_core.verb:set package 'steering_controllers_library' build argument 'cmake_target' from command line to 'None'
[2.865s] Level 5:colcon.colcon_core.verb:set package 'steering_controllers_library' build argument 'cmake_target_skip_unavailable' from command line to 'False'
[2.865s] Level 5:colcon.colcon_core.verb:set package 'steering_controllers_library' build argument 'cmake_clean_cache' from command line to 'False'
[2.865s] Level 5:colcon.colcon_core.verb:set package 'steering_controllers_library' build argument 'cmake_clean_first' from command line to 'False'
[2.865s] Level 5:colcon.colcon_core.verb:set package 'steering_controllers_library' build argument 'cmake_force_configure' from command line to 'False'
[2.865s] Level 5:colcon.colcon_core.verb:set package 'steering_controllers_library' build argument 'ament_cmake_args' from command line to 'None'
[2.866s] Level 5:colcon.colcon_core.verb:set package 'steering_controllers_library' build argument 'catkin_cmake_args' from command line to 'None'
[2.866s] Level 5:colcon.colcon_core.verb:set package 'steering_controllers_library' build argument 'catkin_skip_building_tests' from command line to 'False'
[2.866s] DEBUG:colcon.colcon_core.verb:Building package 'steering_controllers_library' with the following arguments: {'ament_cmake_args': None, 'build_base': '/home/pinet/SLAM_AGV/workspace/build/steering_controllers_library', 'catkin_cmake_args': None, 'catkin_skip_building_tests': False, 'cmake_args': None, 'cmake_clean_cache': False, 'cmake_clean_first': False, 'cmake_force_configure': False, 'cmake_target': None, 'cmake_target_skip_unavailable': False, 'install_base': '/home/pinet/SLAM_AGV/workspace/install/steering_controllers_library', 'merge_install': False, 'path': '/home/pinet/SLAM_AGV/workspace/src/ros2_controllers/steering_controllers_library', 'symlink_install': True, 'test_result_base': None}
[2.867s] Level 5:colcon.colcon_core.verb:set package 'tricycle_controller' build argument 'cmake_args' from command line to 'None'
[2.867s] Level 5:colcon.colcon_core.verb:set package 'tricycle_controller' build argument 'cmake_target' from command line to 'None'
[2.867s] Level 5:colcon.colcon_core.verb:set package 'tricycle_controller' build argument 'cmake_target_skip_unavailable' from command line to 'False'
[2.868s] Level 5:colcon.colcon_core.verb:set package 'tricycle_controller' build argument 'cmake_clean_cache' from command line to 'False'
[2.868s] Level 5:colcon.colcon_core.verb:set package 'tricycle_controller' build argument 'cmake_clean_first' from command line to 'False'
[2.868s] Level 5:colcon.colcon_core.verb:set package 'tricycle_controller' build argument 'cmake_force_configure' from command line to 'False'
[2.868s] Level 5:colcon.colcon_core.verb:set package 'tricycle_controller' build argument 'ament_cmake_args' from command line to 'None'
[2.868s] Level 5:colcon.colcon_core.verb:set package 'tricycle_controller' build argument 'catkin_cmake_args' from command line to 'None'
[2.868s] Level 5:colcon.colcon_core.verb:set package 'tricycle_controller' build argument 'catkin_skip_building_tests' from command line to 'False'
[2.868s] DEBUG:colcon.colcon_core.verb:Building package 'tricycle_controller' with the following arguments: {'ament_cmake_args': None, 'build_base': '/home/pinet/SLAM_AGV/workspace/build/tricycle_controller', 'catkin_cmake_args': None, 'catkin_skip_building_tests': False, 'cmake_args': None, 'cmake_clean_cache': False, 'cmake_clean_first': False, 'cmake_force_configure': False, 'cmake_target': None, 'cmake_target_skip_unavailable': False, 'install_base': '/home/pinet/SLAM_AGV/workspace/install/tricycle_controller', 'merge_install': False, 'path': '/home/pinet/SLAM_AGV/workspace/src/ros2_controllers/tricycle_controller', 'symlink_install': True, 'test_result_base': None}
[2.870s] Level 5:colcon.colcon_core.verb:set package 'ackermann_steering_controller' build argument 'cmake_args' from command line to 'None'
[2.870s] Level 5:colcon.colcon_core.verb:set package 'ackermann_steering_controller' build argument 'cmake_target' from command line to 'None'
[2.870s] Level 5:colcon.colcon_core.verb:set package 'ackermann_steering_controller' build argument 'cmake_target_skip_unavailable' from command line to 'False'
[2.870s] Level 5:colcon.colcon_core.verb:set package 'ackermann_steering_controller' build argument 'cmake_clean_cache' from command line to 'False'
[2.870s] Level 5:colcon.colcon_core.verb:set package 'ackermann_steering_controller' build argument 'cmake_clean_first' from command line to 'False'
[2.870s] Level 5:colcon.colcon_core.verb:set package 'ackermann_steering_controller' build argument 'cmake_force_configure' from command line to 'False'
[2.870s] Level 5:colcon.colcon_core.verb:set package 'ackermann_steering_controller' build argument 'ament_cmake_args' from command line to 'None'
[2.870s] Level 5:colcon.colcon_core.verb:set package 'ackermann_steering_controller' build argument 'catkin_cmake_args' from command line to 'None'
[2.870s] Level 5:colcon.colcon_core.verb:set package 'ackermann_steering_controller' build argument 'catkin_skip_building_tests' from command line to 'False'
[2.871s] DEBUG:colcon.colcon_core.verb:Building package 'ackermann_steering_controller' with the following arguments: {'ament_cmake_args': None, 'build_base': '/home/pinet/SLAM_AGV/workspace/build/ackermann_steering_controller', 'catkin_cmake_args': None, 'catkin_skip_building_tests': False, 'cmake_args': None, 'cmake_clean_cache': False, 'cmake_clean_first': False, 'cmake_force_configure': False, 'cmake_target': None, 'cmake_target_skip_unavailable': False, 'install_base': '/home/pinet/SLAM_AGV/workspace/install/ackermann_steering_controller', 'merge_install': False, 'path': '/home/pinet/SLAM_AGV/workspace/src/ros2_controllers/ackermann_steering_controller', 'symlink_install': True, 'test_result_base': None}
[2.872s] Level 5:colcon.colcon_core.verb:set package 'bicycle_steering_controller' build argument 'cmake_args' from command line to 'None'
[2.872s] Level 5:colcon.colcon_core.verb:set package 'bicycle_steering_controller' build argument 'cmake_target' from command line to 'None'
[2.872s] Level 5:colcon.colcon_core.verb:set package 'bicycle_steering_controller' build argument 'cmake_target_skip_unavailable' from command line to 'False'
[2.872s] Level 5:colcon.colcon_core.verb:set package 'bicycle_steering_controller' build argument 'cmake_clean_cache' from command line to 'False'
[2.872s] Level 5:colcon.colcon_core.verb:set package 'bicycle_steering_controller' build argument 'cmake_clean_first' from command line to 'False'
[2.873s] Level 5:colcon.colcon_core.verb:set package 'bicycle_steering_controller' build argument 'cmake_force_configure' from command line to 'False'
[2.873s] Level 5:colcon.colcon_core.verb:set package 'bicycle_steering_controller' build argument 'ament_cmake_args' from command line to 'None'
[2.873s] Level 5:colcon.colcon_core.verb:set package 'bicycle_steering_controller' build argument 'catkin_cmake_args' from command line to 'None'
[2.873s] Level 5:colcon.colcon_core.verb:set package 'bicycle_steering_controller' build argument 'catkin_skip_building_tests' from command line to 'False'
[2.873s] DEBUG:colcon.colcon_core.verb:Building package 'bicycle_steering_controller' with the following arguments: {'ament_cmake_args': None, 'build_base': '/home/pinet/SLAM_AGV/workspace/build/bicycle_steering_controller', 'catkin_cmake_args': None, 'catkin_skip_building_tests': False, 'cmake_args': None, 'cmake_clean_cache': False, 'cmake_clean_first': False, 'cmake_force_configure': False, 'cmake_target': None, 'cmake_target_skip_unavailable': False, 'install_base': '/home/pinet/SLAM_AGV/workspace/install/bicycle_steering_controller', 'merge_install': False, 'path': '/home/pinet/SLAM_AGV/workspace/src/ros2_controllers/bicycle_steering_controller', 'symlink_install': True, 'test_result_base': None}
[2.875s] Level 5:colcon.colcon_core.verb:set package 'effort_controllers' build argument 'cmake_args' from command line to 'None'
[2.875s] Level 5:colcon.colcon_core.verb:set package 'effort_controllers' build argument 'cmake_target' from command line to 'None'
[2.875s] Level 5:colcon.colcon_core.verb:set package 'effort_controllers' build argument 'cmake_target_skip_unavailable' from command line to 'False'
[2.875s] Level 5:colcon.colcon_core.verb:set package 'effort_controllers' build argument 'cmake_clean_cache' from command line to 'False'
[2.875s] Level 5:colcon.colcon_core.verb:set package 'effort_controllers' build argument 'cmake_clean_first' from command line to 'False'
[2.875s] Level 5:colcon.colcon_core.verb:set package 'effort_controllers' build argument 'cmake_force_configure' from command line to 'False'
[2.875s] Level 5:colcon.colcon_core.verb:set package 'effort_controllers' build argument 'ament_cmake_args' from command line to 'None'
[2.875s] Level 5:colcon.colcon_core.verb:set package 'effort_controllers' build argument 'catkin_cmake_args' from command line to 'None'
[2.875s] Level 5:colcon.colcon_core.verb:set package 'effort_controllers' build argument 'catkin_skip_building_tests' from command line to 'False'
[2.876s] DEBUG:colcon.colcon_core.verb:Building package 'effort_controllers' with the following arguments: {'ament_cmake_args': None, 'build_base': '/home/pinet/SLAM_AGV/workspace/build/effort_controllers', 'catkin_cmake_args': None, 'catkin_skip_building_tests': False, 'cmake_args': None, 'cmake_clean_cache': False, 'cmake_clean_first': False, 'cmake_force_configure': False, 'cmake_target': None, 'cmake_target_skip_unavailable': False, 'install_base': '/home/pinet/SLAM_AGV/workspace/install/effort_controllers', 'merge_install': False, 'path': '/home/pinet/SLAM_AGV/workspace/src/ros2_controllers/effort_controllers', 'symlink_install': True, 'test_result_base': None}
[2.877s] Level 5:colcon.colcon_core.verb:set package 'position_controllers' build argument 'cmake_args' from command line to 'None'
[2.877s] Level 5:colcon.colcon_core.verb:set package 'position_controllers' build argument 'cmake_target' from command line to 'None'
[2.877s] Level 5:colcon.colcon_core.verb:set package 'position_controllers' build argument 'cmake_target_skip_unavailable' from command line to 'False'
[2.877s] Level 5:colcon.colcon_core.verb:set package 'position_controllers' build argument 'cmake_clean_cache' from command line to 'False'
[2.877s] Level 5:colcon.colcon_core.verb:set package 'position_controllers' build argument 'cmake_clean_first' from command line to 'False'
[2.878s] Level 5:colcon.colcon_core.verb:set package 'position_controllers' build argument 'cmake_force_configure' from command line to 'False'
[2.878s] Level 5:colcon.colcon_core.verb:set package 'position_controllers' build argument 'ament_cmake_args' from command line to 'None'
[2.878s] Level 5:colcon.colcon_core.verb:set package 'position_controllers' build argument 'catkin_cmake_args' from command line to 'None'
[2.878s] Level 5:colcon.colcon_core.verb:set package 'position_controllers' build argument 'catkin_skip_building_tests' from command line to 'False'
[2.878s] DEBUG:colcon.colcon_core.verb:Building package 'position_controllers' with the following arguments: {'ament_cmake_args': None, 'build_base': '/home/pinet/SLAM_AGV/workspace/build/position_controllers', 'catkin_cmake_args': None, 'catkin_skip_building_tests': False, 'cmake_args': None, 'cmake_clean_cache': False, 'cmake_clean_first': False, 'cmake_force_configure': False, 'cmake_target': None, 'cmake_target_skip_unavailable': False, 'install_base': '/home/pinet/SLAM_AGV/workspace/install/position_controllers', 'merge_install': False, 'path': '/home/pinet/SLAM_AGV/workspace/src/ros2_controllers/position_controllers', 'symlink_install': True, 'test_result_base': None}
[2.879s] Level 5:colcon.colcon_core.verb:set package 'ros2_control' build argument 'cmake_args' from command line to 'None'
[2.879s] Level 5:colcon.colcon_core.verb:set package 'ros2_control' build argument 'cmake_target' from command line to 'None'
[2.880s] Level 5:colcon.colcon_core.verb:set package 'ros2_control' build argument 'cmake_target_skip_unavailable' from command line to 'False'
[2.880s] Level 5:colcon.colcon_core.verb:set package 'ros2_control' build argument 'cmake_clean_cache' from command line to 'False'
[2.880s] Level 5:colcon.colcon_core.verb:set package 'ros2_control' build argument 'cmake_clean_first' from command line to 'False'
[2.880s] Level 5:colcon.colcon_core.verb:set package 'ros2_control' build argument 'cmake_force_configure' from command line to 'False'
[2.880s] Level 5:colcon.colcon_core.verb:set package 'ros2_control' build argument 'ament_cmake_args' from command line to 'None'
[2.880s] Level 5:colcon.colcon_core.verb:set package 'ros2_control' build argument 'catkin_cmake_args' from command line to 'None'
[2.880s] Level 5:colcon.colcon_core.verb:set package 'ros2_control' build argument 'catkin_skip_building_tests' from command line to 'False'
[2.880s] DEBUG:colcon.colcon_core.verb:Building package 'ros2_control' with the following arguments: {'ament_cmake_args': None, 'build_base': '/home/pinet/SLAM_AGV/workspace/build/ros2_control', 'catkin_cmake_args': None, 'catkin_skip_building_tests': False, 'cmake_args': None, 'cmake_clean_cache': False, 'cmake_clean_first': False, 'cmake_force_configure': False, 'cmake_target': None, 'cmake_target_skip_unavailable': False, 'install_base': '/home/pinet/SLAM_AGV/workspace/install/ros2_control', 'merge_install': False, 'path': '/home/pinet/SLAM_AGV/workspace/src/ros2_control/ros2_control', 'symlink_install': True, 'test_result_base': None}
[2.882s] Level 5:colcon.colcon_core.verb:set package 'tricycle_steering_controller' build argument 'cmake_args' from command line to 'None'
[2.882s] Level 5:colcon.colcon_core.verb:set package 'tricycle_steering_controller' build argument 'cmake_target' from command line to 'None'
[2.882s] Level 5:colcon.colcon_core.verb:set package 'tricycle_steering_controller' build argument 'cmake_target_skip_unavailable' from command line to 'False'
[2.882s] Level 5:colcon.colcon_core.verb:set package 'tricycle_steering_controller' build argument 'cmake_clean_cache' from command line to 'False'
[2.882s] Level 5:colcon.colcon_core.verb:set package 'tricycle_steering_controller' build argument 'cmake_clean_first' from command line to 'False'
[2.882s] Level 5:colcon.colcon_core.verb:set package 'tricycle_steering_controller' build argument 'cmake_force_configure' from command line to 'False'
[2.882s] Level 5:colcon.colcon_core.verb:set package 'tricycle_steering_controller' build argument 'ament_cmake_args' from command line to 'None'
[2.883s] Level 5:colcon.colcon_core.verb:set package 'tricycle_steering_controller' build argument 'catkin_cmake_args' from command line to 'None'
[2.883s] Level 5:colcon.colcon_core.verb:set package 'tricycle_steering_controller' build argument 'catkin_skip_building_tests' from command line to 'False'
[2.883s] DEBUG:colcon.colcon_core.verb:Building package 'tricycle_steering_controller' with the following arguments: {'ament_cmake_args': None, 'build_base': '/home/pinet/SLAM_AGV/workspace/build/tricycle_steering_controller', 'catkin_cmake_args': None, 'catkin_skip_building_tests': False, 'cmake_args': None, 'cmake_clean_cache': False, 'cmake_clean_first': False, 'cmake_force_configure': False, 'cmake_target': None, 'cmake_target_skip_unavailable': False, 'install_base': '/home/pinet/SLAM_AGV/workspace/install/tricycle_steering_controller', 'merge_install': False, 'path': '/home/pinet/SLAM_AGV/workspace/src/ros2_controllers/tricycle_steering_controller', 'symlink_install': True, 'test_result_base': None}
[2.884s] Level 5:colcon.colcon_core.verb:set package 'velocity_controllers' build argument 'cmake_args' from command line to 'None'
[2.884s] Level 5:colcon.colcon_core.verb:set package 'velocity_controllers' build argument 'cmake_target' from command line to 'None'
[2.884s] Level 5:colcon.colcon_core.verb:set package 'velocity_controllers' build argument 'cmake_target_skip_unavailable' from command line to 'False'
[2.884s] Level 5:colcon.colcon_core.verb:set package 'velocity_controllers' build argument 'cmake_clean_cache' from command line to 'False'
[2.885s] Level 5:colcon.colcon_core.verb:set package 'velocity_controllers' build argument 'cmake_clean_first' from command line to 'False'
[2.885s] Level 5:colcon.colcon_core.verb:set package 'velocity_controllers' build argument 'cmake_force_configure' from command line to 'False'
[2.885s] Level 5:colcon.colcon_core.verb:set package 'velocity_controllers' build argument 'ament_cmake_args' from command line to 'None'
[2.885s] Level 5:colcon.colcon_core.verb:set package 'velocity_controllers' build argument 'catkin_cmake_args' from command line to 'None'
[2.885s] Level 5:colcon.colcon_core.verb:set package 'velocity_controllers' build argument 'catkin_skip_building_tests' from command line to 'False'
[2.885s] DEBUG:colcon.colcon_core.verb:Building package 'velocity_controllers' with the following arguments: {'ament_cmake_args': None, 'build_base': '/home/pinet/SLAM_AGV/workspace/build/velocity_controllers', 'catkin_cmake_args': None, 'catkin_skip_building_tests': False, 'cmake_args': None, 'cmake_clean_cache': False, 'cmake_clean_first': False, 'cmake_force_configure': False, 'cmake_target': None, 'cmake_target_skip_unavailable': False, 'install_base': '/home/pinet/SLAM_AGV/workspace/install/velocity_controllers', 'merge_install': False, 'path': '/home/pinet/SLAM_AGV/workspace/src/ros2_controllers/velocity_controllers', 'symlink_install': True, 'test_result_base': None}
[2.887s] Level 5:colcon.colcon_core.verb:set package 'ros2_controllers' build argument 'cmake_args' from command line to 'None'
[2.887s] Level 5:colcon.colcon_core.verb:set package 'ros2_controllers' build argument 'cmake_target' from command line to 'None'
[2.887s] Level 5:colcon.colcon_core.verb:set package 'ros2_controllers' build argument 'cmake_target_skip_unavailable' from command line to 'False'
[2.887s] Level 5:colcon.colcon_core.verb:set package 'ros2_controllers' build argument 'cmake_clean_cache' from command line to 'False'
[2.887s] Level 5:colcon.colcon_core.verb:set package 'ros2_controllers' build argument 'cmake_clean_first' from command line to 'False'
[2.887s] Level 5:colcon.colcon_core.verb:set package 'ros2_controllers' build argument 'cmake_force_configure' from command line to 'False'
[2.887s] Level 5:colcon.colcon_core.verb:set package 'ros2_controllers' build argument 'ament_cmake_args' from command line to 'None'
[2.887s] Level 5:colcon.colcon_core.verb:set package 'ros2_controllers' build argument 'catkin_cmake_args' from command line to 'None'
[2.888s] Level 5:colcon.colcon_core.verb:set package 'ros2_controllers' build argument 'catkin_skip_building_tests' from command line to 'False'
[2.888s] DEBUG:colcon.colcon_core.verb:Building package 'ros2_controllers' with the following arguments: {'ament_cmake_args': None, 'build_base': '/home/pinet/SLAM_AGV/workspace/build/ros2_controllers', 'catkin_cmake_args': None, 'catkin_skip_building_tests': False, 'cmake_args': None, 'cmake_clean_cache': False, 'cmake_clean_first': False, 'cmake_force_configure': False, 'cmake_target': None, 'cmake_target_skip_unavailable': False, 'install_base': '/home/pinet/SLAM_AGV/workspace/install/ros2_controllers', 'merge_install': False, 'path': '/home/pinet/SLAM_AGV/workspace/src/ros2_controllers/ros2_controllers', 'symlink_install': True, 'test_result_base': None}
[2.888s] INFO:colcon.colcon_core.executor:Executing jobs using 'sequential' executor
[2.892s] DEBUG:colcon.colcon_core.executor.sequential:run_until_complete 'columbus'
[2.892s] INFO:colcon.colcon_ros.task.ament_cmake.build:Building ROS package in '/home/pinet/SLAM_AGV/workspace/src/columbus' with build type 'ament_cmake'
[2.893s] INFO:colcon.colcon_cmake.task.cmake.build:Building CMake package in '/home/pinet/SLAM_AGV/workspace/src/columbus'
[2.907s] INFO:colcon.colcon_core.plugin_system:Skipping extension 'colcon_core.shell.bat': Not used on non-Windows systems
[2.908s] INFO:colcon.colcon_core.shell:Skip shell extension 'powershell' for command environment: Not usable outside of PowerShell
[2.908s] DEBUG:colcon.colcon_core.shell:Skip shell extension 'dsv' for command environment
[2.942s] DEBUG:colcon.colcon_core.event_handler.log_command:Invoking command in '/home/pinet/SLAM_AGV/workspace/build/columbus': CMAKE_PREFIX_PATH=/opt/ros/humble /usr/bin/cmake --build /home/pinet/SLAM_AGV/workspace/build/columbus -- -j4 -l4
[3.088s] DEBUG:colcon.colcon_core.event_handler.log_command:Invoked command in '/home/pinet/SLAM_AGV/workspace/build/columbus' returned '0': CMAKE_PREFIX_PATH=/opt/ros/humble /usr/bin/cmake --build /home/pinet/SLAM_AGV/workspace/build/columbus -- -j4 -l4
[3.125s] DEBUG:colcon.colcon_core.event_handler.log_command:Invoking command in '/home/pinet/SLAM_AGV/workspace/build/columbus': CMAKE_PREFIX_PATH=/opt/ros/humble /usr/bin/cmake --install /home/pinet/SLAM_AGV/workspace/build/columbus
[3.217s] Level 1:colcon.colcon_core.environment:create_environment_scripts_only(columbus)
[3.218s] DEBUG:colcon.colcon_core.event_handler.log_command:Invoked command in '/home/pinet/SLAM_AGV/workspace/build/columbus' returned '0': CMAKE_PREFIX_PATH=/opt/ros/humble /usr/bin/cmake --install /home/pinet/SLAM_AGV/workspace/build/columbus
[3.228s] Level 1:colcon.colcon_core.environment:checking '/home/pinet/SLAM_AGV/workspace/install/columbus' for CMake module files
[3.231s] Level 1:colcon.colcon_core.environment:checking '/home/pinet/SLAM_AGV/workspace/install/columbus' for CMake config files
[3.233s] Level 1:colcon.colcon_core.shell:create_environment_hook('columbus', 'cmake_prefix_path')
[3.234s] INFO:colcon.colcon_core.shell:Creating environment hook '/home/pinet/SLAM_AGV/workspace/install/columbus/share/columbus/hook/cmake_prefix_path.ps1'
[3.237s] INFO:colcon.colcon_core.shell:Creating environment descriptor '/home/pinet/SLAM_AGV/workspace/install/columbus/share/columbus/hook/cmake_prefix_path.dsv'
[3.239s] INFO:colcon.colcon_core.shell:Creating environment hook '/home/pinet/SLAM_AGV/workspace/install/columbus/share/columbus/hook/cmake_prefix_path.sh'
[3.243s] Level 1:colcon.colcon_core.environment:checking '/home/pinet/SLAM_AGV/workspace/install/columbus/bin'
[3.243s] Level 1:colcon.colcon_core.environment:checking '/home/pinet/SLAM_AGV/workspace/install/columbus/lib/pkgconfig/columbus.pc'
[3.244s] Level 1:colcon.colcon_core.environment:checking '/home/pinet/SLAM_AGV/workspace/install/columbus/lib/python3.10/site-packages'
[3.245s] Level 1:colcon.colcon_core.environment:checking '/home/pinet/SLAM_AGV/workspace/install/columbus/bin'
[3.246s] INFO:colcon.colcon_core.shell:Creating package script '/home/pinet/SLAM_AGV/workspace/install/columbus/share/columbus/package.ps1'
[3.249s] INFO:colcon.colcon_core.shell:Creating package descriptor '/home/pinet/SLAM_AGV/workspace/install/columbus/share/columbus/package.dsv'
[3.252s] INFO:colcon.colcon_core.shell:Creating package script '/home/pinet/SLAM_AGV/workspace/install/columbus/share/columbus/package.sh'
[3.255s] INFO:colcon.colcon_core.shell:Creating package script '/home/pinet/SLAM_AGV/workspace/install/columbus/share/columbus/package.bash'
[3.258s] INFO:colcon.colcon_core.shell:Creating package script '/home/pinet/SLAM_AGV/workspace/install/columbus/share/columbus/package.zsh'
[3.261s] Level 1:colcon.colcon_core.environment:create_file_with_runtime_dependencies(/home/pinet/SLAM_AGV/workspace/install/columbus/share/colcon-core/packages/columbus)
[3.264s] Level 1:colcon.colcon_core.environment:create_environment_scripts_only(columbus)
[3.265s] Level 1:colcon.colcon_core.environment:checking '/home/pinet/SLAM_AGV/workspace/install/columbus' for CMake module files
[3.267s] Level 1:colcon.colcon_core.environment:checking '/home/pinet/SLAM_AGV/workspace/install/columbus' for CMake config files
[3.269s] Level 1:colcon.colcon_core.shell:create_environment_hook('columbus', 'cmake_prefix_path')
[3.270s] INFO:colcon.colcon_core.shell:Creating environment hook '/home/pinet/SLAM_AGV/workspace/install/columbus/share/columbus/hook/cmake_prefix_path.ps1'
[3.272s] INFO:colcon.colcon_core.shell:Creating environment descriptor '/home/pinet/SLAM_AGV/workspace/install/columbus/share/columbus/hook/cmake_prefix_path.dsv'
[3.274s] INFO:colcon.colcon_core.shell:Creating environment hook '/home/pinet/SLAM_AGV/workspace/install/columbus/share/columbus/hook/cmake_prefix_path.sh'
[3.276s] Level 1:colcon.colcon_core.environment:checking '/home/pinet/SLAM_AGV/workspace/install/columbus/bin'
[3.276s] Level 1:colcon.colcon_core.environment:checking '/home/pinet/SLAM_AGV/workspace/install/columbus/lib/pkgconfig/columbus.pc'
[3.277s] Level 1:colcon.colcon_core.environment:checking '/home/pinet/SLAM_AGV/workspace/install/columbus/lib/python3.10/site-packages'
[3.278s] Level 1:colcon.colcon_core.environment:checking '/home/pinet/SLAM_AGV/workspace/install/columbus/bin'
[3.279s] INFO:colcon.colcon_core.shell:Creating package script '/home/pinet/SLAM_AGV/workspace/install/columbus/share/columbus/package.ps1'
[3.281s] INFO:colcon.colcon_core.shell:Creating package descriptor '/home/pinet/SLAM_AGV/workspace/install/columbus/share/columbus/package.dsv'
[3.284s] INFO:colcon.colcon_core.shell:Creating package script '/home/pinet/SLAM_AGV/workspace/install/columbus/share/columbus/package.sh'
[3.286s] INFO:colcon.colcon_core.shell:Creating package script '/home/pinet/SLAM_AGV/workspace/install/columbus/share/columbus/package.bash'
[3.288s] INFO:colcon.colcon_core.shell:Creating package script '/home/pinet/SLAM_AGV/workspace/install/columbus/share/columbus/package.zsh'
[3.290s] Level 1:colcon.colcon_core.environment:create_file_with_runtime_dependencies(/home/pinet/SLAM_AGV/workspace/install/columbus/share/colcon-core/packages/columbus)
[3.291s] DEBUG:colcon.colcon_core.executor.sequential:run_until_complete 'columbus' finished with '0'
[3.291s] DEBUG:colcon.colcon_core.executor.sequential:run_until_complete 'control_msgs'
[3.291s] INFO:colcon.colcon_ros.task.ament_cmake.build:Building ROS package in '/home/pinet/SLAM_AGV/workspace/src/control_msgs/control_msgs' with build type 'ament_cmake'
[3.292s] INFO:colcon.colcon_cmake.task.cmake.build:Building CMake package in '/home/pinet/SLAM_AGV/workspace/src/control_msgs/control_msgs'
[3.293s] INFO:colcon.colcon_core.shell:Skip shell extension 'powershell' for command environment: Not usable outside of PowerShell
[3.293s] DEBUG:colcon.colcon_core.shell:Skip shell extension 'dsv' for command environment
[3.328s] DEBUG:colcon.colcon_core.event_handler.log_command:Invoking command in '/home/pinet/SLAM_AGV/workspace/build/control_msgs': CMAKE_PREFIX_PATH=/opt/ros/humble /usr/bin/cmake --build /home/pinet/SLAM_AGV/workspace/build/control_msgs -- -j4 -l4
[4.926s] DEBUG:colcon.colcon_core.event_handler.log_command:Invoked command in '/home/pinet/SLAM_AGV/workspace/build/control_msgs' returned '0': CMAKE_PREFIX_PATH=/opt/ros/humble /usr/bin/cmake --build /home/pinet/SLAM_AGV/workspace/build/control_msgs -- -j4 -l4
[4.936s] DEBUG:colcon.colcon_core.event_handler.log_command:Invoking command in '/home/pinet/SLAM_AGV/workspace/build/control_msgs': CMAKE_PREFIX_PATH=/opt/ros/humble /usr/bin/cmake --install /home/pinet/SLAM_AGV/workspace/build/control_msgs
[5.711s] Level 1:colcon.colcon_core.environment:create_environment_scripts_only(control_msgs)
[5.712s] Level 1:colcon.colcon_core.environment:checking '/home/pinet/SLAM_AGV/workspace/install/control_msgs' for CMake module files
[5.713s] DEBUG:colcon.colcon_core.event_handler.log_command:Invoked command in '/home/pinet/SLAM_AGV/workspace/build/control_msgs' returned '0': CMAKE_PREFIX_PATH=/opt/ros/humble /usr/bin/cmake --install /home/pinet/SLAM_AGV/workspace/build/control_msgs
[5.718s] Level 1:colcon.colcon_core.environment:checking '/home/pinet/SLAM_AGV/workspace/install/control_msgs' for CMake config files
[5.725s] Level 1:colcon.colcon_core.shell:create_environment_hook('control_msgs', 'cmake_prefix_path')
[5.726s] INFO:colcon.colcon_core.shell:Creating environment hook '/home/pinet/SLAM_AGV/workspace/install/control_msgs/share/control_msgs/hook/cmake_prefix_path.ps1'
[5.728s] INFO:colcon.colcon_core.shell:Creating environment descriptor '/home/pinet/SLAM_AGV/workspace/install/control_msgs/share/control_msgs/hook/cmake_prefix_path.dsv'
[5.730s] INFO:colcon.colcon_core.shell:Creating environment hook '/home/pinet/SLAM_AGV/workspace/install/control_msgs/share/control_msgs/hook/cmake_prefix_path.sh'
[5.733s] Level 1:colcon.colcon_core.environment:checking '/home/pinet/SLAM_AGV/workspace/install/control_msgs/lib'
[5.734s] Level 1:colcon.colcon_core.shell:create_environment_hook('control_msgs', 'ld_library_path_lib')
[5.735s] INFO:colcon.colcon_core.shell:Creating environment hook '/home/pinet/SLAM_AGV/workspace/install/control_msgs/share/control_msgs/hook/ld_library_path_lib.ps1'
[5.737s] INFO:colcon.colcon_core.shell:Creating environment descriptor '/home/pinet/SLAM_AGV/workspace/install/control_msgs/share/control_msgs/hook/ld_library_path_lib.dsv'
[5.739s] INFO:colcon.colcon_core.shell:Creating environment hook '/home/pinet/SLAM_AGV/workspace/install/control_msgs/share/control_msgs/hook/ld_library_path_lib.sh'
[5.741s] Level 1:colcon.colcon_core.environment:checking '/home/pinet/SLAM_AGV/workspace/install/control_msgs/bin'
[5.741s] Level 1:colcon.colcon_core.environment:checking '/home/pinet/SLAM_AGV/workspace/install/control_msgs/lib/pkgconfig/control_msgs.pc'
[5.742s] Level 1:colcon.colcon_core.environment:checking '/home/pinet/SLAM_AGV/workspace/install/control_msgs/lib/python3.10/site-packages'
[5.743s] Level 1:colcon.colcon_core.environment:checking '/home/pinet/SLAM_AGV/workspace/install/control_msgs/bin'
[5.744s] INFO:colcon.colcon_core.shell:Creating package script '/home/pinet/SLAM_AGV/workspace/install/control_msgs/share/control_msgs/package.ps1'
[5.747s] INFO:colcon.colcon_core.shell:Creating package descriptor '/home/pinet/SLAM_AGV/workspace/install/control_msgs/share/control_msgs/package.dsv'
[5.749s] INFO:colcon.colcon_core.shell:Creating package script '/home/pinet/SLAM_AGV/workspace/install/control_msgs/share/control_msgs/package.sh'
[5.751s] INFO:colcon.colcon_core.shell:Creating package script '/home/pinet/SLAM_AGV/workspace/install/control_msgs/share/control_msgs/package.bash'
[5.752s] INFO:colcon.colcon_core.shell:Creating package script '/home/pinet/SLAM_AGV/workspace/install/control_msgs/share/control_msgs/package.zsh'
[5.754s] Level 1:colcon.colcon_core.environment:create_file_with_runtime_dependencies(/home/pinet/SLAM_AGV/workspace/install/control_msgs/share/colcon-core/packages/control_msgs)
[5.757s] Level 1:colcon.colcon_core.environment:create_environment_scripts_only(control_msgs)
[5.758s] Level 1:colcon.colcon_core.environment:checking '/home/pinet/SLAM_AGV/workspace/install/control_msgs' for CMake module files
[5.762s] Level 1:colcon.colcon_core.environment:checking '/home/pinet/SLAM_AGV/workspace/install/control_msgs' for CMake config files
[5.770s] Level 1:colcon.colcon_core.shell:create_environment_hook('control_msgs', 'cmake_prefix_path')
[5.770s] INFO:colcon.colcon_core.shell:Creating environment hook '/home/pinet/SLAM_AGV/workspace/install/control_msgs/share/control_msgs/hook/cmake_prefix_path.ps1'
[5.772s] INFO:colcon.colcon_core.shell:Creating environment descriptor '/home/pinet/SLAM_AGV/workspace/install/control_msgs/share/control_msgs/hook/cmake_prefix_path.dsv'
[5.774s] INFO:colcon.colcon_core.shell:Creating environment hook '/home/pinet/SLAM_AGV/workspace/install/control_msgs/share/control_msgs/hook/cmake_prefix_path.sh'
[5.777s] Level 1:colcon.colcon_core.environment:checking '/home/pinet/SLAM_AGV/workspace/install/control_msgs/lib'
[5.777s] Level 1:colcon.colcon_core.shell:create_environment_hook('control_msgs', 'ld_library_path_lib')
[5.778s] INFO:colcon.colcon_core.shell:Creating environment hook '/home/pinet/SLAM_AGV/workspace/install/control_msgs/share/control_msgs/hook/ld_library_path_lib.ps1'
[5.780s] INFO:colcon.colcon_core.shell:Creating environment descriptor '/home/pinet/SLAM_AGV/workspace/install/control_msgs/share/control_msgs/hook/ld_library_path_lib.dsv'
[5.782s] INFO:colcon.colcon_core.shell:Creating environment hook '/home/pinet/SLAM_AGV/workspace/install/control_msgs/share/control_msgs/hook/ld_library_path_lib.sh'
[5.783s] Level 1:colcon.colcon_core.environment:checking '/home/pinet/SLAM_AGV/workspace/install/control_msgs/bin'
[5.784s] Level 1:colcon.colcon_core.environment:checking '/home/pinet/SLAM_AGV/workspace/install/control_msgs/lib/pkgconfig/control_msgs.pc'
[5.785s] Level 1:colcon.colcon_core.environment:checking '/home/pinet/SLAM_AGV/workspace/install/control_msgs/lib/python3.10/site-packages'
[5.786s] Level 1:colcon.colcon_core.environment:checking '/home/pinet/SLAM_AGV/workspace/install/control_msgs/bin'
[5.787s] INFO:colcon.colcon_core.shell:Creating package script '/home/pinet/SLAM_AGV/workspace/install/control_msgs/share/control_msgs/package.ps1'
[5.789s] INFO:colcon.colcon_core.shell:Creating package descriptor '/home/pinet/SLAM_AGV/workspace/install/control_msgs/share/control_msgs/package.dsv'
[5.792s] INFO:colcon.colcon_core.shell:Creating package script '/home/pinet/SLAM_AGV/workspace/install/control_msgs/share/control_msgs/package.sh'
[5.794s] INFO:colcon.colcon_core.shell:Creating package script '/home/pinet/SLAM_AGV/workspace/install/control_msgs/share/control_msgs/package.bash'
[5.796s] INFO:colcon.colcon_core.shell:Creating package script '/home/pinet/SLAM_AGV/workspace/install/control_msgs/share/control_msgs/package.zsh'
[5.798s] Level 1:colcon.colcon_core.environment:create_file_with_runtime_dependencies(/home/pinet/SLAM_AGV/workspace/install/control_msgs/share/colcon-core/packages/control_msgs)
[5.799s] DEBUG:colcon.colcon_core.executor.sequential:run_until_complete 'control_msgs' finished with '0'
[5.799s] DEBUG:colcon.colcon_core.executor.sequential:run_until_complete 'controller_manager_msgs'
[5.800s] INFO:colcon.colcon_ros.task.ament_cmake.build:Building ROS package in '/home/pinet/SLAM_AGV/workspace/src/ros2_control/controller_manager_msgs' with build type 'ament_cmake'
[5.800s] INFO:colcon.colcon_cmake.task.cmake.build:Building CMake package in '/home/pinet/SLAM_AGV/workspace/src/ros2_control/controller_manager_msgs'
[5.801s] INFO:colcon.colcon_core.shell:Skip shell extension 'powershell' for command environment: Not usable outside of PowerShell
[5.801s] DEBUG:colcon.colcon_core.shell:Skip shell extension 'dsv' for command environment
[5.837s] DEBUG:colcon.colcon_core.event_handler.log_command:Invoking command in '/home/pinet/SLAM_AGV/workspace/build/controller_manager_msgs': CMAKE_PREFIX_PATH=/opt/ros/humble /usr/bin/cmake --build /home/pinet/SLAM_AGV/workspace/build/controller_manager_msgs -- -j4 -l4
[7.361s] DEBUG:colcon.colcon_core.event_handler.log_command:Invoked command in '/home/pinet/SLAM_AGV/workspace/build/controller_manager_msgs' returned '0': CMAKE_PREFIX_PATH=/opt/ros/humble /usr/bin/cmake --build /home/pinet/SLAM_AGV/workspace/build/controller_manager_msgs -- -j4 -l4
[7.370s] DEBUG:colcon.colcon_core.event_handler.log_command:Invoking command in '/home/pinet/SLAM_AGV/workspace/build/controller_manager_msgs': CMAKE_PREFIX_PATH=/opt/ros/humble /usr/bin/cmake --install /home/pinet/SLAM_AGV/workspace/build/controller_manager_msgs
[8.000s] Level 1:colcon.colcon_core.environment:create_environment_scripts_only(controller_manager_msgs)
[8.002s] Level 1:colcon.colcon_core.environment:checking '/home/pinet/SLAM_AGV/workspace/install/controller_manager_msgs' for CMake module files
[8.003s] DEBUG:colcon.colcon_core.event_handler.log_command:Invoked command in '/home/pinet/SLAM_AGV/workspace/build/controller_manager_msgs' returned '0': CMAKE_PREFIX_PATH=/opt/ros/humble /usr/bin/cmake --install /home/pinet/SLAM_AGV/workspace/build/controller_manager_msgs
[8.007s] Level 1:colcon.colcon_core.environment:checking '/home/pinet/SLAM_AGV/workspace/install/controller_manager_msgs' for CMake config files
[8.014s] Level 1:colcon.colcon_core.shell:create_environment_hook('controller_manager_msgs', 'cmake_prefix_path')
[8.015s] INFO:colcon.colcon_core.shell:Creating environment hook '/home/pinet/SLAM_AGV/workspace/install/controller_manager_msgs/share/controller_manager_msgs/hook/cmake_prefix_path.ps1'
[8.017s] INFO:colcon.colcon_core.shell:Creating environment descriptor '/home/pinet/SLAM_AGV/workspace/install/controller_manager_msgs/share/controller_manager_msgs/hook/cmake_prefix_path.dsv'
[8.019s] INFO:colcon.colcon_core.shell:Creating environment hook '/home/pinet/SLAM_AGV/workspace/install/controller_manager_msgs/share/controller_manager_msgs/hook/cmake_prefix_path.sh'
[8.022s] Level 1:colcon.colcon_core.environment:checking '/home/pinet/SLAM_AGV/workspace/install/controller_manager_msgs/lib'
[8.022s] Level 1:colcon.colcon_core.shell:create_environment_hook('controller_manager_msgs', 'ld_library_path_lib')
[8.023s] INFO:colcon.colcon_core.shell:Creating environment hook '/home/pinet/SLAM_AGV/workspace/install/controller_manager_msgs/share/controller_manager_msgs/hook/ld_library_path_lib.ps1'
[8.025s] INFO:colcon.colcon_core.shell:Creating environment descriptor '/home/pinet/SLAM_AGV/workspace/install/controller_manager_msgs/share/controller_manager_msgs/hook/ld_library_path_lib.dsv'
[8.027s] INFO:colcon.colcon_core.shell:Creating environment hook '/home/pinet/SLAM_AGV/workspace/install/controller_manager_msgs/share/controller_manager_msgs/hook/ld_library_path_lib.sh'
[8.029s] Level 1:colcon.colcon_core.environment:checking '/home/pinet/SLAM_AGV/workspace/install/controller_manager_msgs/bin'
[8.029s] Level 1:colcon.colcon_core.environment:checking '/home/pinet/SLAM_AGV/workspace/install/controller_manager_msgs/lib/pkgconfig/controller_manager_msgs.pc'
[8.030s] Level 1:colcon.colcon_core.environment:checking '/home/pinet/SLAM_AGV/workspace/install/controller_manager_msgs/lib/python3.10/site-packages'
[8.031s] Level 1:colcon.colcon_core.environment:checking '/home/pinet/SLAM_AGV/workspace/install/controller_manager_msgs/bin'
[8.032s] INFO:colcon.colcon_core.shell:Creating package script '/home/pinet/SLAM_AGV/workspace/install/controller_manager_msgs/share/controller_manager_msgs/package.ps1'
[8.035s] INFO:colcon.colcon_core.shell:Creating package descriptor '/home/pinet/SLAM_AGV/workspace/install/controller_manager_msgs/share/controller_manager_msgs/package.dsv'
[8.037s] INFO:colcon.colcon_core.shell:Creating package script '/home/pinet/SLAM_AGV/workspace/install/controller_manager_msgs/share/controller_manager_msgs/package.sh'
[8.039s] INFO:colcon.colcon_core.shell:Creating package script '/home/pinet/SLAM_AGV/workspace/install/controller_manager_msgs/share/controller_manager_msgs/package.bash'
[8.040s] INFO:colcon.colcon_core.shell:Creating package script '/home/pinet/SLAM_AGV/workspace/install/controller_manager_msgs/share/controller_manager_msgs/package.zsh'
[8.042s] Level 1:colcon.colcon_core.environment:create_file_with_runtime_dependencies(/home/pinet/SLAM_AGV/workspace/install/controller_manager_msgs/share/colcon-core/packages/controller_manager_msgs)
[8.045s] Level 1:colcon.colcon_core.environment:create_environment_scripts_only(controller_manager_msgs)
[8.046s] Level 1:colcon.colcon_core.environment:checking '/home/pinet/SLAM_AGV/workspace/install/controller_manager_msgs' for CMake module files
[8.051s] Level 1:colcon.colcon_core.environment:checking '/home/pinet/SLAM_AGV/workspace/install/controller_manager_msgs' for CMake config files
[8.057s] Level 1:colcon.colcon_core.shell:create_environment_hook('controller_manager_msgs', 'cmake_prefix_path')
[8.058s] INFO:colcon.colcon_core.shell:Creating environment hook '/home/pinet/SLAM_AGV/workspace/install/controller_manager_msgs/share/controller_manager_msgs/hook/cmake_prefix_path.ps1'
[8.060s] INFO:colcon.colcon_core.shell:Creating environment descriptor '/home/pinet/SLAM_AGV/workspace/install/controller_manager_msgs/share/controller_manager_msgs/hook/cmake_prefix_path.dsv'
[8.061s] INFO:colcon.colcon_core.shell:Creating environment hook '/home/pinet/SLAM_AGV/workspace/install/controller_manager_msgs/share/controller_manager_msgs/hook/cmake_prefix_path.sh'
[8.064s] Level 1:colcon.colcon_core.environment:checking '/home/pinet/SLAM_AGV/workspace/install/controller_manager_msgs/lib'
[8.065s] Level 1:colcon.colcon_core.shell:create_environment_hook('controller_manager_msgs', 'ld_library_path_lib')
[8.066s] INFO:colcon.colcon_core.shell:Creating environment hook '/home/pinet/SLAM_AGV/workspace/install/controller_manager_msgs/share/controller_manager_msgs/hook/ld_library_path_lib.ps1'
[8.067s] INFO:colcon.colcon_core.shell:Creating environment descriptor '/home/pinet/SLAM_AGV/workspace/install/controller_manager_msgs/share/controller_manager_msgs/hook/ld_library_path_lib.dsv'
[8.069s] INFO:colcon.colcon_core.shell:Creating environment hook '/home/pinet/SLAM_AGV/workspace/install/controller_manager_msgs/share/controller_manager_msgs/hook/ld_library_path_lib.sh'
[8.071s] Level 1:colcon.colcon_core.environment:checking '/home/pinet/SLAM_AGV/workspace/install/controller_manager_msgs/bin'
[8.071s] Level 1:colcon.colcon_core.environment:checking '/home/pinet/SLAM_AGV/workspace/install/controller_manager_msgs/lib/pkgconfig/controller_manager_msgs.pc'
[8.072s] Level 1:colcon.colcon_core.environment:checking '/home/pinet/SLAM_AGV/workspace/install/controller_manager_msgs/lib/python3.10/site-packages'
[8.073s] Level 1:colcon.colcon_core.environment:checking '/home/pinet/SLAM_AGV/workspace/install/controller_manager_msgs/bin'
[8.074s] INFO:colcon.colcon_core.shell:Creating package script '/home/pinet/SLAM_AGV/workspace/install/controller_manager_msgs/share/controller_manager_msgs/package.ps1'
[8.077s] INFO:colcon.colcon_core.shell:Creating package descriptor '/home/pinet/SLAM_AGV/workspace/install/controller_manager_msgs/share/controller_manager_msgs/package.dsv'
[8.079s] INFO:colcon.colcon_core.shell:Creating package script '/home/pinet/SLAM_AGV/workspace/install/controller_manager_msgs/share/controller_manager_msgs/package.sh'
[8.081s] INFO:colcon.colcon_core.shell:Creating package script '/home/pinet/SLAM_AGV/workspace/install/controller_manager_msgs/share/controller_manager_msgs/package.bash'
[8.083s] INFO:colcon.colcon_core.shell:Creating package script '/home/pinet/SLAM_AGV/workspace/install/controller_manager_msgs/share/controller_manager_msgs/package.zsh'
[8.086s] Level 1:colcon.colcon_core.environment:create_file_with_runtime_dependencies(/home/pinet/SLAM_AGV/workspace/install/controller_manager_msgs/share/colcon-core/packages/controller_manager_msgs)
[8.087s] DEBUG:colcon.colcon_core.executor.sequential:run_until_complete 'controller_manager_msgs' finished with '0'
[8.087s] DEBUG:colcon.colcon_core.executor.sequential:run_until_complete 'joint_limits'
[8.087s] INFO:colcon.colcon_ros.task.ament_cmake.build:Building ROS package in '/home/pinet/SLAM_AGV/workspace/src/ros2_control/joint_limits' with build type 'ament_cmake'
[8.088s] INFO:colcon.colcon_cmake.task.cmake.build:Building CMake package in '/home/pinet/SLAM_AGV/workspace/src/ros2_control/joint_limits'
[8.089s] INFO:colcon.colcon_core.shell:Skip shell extension 'powershell' for command environment: Not usable outside of PowerShell
[8.089s] DEBUG:colcon.colcon_core.shell:Skip shell extension 'dsv' for command environment
[8.125s] DEBUG:colcon.colcon_core.event_handler.log_command:Invoking command in '/home/pinet/SLAM_AGV/workspace/build/joint_limits': CMAKE_PREFIX_PATH=/opt/ros/humble /usr/bin/cmake --build /home/pinet/SLAM_AGV/workspace/build/joint_limits -- -j4 -l4
[8.485s] DEBUG:colcon.colcon_core.event_handler.log_command:Invoked command in '/home/pinet/SLAM_AGV/workspace/build/joint_limits' returned '0': CMAKE_PREFIX_PATH=/opt/ros/humble /usr/bin/cmake --build /home/pinet/SLAM_AGV/workspace/build/joint_limits -- -j4 -l4
[8.495s] DEBUG:colcon.colcon_core.event_handler.log_command:Invoking command in '/home/pinet/SLAM_AGV/workspace/build/joint_limits': CMAKE_PREFIX_PATH=/opt/ros/humble /usr/bin/cmake --install /home/pinet/SLAM_AGV/workspace/build/joint_limits
[8.585s] Level 1:colcon.colcon_core.environment:create_environment_scripts_only(joint_limits)
[8.587s] Level 1:colcon.colcon_core.environment:checking '/home/pinet/SLAM_AGV/workspace/install/joint_limits' for CMake module files
[8.588s] DEBUG:colcon.colcon_core.event_handler.log_command:Invoked command in '/home/pinet/SLAM_AGV/workspace/build/joint_limits' returned '0': CMAKE_PREFIX_PATH=/opt/ros/humble /usr/bin/cmake --install /home/pinet/SLAM_AGV/workspace/build/joint_limits
[8.591s] Level 1:colcon.colcon_core.environment:checking '/home/pinet/SLAM_AGV/workspace/install/joint_limits' for CMake config files
[8.593s] Level 1:colcon.colcon_core.shell:create_environment_hook('joint_limits', 'cmake_prefix_path')
[8.594s] INFO:colcon.colcon_core.shell:Creating environment hook '/home/pinet/SLAM_AGV/workspace/install/joint_limits/share/joint_limits/hook/cmake_prefix_path.ps1'
[8.596s] INFO:colcon.colcon_core.shell:Creating environment descriptor '/home/pinet/SLAM_AGV/workspace/install/joint_limits/share/joint_limits/hook/cmake_prefix_path.dsv'
[8.598s] INFO:colcon.colcon_core.shell:Creating environment hook '/home/pinet/SLAM_AGV/workspace/install/joint_limits/share/joint_limits/hook/cmake_prefix_path.sh'
[8.600s] Level 1:colcon.colcon_core.environment:checking '/home/pinet/SLAM_AGV/workspace/install/joint_limits/lib'
[8.601s] Level 1:colcon.colcon_core.environment:checking '/home/pinet/SLAM_AGV/workspace/install/joint_limits/bin'
[8.601s] Level 1:colcon.colcon_core.environment:checking '/home/pinet/SLAM_AGV/workspace/install/joint_limits/lib/pkgconfig/joint_limits.pc'
[8.602s] Level 1:colcon.colcon_core.environment:checking '/home/pinet/SLAM_AGV/workspace/install/joint_limits/lib/python3.10/site-packages'
[8.603s] Level 1:colcon.colcon_core.environment:checking '/home/pinet/SLAM_AGV/workspace/install/joint_limits/bin'
[8.604s] INFO:colcon.colcon_core.shell:Creating package script '/home/pinet/SLAM_AGV/workspace/install/joint_limits/share/joint_limits/package.ps1'
[8.606s] INFO:colcon.colcon_core.shell:Creating package descriptor '/home/pinet/SLAM_AGV/workspace/install/joint_limits/share/joint_limits/package.dsv'
[8.608s] INFO:colcon.colcon_core.shell:Creating package script '/home/pinet/SLAM_AGV/workspace/install/joint_limits/share/joint_limits/package.sh'
[8.610s] INFO:colcon.colcon_core.shell:Creating package script '/home/pinet/SLAM_AGV/workspace/install/joint_limits/share/joint_limits/package.bash'
[8.612s] INFO:colcon.colcon_core.shell:Creating package script '/home/pinet/SLAM_AGV/workspace/install/joint_limits/share/joint_limits/package.zsh'
[8.614s] Level 1:colcon.colcon_core.environment:create_file_with_runtime_dependencies(/home/pinet/SLAM_AGV/workspace/install/joint_limits/share/colcon-core/packages/joint_limits)
[8.617s] Level 1:colcon.colcon_core.environment:create_environment_scripts_only(joint_limits)
[8.618s] Level 1:colcon.colcon_core.environment:checking '/home/pinet/SLAM_AGV/workspace/install/joint_limits' for CMake module files
[8.621s] Level 1:colcon.colcon_core.environment:checking '/home/pinet/SLAM_AGV/workspace/install/joint_limits' for CMake config files
[8.623s] Level 1:colcon.colcon_core.shell:create_environment_hook('joint_limits', 'cmake_prefix_path')
[8.623s] INFO:colcon.colcon_core.shell:Creating environment hook '/home/pinet/SLAM_AGV/workspace/install/joint_limits/share/joint_limits/hook/cmake_prefix_path.ps1'
[8.625s] INFO:colcon.colcon_core.shell:Creating environment descriptor '/home/pinet/SLAM_AGV/workspace/install/joint_limits/share/joint_limits/hook/cmake_prefix_path.dsv'
[8.627s] INFO:colcon.colcon_core.shell:Creating environment hook '/home/pinet/SLAM_AGV/workspace/install/joint_limits/share/joint_limits/hook/cmake_prefix_path.sh'
[8.630s] Level 1:colcon.colcon_core.environment:checking '/home/pinet/SLAM_AGV/workspace/install/joint_limits/lib'
[8.630s] Level 1:colcon.colcon_core.environment:checking '/home/pinet/SLAM_AGV/workspace/install/joint_limits/bin'
[8.630s] Level 1:colcon.colcon_core.environment:checking '/home/pinet/SLAM_AGV/workspace/install/joint_limits/lib/pkgconfig/joint_limits.pc'
[8.631s] Level 1:colcon.colcon_core.environment:checking '/home/pinet/SLAM_AGV/workspace/install/joint_limits/lib/python3.10/site-packages'
[8.632s] Level 1:colcon.colcon_core.environment:checking '/home/pinet/SLAM_AGV/workspace/install/joint_limits/bin'
[8.633s] INFO:colcon.colcon_core.shell:Creating package script '/home/pinet/SLAM_AGV/workspace/install/joint_limits/share/joint_limits/package.ps1'
[8.635s] INFO:colcon.colcon_core.shell:Creating package descriptor '/home/pinet/SLAM_AGV/workspace/install/joint_limits/share/joint_limits/package.dsv'
[8.638s] INFO:colcon.colcon_core.shell:Creating package script '/home/pinet/SLAM_AGV/workspace/install/joint_limits/share/joint_limits/package.sh'
[8.640s] INFO:colcon.colcon_core.shell:Creating package script '/home/pinet/SLAM_AGV/workspace/install/joint_limits/share/joint_limits/package.bash'
[8.643s] INFO:colcon.colcon_core.shell:Creating package script '/home/pinet/SLAM_AGV/workspace/install/joint_limits/share/joint_limits/package.zsh'
[8.645s] Level 1:colcon.colcon_core.environment:create_file_with_runtime_dependencies(/home/pinet/SLAM_AGV/workspace/install/joint_limits/share/colcon-core/packages/joint_limits)
[8.646s] DEBUG:colcon.colcon_core.executor.sequential:run_until_complete 'joint_limits' finished with '0'
[8.646s] DEBUG:colcon.colcon_core.executor.sequential:run_until_complete 'joy_tester'
[8.647s] INFO:colcon.colcon_ros.task.ament_python.build:Building ROS package in '/home/pinet/SLAM_AGV/workspace/src/joy_tester' with build type 'ament_python'
[8.647s] Level 1:colcon.colcon_core.shell:create_environment_hook('joy_tester', 'ament_prefix_path')
[8.648s] INFO:colcon.colcon_core.shell:Creating environment hook '/home/pinet/SLAM_AGV/workspace/install/joy_tester/share/joy_tester/hook/ament_prefix_path.ps1'
[8.651s] INFO:colcon.colcon_core.shell:Creating environment descriptor '/home/pinet/SLAM_AGV/workspace/install/joy_tester/share/joy_tester/hook/ament_prefix_path.dsv'
[8.653s] INFO:colcon.colcon_core.shell:Creating environment hook '/home/pinet/SLAM_AGV/workspace/install/joy_tester/share/joy_tester/hook/ament_prefix_path.sh'
[8.656s] INFO:colcon.colcon_core.shell:Skip shell extension 'powershell' for command environment: Not usable outside of PowerShell
[8.656s] DEBUG:colcon.colcon_core.shell:Skip shell extension 'dsv' for command environment
[9.663s] INFO:colcon.colcon_core.task.python.build:Building Python package in '/home/pinet/SLAM_AGV/workspace/src/joy_tester'
[9.664s] INFO:colcon.colcon_core.shell:Skip shell extension 'powershell' for command environment: Not usable outside of PowerShell
[9.664s] DEBUG:colcon.colcon_core.shell:Skip shell extension 'dsv' for command environment
[11.116s] DEBUG:colcon.colcon_core.event_handler.log_command:Invoking command in '/home/pinet/SLAM_AGV/workspace/build/joy_tester': PYTHONPATH=/home/pinet/SLAM_AGV/workspace/build/joy_tester/prefix_override:/usr/lib/python3/dist-packages/colcon_core/task/python/colcon_distutils_commands:/home/pinet/SLAM_AGV/workspace/install/joy_tester/lib/python3.10/site-packages:${PYTHONPATH} /usr/bin/python3 -W ignore:setup.py install is deprecated -W ignore:easy_install command is deprecated setup.py develop --editable --build-directory /home/pinet/SLAM_AGV/workspace/build/joy_tester/build --no-deps symlink_data
[12.860s] Level 1:colcon.colcon_core.shell:create_environment_hook('joy_tester', 'pythonpath_develop')
[12.861s] INFO:colcon.colcon_core.shell:Creating environment hook '/home/pinet/SLAM_AGV/workspace/build/joy_tester/share/joy_tester/hook/pythonpath_develop.ps1'
[12.862s] DEBUG:colcon.colcon_core.event_handler.log_command:Invoked command in '/home/pinet/SLAM_AGV/workspace/build/joy_tester' returned '0': PYTHONPATH=/home/pinet/SLAM_AGV/workspace/build/joy_tester/prefix_override:/usr/lib/python3/dist-packages/colcon_core/task/python/colcon_distutils_commands:/home/pinet/SLAM_AGV/workspace/install/joy_tester/lib/python3.10/site-packages:${PYTHONPATH} /usr/bin/python3 -W ignore:setup.py install is deprecated -W ignore:easy_install command is deprecated setup.py develop --editable --build-directory /home/pinet/SLAM_AGV/workspace/build/joy_tester/build --no-deps symlink_data
[12.864s] INFO:colcon.colcon_core.shell:Creating environment descriptor '/home/pinet/SLAM_AGV/workspace/build/joy_tester/share/joy_tester/hook/pythonpath_develop.dsv'
[12.866s] INFO:colcon.colcon_core.shell:Creating environment hook '/home/pinet/SLAM_AGV/workspace/build/joy_tester/share/joy_tester/hook/pythonpath_develop.sh'
[12.869s] Level 1:colcon.colcon_core.environment:checking '/home/pinet/SLAM_AGV/workspace/install/joy_tester' for CMake module files
[12.871s] Level 1:colcon.colcon_core.environment:checking '/home/pinet/SLAM_AGV/workspace/install/joy_tester' for CMake config files
[12.874s] Level 1:colcon.colcon_core.environment:checking '/home/pinet/SLAM_AGV/workspace/install/joy_tester/lib'
[12.875s] Level 1:colcon.colcon_core.environment:checking '/home/pinet/SLAM_AGV/workspace/install/joy_tester/bin'
[12.875s] Level 1:colcon.colcon_core.environment:checking '/home/pinet/SLAM_AGV/workspace/install/joy_tester/lib/pkgconfig/joy_tester.pc'
[12.876s] Level 1:colcon.colcon_core.environment:checking '/home/pinet/SLAM_AGV/workspace/install/joy_tester/lib/python3.10/site-packages'
[12.876s] Level 1:colcon.colcon_core.shell:create_environment_hook('joy_tester', 'pythonpath')
[12.877s] INFO:colcon.colcon_core.shell:Creating environment hook '/home/pinet/SLAM_AGV/workspace/install/joy_tester/share/joy_tester/hook/pythonpath.ps1'
[12.879s] INFO:colcon.colcon_core.shell:Creating environment descriptor '/home/pinet/SLAM_AGV/workspace/install/joy_tester/share/joy_tester/hook/pythonpath.dsv'
[12.881s] INFO:colcon.colcon_core.shell:Creating environment hook '/home/pinet/SLAM_AGV/workspace/install/joy_tester/share/joy_tester/hook/pythonpath.sh'
[12.884s] Level 1:colcon.colcon_core.environment:checking '/home/pinet/SLAM_AGV/workspace/install/joy_tester/bin'
[12.884s] Level 1:colcon.colcon_core.environment:create_environment_scripts_only(joy_tester)
[12.885s] INFO:colcon.colcon_core.shell:Creating package script '/home/pinet/SLAM_AGV/workspace/install/joy_tester/share/joy_tester/package.ps1'
[12.888s] INFO:colcon.colcon_core.shell:Creating package descriptor '/home/pinet/SLAM_AGV/workspace/install/joy_tester/share/joy_tester/package.dsv'
[12.890s] INFO:colcon.colcon_core.shell:Creating package script '/home/pinet/SLAM_AGV/workspace/install/joy_tester/share/joy_tester/package.sh'
[12.893s] INFO:colcon.colcon_core.shell:Creating package script '/home/pinet/SLAM_AGV/workspace/install/joy_tester/share/joy_tester/package.bash'
[12.895s] INFO:colcon.colcon_core.shell:Creating package script '/home/pinet/SLAM_AGV/workspace/install/joy_tester/share/joy_tester/package.zsh'
[12.896s] Level 1:colcon.colcon_core.environment:create_file_with_runtime_dependencies(/home/pinet/SLAM_AGV/workspace/install/joy_tester/share/colcon-core/packages/joy_tester)
[12.897s] DEBUG:colcon.colcon_core.executor.sequential:run_until_complete 'joy_tester' finished with '0'
[12.898s] DEBUG:colcon.colcon_core.executor.sequential:run_until_complete 'pi2stm_comms'
[12.898s] INFO:colcon.colcon_ros.task.ament_python.build:Building ROS package in '/home/pinet/SLAM_AGV/workspace/src/pi2stm_comms' with build type 'ament_python'
[12.899s] Level 1:colcon.colcon_core.shell:create_environment_hook('pi2stm_comms', 'ament_prefix_path')
[12.900s] INFO:colcon.colcon_core.shell:Creating environment hook '/home/pinet/SLAM_AGV/workspace/install/pi2stm_comms/share/pi2stm_comms/hook/ament_prefix_path.ps1'
[12.903s] INFO:colcon.colcon_core.shell:Creating environment descriptor '/home/pinet/SLAM_AGV/workspace/install/pi2stm_comms/share/pi2stm_comms/hook/ament_prefix_path.dsv'
[12.905s] INFO:colcon.colcon_core.shell:Creating environment hook '/home/pinet/SLAM_AGV/workspace/install/pi2stm_comms/share/pi2stm_comms/hook/ament_prefix_path.sh'
[12.908s] INFO:colcon.colcon_core.shell:Skip shell extension 'powershell' for command environment: Not usable outside of PowerShell
[12.908s] DEBUG:colcon.colcon_core.shell:Skip shell extension 'dsv' for command environment
[13.929s] INFO:colcon.colcon_core.task.python.build:Building Python package in '/home/pinet/SLAM_AGV/workspace/src/pi2stm_comms'
[13.930s] INFO:colcon.colcon_core.shell:Skip shell extension 'powershell' for command environment: Not usable outside of PowerShell
[13.930s] DEBUG:colcon.colcon_core.shell:Skip shell extension 'dsv' for command environment
[15.383s] DEBUG:colcon.colcon_core.event_handler.log_command:Invoking command in '/home/pinet/SLAM_AGV/workspace/build/pi2stm_comms': PYTHONPATH=/home/pinet/SLAM_AGV/workspace/build/pi2stm_comms/prefix_override:/usr/lib/python3/dist-packages/colcon_core/task/python/colcon_distutils_commands:/home/pinet/SLAM_AGV/workspace/install/pi2stm_comms/lib/python3.10/site-packages:${PYTHONPATH} /usr/bin/python3 -W ignore:setup.py install is deprecated -W ignore:easy_install command is deprecated setup.py develop --editable --build-directory /home/pinet/SLAM_AGV/workspace/build/pi2stm_comms/build --no-deps symlink_data
[17.132s] Level 1:colcon.colcon_core.shell:create_environment_hook('pi2stm_comms', 'pythonpath_develop')
[17.133s] INFO:colcon.colcon_core.shell:Creating environment hook '/home/pinet/SLAM_AGV/workspace/build/pi2stm_comms/share/pi2stm_comms/hook/pythonpath_develop.ps1'
[17.134s] DEBUG:colcon.colcon_core.event_handler.log_command:Invoked command in '/home/pinet/SLAM_AGV/workspace/build/pi2stm_comms' returned '0': PYTHONPATH=/home/pinet/SLAM_AGV/workspace/build/pi2stm_comms/prefix_override:/usr/lib/python3/dist-packages/colcon_core/task/python/colcon_distutils_commands:/home/pinet/SLAM_AGV/workspace/install/pi2stm_comms/lib/python3.10/site-packages:${PYTHONPATH} /usr/bin/python3 -W ignore:setup.py install is deprecated -W ignore:easy_install command is deprecated setup.py develop --editable --build-directory /home/pinet/SLAM_AGV/workspace/build/pi2stm_comms/build --no-deps symlink_data
[17.136s] INFO:colcon.colcon_core.shell:Creating environment descriptor '/home/pinet/SLAM_AGV/workspace/build/pi2stm_comms/share/pi2stm_comms/hook/pythonpath_develop.dsv'
[17.137s] INFO:colcon.colcon_core.shell:Creating environment hook '/home/pinet/SLAM_AGV/workspace/build/pi2stm_comms/share/pi2stm_comms/hook/pythonpath_develop.sh'
[17.141s] Level 1:colcon.colcon_core.environment:checking '/home/pinet/SLAM_AGV/workspace/install/pi2stm_comms' for CMake module files
[17.145s] Level 1:colcon.colcon_core.environment:checking '/home/pinet/SLAM_AGV/workspace/install/pi2stm_comms' for CMake config files
[17.148s] Level 1:colcon.colcon_core.environment:checking '/home/pinet/SLAM_AGV/workspace/install/pi2stm_comms/lib'
[17.149s] Level 1:colcon.colcon_core.environment:checking '/home/pinet/SLAM_AGV/workspace/install/pi2stm_comms/bin'
[17.149s] Level 1:colcon.colcon_core.environment:checking '/home/pinet/SLAM_AGV/workspace/install/pi2stm_comms/lib/pkgconfig/pi2stm_comms.pc'
[17.150s] Level 1:colcon.colcon_core.environment:checking '/home/pinet/SLAM_AGV/workspace/install/pi2stm_comms/lib/python3.10/site-packages'
[17.151s] Level 1:colcon.colcon_core.shell:create_environment_hook('pi2stm_comms', 'pythonpath')
[17.152s] INFO:colcon.colcon_core.shell:Creating environment hook '/home/pinet/SLAM_AGV/workspace/install/pi2stm_comms/share/pi2stm_comms/hook/pythonpath.ps1'
[17.154s] INFO:colcon.colcon_core.shell:Creating environment descriptor '/home/pinet/SLAM_AGV/workspace/install/pi2stm_comms/share/pi2stm_comms/hook/pythonpath.dsv'
[17.155s] INFO:colcon.colcon_core.shell:Creating environment hook '/home/pinet/SLAM_AGV/workspace/install/pi2stm_comms/share/pi2stm_comms/hook/pythonpath.sh'
[17.158s] Level 1:colcon.colcon_core.environment:checking '/home/pinet/SLAM_AGV/workspace/install/pi2stm_comms/bin'
[17.158s] Level 1:colcon.colcon_core.environment:create_environment_scripts_only(pi2stm_comms)
[17.160s] INFO:colcon.colcon_core.shell:Creating package script '/home/pinet/SLAM_AGV/workspace/install/pi2stm_comms/share/pi2stm_comms/package.ps1'
[17.162s] INFO:colcon.colcon_core.shell:Creating package descriptor '/home/pinet/SLAM_AGV/workspace/install/pi2stm_comms/share/pi2stm_comms/package.dsv'
[17.164s] INFO:colcon.colcon_core.shell:Creating package script '/home/pinet/SLAM_AGV/workspace/install/pi2stm_comms/share/pi2stm_comms/package.sh'
[17.167s] INFO:colcon.colcon_core.shell:Creating package script '/home/pinet/SLAM_AGV/workspace/install/pi2stm_comms/share/pi2stm_comms/package.bash'
[17.169s] INFO:colcon.colcon_core.shell:Creating package script '/home/pinet/SLAM_AGV/workspace/install/pi2stm_comms/share/pi2stm_comms/package.zsh'
[17.171s] Level 1:colcon.colcon_core.environment:create_file_with_runtime_dependencies(/home/pinet/SLAM_AGV/workspace/install/pi2stm_comms/share/colcon-core/packages/pi2stm_comms)
[17.172s] DEBUG:colcon.colcon_core.executor.sequential:run_until_complete 'pi2stm_comms' finished with '0'
[17.172s] DEBUG:colcon.colcon_core.executor.sequential:run_until_complete 'ros2_control_test_assets'
[17.172s] INFO:colcon.colcon_ros.task.ament_cmake.build:Building ROS package in '/home/pinet/SLAM_AGV/workspace/src/ros2_control/ros2_control_test_assets' with build type 'ament_cmake'
[17.173s] INFO:colcon.colcon_cmake.task.cmake.build:Building CMake package in '/home/pinet/SLAM_AGV/workspace/src/ros2_control/ros2_control_test_assets'
[17.174s] INFO:colcon.colcon_core.shell:Skip shell extension 'powershell' for command environment: Not usable outside of PowerShell
[17.174s] DEBUG:colcon.colcon_core.shell:Skip shell extension 'dsv' for command environment
[17.212s] DEBUG:colcon.colcon_core.event_handler.log_command:Invoking command in '/home/pinet/SLAM_AGV/workspace/build/ros2_control_test_assets': CMAKE_PREFIX_PATH=/opt/ros/humble /usr/bin/cmake --build /home/pinet/SLAM_AGV/workspace/build/ros2_control_test_assets -- -j4 -l4
[17.347s] DEBUG:colcon.colcon_core.event_handler.log_command:Invoked command in '/home/pinet/SLAM_AGV/workspace/build/ros2_control_test_assets' returned '0': CMAKE_PREFIX_PATH=/opt/ros/humble /usr/bin/cmake --build /home/pinet/SLAM_AGV/workspace/build/ros2_control_test_assets -- -j4 -l4
[17.356s] DEBUG:colcon.colcon_core.event_handler.log_command:Invoking command in '/home/pinet/SLAM_AGV/workspace/build/ros2_control_test_assets': CMAKE_PREFIX_PATH=/opt/ros/humble /usr/bin/cmake --install /home/pinet/SLAM_AGV/workspace/build/ros2_control_test_assets
[17.438s] Level 1:colcon.colcon_core.environment:create_environment_scripts_only(ros2_control_test_assets)
[17.439s] Level 1:colcon.colcon_core.environment:checking '/home/pinet/SLAM_AGV/workspace/install/ros2_control_test_assets' for CMake module files
[17.441s] DEBUG:colcon.colcon_core.event_handler.log_command:Invoked command in '/home/pinet/SLAM_AGV/workspace/build/ros2_control_test_assets' returned '0': CMAKE_PREFIX_PATH=/opt/ros/humble /usr/bin/cmake --install /home/pinet/SLAM_AGV/workspace/build/ros2_control_test_assets
[17.443s] Level 1:colcon.colcon_core.environment:checking '/home/pinet/SLAM_AGV/workspace/install/ros2_control_test_assets' for CMake config files
[17.445s] Level 1:colcon.colcon_core.shell:create_environment_hook('ros2_control_test_assets', 'cmake_prefix_path')
[17.446s] INFO:colcon.colcon_core.shell:Creating environment hook '/home/pinet/SLAM_AGV/workspace/install/ros2_control_test_assets/share/ros2_control_test_assets/hook/cmake_prefix_path.ps1'
[17.448s] INFO:colcon.colcon_core.shell:Creating environment descriptor '/home/pinet/SLAM_AGV/workspace/install/ros2_control_test_assets/share/ros2_control_test_assets/hook/cmake_prefix_path.dsv'
[17.450s] INFO:colcon.colcon_core.shell:Creating environment hook '/home/pinet/SLAM_AGV/workspace/install/ros2_control_test_assets/share/ros2_control_test_assets/hook/cmake_prefix_path.sh'
[17.453s] Level 1:colcon.colcon_core.environment:checking '/home/pinet/SLAM_AGV/workspace/install/ros2_control_test_assets/bin'
[17.453s] Level 1:colcon.colcon_core.environment:checking '/home/pinet/SLAM_AGV/workspace/install/ros2_control_test_assets/lib/pkgconfig/ros2_control_test_assets.pc'
[17.454s] Level 1:colcon.colcon_core.environment:checking '/home/pinet/SLAM_AGV/workspace/install/ros2_control_test_assets/lib/python3.10/site-packages'
[17.455s] Level 1:colcon.colcon_core.environment:checking '/home/pinet/SLAM_AGV/workspace/install/ros2_control_test_assets/bin'
[17.456s] INFO:colcon.colcon_core.shell:Creating package script '/home/pinet/SLAM_AGV/workspace/install/ros2_control_test_assets/share/ros2_control_test_assets/package.ps1'
[17.458s] INFO:colcon.colcon_core.shell:Creating package descriptor '/home/pinet/SLAM_AGV/workspace/install/ros2_control_test_assets/share/ros2_control_test_assets/package.dsv'
[17.460s] INFO:colcon.colcon_core.shell:Creating package script '/home/pinet/SLAM_AGV/workspace/install/ros2_control_test_assets/share/ros2_control_test_assets/package.sh'
[17.463s] INFO:colcon.colcon_core.shell:Creating package script '/home/pinet/SLAM_AGV/workspace/install/ros2_control_test_assets/share/ros2_control_test_assets/package.bash'
[17.465s] INFO:colcon.colcon_core.shell:Creating package script '/home/pinet/SLAM_AGV/workspace/install/ros2_control_test_assets/share/ros2_control_test_assets/package.zsh'
[17.467s] Level 1:colcon.colcon_core.environment:create_file_with_runtime_dependencies(/home/pinet/SLAM_AGV/workspace/install/ros2_control_test_assets/share/colcon-core/packages/ros2_control_test_assets)
[17.470s] Level 1:colcon.colcon_core.environment:create_environment_scripts_only(ros2_control_test_assets)
[17.471s] Level 1:colcon.colcon_core.environment:checking '/home/pinet/SLAM_AGV/workspace/install/ros2_control_test_assets' for CMake module files
[17.473s] Level 1:colcon.colcon_core.environment:checking '/home/pinet/SLAM_AGV/workspace/install/ros2_control_test_assets' for CMake config files
[17.475s] Level 1:colcon.colcon_core.shell:create_environment_hook('ros2_control_test_assets', 'cmake_prefix_path')
[17.476s] INFO:colcon.colcon_core.shell:Creating environment hook '/home/pinet/SLAM_AGV/workspace/install/ros2_control_test_assets/share/ros2_control_test_assets/hook/cmake_prefix_path.ps1'
[17.477s] INFO:colcon.colcon_core.shell:Creating environment descriptor '/home/pinet/SLAM_AGV/workspace/install/ros2_control_test_assets/share/ros2_control_test_assets/hook/cmake_prefix_path.dsv'
[17.479s] INFO:colcon.colcon_core.shell:Creating environment hook '/home/pinet/SLAM_AGV/workspace/install/ros2_control_test_assets/share/ros2_control_test_assets/hook/cmake_prefix_path.sh'
[17.482s] Level 1:colcon.colcon_core.environment:checking '/home/pinet/SLAM_AGV/workspace/install/ros2_control_test_assets/bin'
[17.483s] Level 1:colcon.colcon_core.environment:checking '/home/pinet/SLAM_AGV/workspace/install/ros2_control_test_assets/lib/pkgconfig/ros2_control_test_assets.pc'
[17.483s] Level 1:colcon.colcon_core.environment:checking '/home/pinet/SLAM_AGV/workspace/install/ros2_control_test_assets/lib/python3.10/site-packages'
[17.484s] Level 1:colcon.colcon_core.environment:checking '/home/pinet/SLAM_AGV/workspace/install/ros2_control_test_assets/bin'
[17.485s] INFO:colcon.colcon_core.shell:Creating package script '/home/pinet/SLAM_AGV/workspace/install/ros2_control_test_assets/share/ros2_control_test_assets/package.ps1'
[17.488s] INFO:colcon.colcon_core.shell:Creating package descriptor '/home/pinet/SLAM_AGV/workspace/install/ros2_control_test_assets/share/ros2_control_test_assets/package.dsv'
[17.490s] INFO:colcon.colcon_core.shell:Creating package script '/home/pinet/SLAM_AGV/workspace/install/ros2_control_test_assets/share/ros2_control_test_assets/package.sh'
[17.492s] INFO:colcon.colcon_core.shell:Creating package script '/home/pinet/SLAM_AGV/workspace/install/ros2_control_test_assets/share/ros2_control_test_assets/package.bash'
[17.494s] INFO:colcon.colcon_core.shell:Creating package script '/home/pinet/SLAM_AGV/workspace/install/ros2_control_test_assets/share/ros2_control_test_assets/package.zsh'
[17.496s] Level 1:colcon.colcon_core.environment:create_file_with_runtime_dependencies(/home/pinet/SLAM_AGV/workspace/install/ros2_control_test_assets/share/colcon-core/packages/ros2_control_test_assets)
[17.497s] DEBUG:colcon.colcon_core.executor.sequential:run_until_complete 'ros2_control_test_assets' finished with '0'
[17.498s] DEBUG:colcon.colcon_core.executor.sequential:run_until_complete 'ros2_controllers_test_nodes'
[17.498s] INFO:colcon.colcon_ros.task.ament_python.build:Building ROS package in '/home/pinet/SLAM_AGV/workspace/src/ros2_controllers/ros2_controllers_test_nodes' with build type 'ament_python'
[17.499s] Level 1:colcon.colcon_core.shell:create_environment_hook('ros2_controllers_test_nodes', 'ament_prefix_path')
[17.499s] INFO:colcon.colcon_core.shell:Creating environment hook '/home/pinet/SLAM_AGV/workspace/install/ros2_controllers_test_nodes/share/ros2_controllers_test_nodes/hook/ament_prefix_path.ps1'
[17.502s] INFO:colcon.colcon_core.shell:Creating environment descriptor '/home/pinet/SLAM_AGV/workspace/install/ros2_controllers_test_nodes/share/ros2_controllers_test_nodes/hook/ament_prefix_path.dsv'
[17.505s] INFO:colcon.colcon_core.shell:Creating environment hook '/home/pinet/SLAM_AGV/workspace/install/ros2_controllers_test_nodes/share/ros2_controllers_test_nodes/hook/ament_prefix_path.sh'
[17.507s] INFO:colcon.colcon_core.shell:Skip shell extension 'powershell' for command environment: Not usable outside of PowerShell
[17.508s] DEBUG:colcon.colcon_core.shell:Skip shell extension 'dsv' for command environment
[18.533s] INFO:colcon.colcon_core.task.python.build:Building Python package in '/home/pinet/SLAM_AGV/workspace/src/ros2_controllers/ros2_controllers_test_nodes'
[18.534s] INFO:colcon.colcon_core.shell:Skip shell extension 'powershell' for command environment: Not usable outside of PowerShell
[18.534s] DEBUG:colcon.colcon_core.shell:Skip shell extension 'dsv' for command environment
[19.991s] DEBUG:colcon.colcon_core.event_handler.log_command:Invoking command in '/home/pinet/SLAM_AGV/workspace/build/ros2_controllers_test_nodes': PYTHONPATH=/home/pinet/SLAM_AGV/workspace/build/ros2_controllers_test_nodes/prefix_override:/usr/lib/python3/dist-packages/colcon_core/task/python/colcon_distutils_commands:/home/pinet/SLAM_AGV/workspace/install/ros2_controllers_test_nodes/lib/python3.10/site-packages:${PYTHONPATH} /usr/bin/python3 -W ignore:setup.py install is deprecated -W ignore:easy_install command is deprecated setup.py develop --editable --build-directory /home/pinet/SLAM_AGV/workspace/build/ros2_controllers_test_nodes/build --no-deps symlink_data
[21.730s] Level 1:colcon.colcon_core.shell:create_environment_hook('ros2_controllers_test_nodes', 'pythonpath_develop')
[21.731s] INFO:colcon.colcon_core.shell:Creating environment hook '/home/pinet/SLAM_AGV/workspace/build/ros2_controllers_test_nodes/share/ros2_controllers_test_nodes/hook/pythonpath_develop.ps1'
[21.732s] DEBUG:colcon.colcon_core.event_handler.log_command:Invoked command in '/home/pinet/SLAM_AGV/workspace/build/ros2_controllers_test_nodes' returned '0': PYTHONPATH=/home/pinet/SLAM_AGV/workspace/build/ros2_controllers_test_nodes/prefix_override:/usr/lib/python3/dist-packages/colcon_core/task/python/colcon_distutils_commands:/home/pinet/SLAM_AGV/workspace/install/ros2_controllers_test_nodes/lib/python3.10/site-packages:${PYTHONPATH} /usr/bin/python3 -W ignore:setup.py install is deprecated -W ignore:easy_install command is deprecated setup.py develop --editable --build-directory /home/pinet/SLAM_AGV/workspace/build/ros2_controllers_test_nodes/build --no-deps symlink_data
[21.734s] INFO:colcon.colcon_core.shell:Creating environment descriptor '/home/pinet/SLAM_AGV/workspace/build/ros2_controllers_test_nodes/share/ros2_controllers_test_nodes/hook/pythonpath_develop.dsv'
[21.736s] INFO:colcon.colcon_core.shell:Creating environment hook '/home/pinet/SLAM_AGV/workspace/build/ros2_controllers_test_nodes/share/ros2_controllers_test_nodes/hook/pythonpath_develop.sh'
[21.739s] Level 1:colcon.colcon_core.environment:checking '/home/pinet/SLAM_AGV/workspace/install/ros2_controllers_test_nodes' for CMake module files
[21.742s] Level 1:colcon.colcon_core.environment:checking '/home/pinet/SLAM_AGV/workspace/install/ros2_controllers_test_nodes' for CMake config files
[21.745s] Level 1:colcon.colcon_core.environment:checking '/home/pinet/SLAM_AGV/workspace/install/ros2_controllers_test_nodes/lib'
[21.746s] Level 1:colcon.colcon_core.environment:checking '/home/pinet/SLAM_AGV/workspace/install/ros2_controllers_test_nodes/bin'
[21.746s] Level 1:colcon.colcon_core.environment:checking '/home/pinet/SLAM_AGV/workspace/install/ros2_controllers_test_nodes/lib/pkgconfig/ros2_controllers_test_nodes.pc'
[21.747s] Level 1:colcon.colcon_core.environment:checking '/home/pinet/SLAM_AGV/workspace/install/ros2_controllers_test_nodes/lib/python3.10/site-packages'
[21.747s] Level 1:colcon.colcon_core.shell:create_environment_hook('ros2_controllers_test_nodes', 'pythonpath')
[21.748s] INFO:colcon.colcon_core.shell:Creating environment hook '/home/pinet/SLAM_AGV/workspace/install/ros2_controllers_test_nodes/share/ros2_controllers_test_nodes/hook/pythonpath.ps1'
[21.750s] INFO:colcon.colcon_core.shell:Creating environment descriptor '/home/pinet/SLAM_AGV/workspace/install/ros2_controllers_test_nodes/share/ros2_controllers_test_nodes/hook/pythonpath.dsv'
[21.752s] INFO:colcon.colcon_core.shell:Creating environment hook '/home/pinet/SLAM_AGV/workspace/install/ros2_controllers_test_nodes/share/ros2_controllers_test_nodes/hook/pythonpath.sh'
[21.755s] Level 1:colcon.colcon_core.environment:checking '/home/pinet/SLAM_AGV/workspace/install/ros2_controllers_test_nodes/bin'
[21.755s] Level 1:colcon.colcon_core.environment:create_environment_scripts_only(ros2_controllers_test_nodes)
[21.756s] INFO:colcon.colcon_core.shell:Creating package script '/home/pinet/SLAM_AGV/workspace/install/ros2_controllers_test_nodes/share/ros2_controllers_test_nodes/package.ps1'
[21.759s] INFO:colcon.colcon_core.shell:Creating package descriptor '/home/pinet/SLAM_AGV/workspace/install/ros2_controllers_test_nodes/share/ros2_controllers_test_nodes/package.dsv'
[21.761s] INFO:colcon.colcon_core.shell:Creating package script '/home/pinet/SLAM_AGV/workspace/install/ros2_controllers_test_nodes/share/ros2_controllers_test_nodes/package.sh'
[21.763s] INFO:colcon.colcon_core.shell:Creating package script '/home/pinet/SLAM_AGV/workspace/install/ros2_controllers_test_nodes/share/ros2_controllers_test_nodes/package.bash'
[21.765s] INFO:colcon.colcon_core.shell:Creating package script '/home/pinet/SLAM_AGV/workspace/install/ros2_controllers_test_nodes/share/ros2_controllers_test_nodes/package.zsh'
[21.767s] Level 1:colcon.colcon_core.environment:create_file_with_runtime_dependencies(/home/pinet/SLAM_AGV/workspace/install/ros2_controllers_test_nodes/share/colcon-core/packages/ros2_controllers_test_nodes)
[21.768s] DEBUG:colcon.colcon_core.executor.sequential:run_until_complete 'ros2_controllers_test_nodes' finished with '0'
[21.768s] DEBUG:colcon.colcon_core.executor.sequential:run_until_complete 'twist_converter'
[21.769s] INFO:colcon.colcon_ros.task.ament_python.build:Building ROS package in '/home/pinet/SLAM_AGV/workspace/src/twist_converter' with build type 'ament_python'
[21.769s] Level 1:colcon.colcon_core.shell:create_environment_hook('twist_converter', 'ament_prefix_path')
[21.770s] INFO:colcon.colcon_core.shell:Creating environment hook '/home/pinet/SLAM_AGV/workspace/install/twist_converter/share/twist_converter/hook/ament_prefix_path.ps1'
[21.773s] INFO:colcon.colcon_core.shell:Creating environment descriptor '/home/pinet/SLAM_AGV/workspace/install/twist_converter/share/twist_converter/hook/ament_prefix_path.dsv'
[21.776s] INFO:colcon.colcon_core.shell:Creating environment hook '/home/pinet/SLAM_AGV/workspace/install/twist_converter/share/twist_converter/hook/ament_prefix_path.sh'
[21.779s] INFO:colcon.colcon_core.shell:Skip shell extension 'powershell' for command environment: Not usable outside of PowerShell
[21.779s] DEBUG:colcon.colcon_core.shell:Skip shell extension 'dsv' for command environment
[22.795s] INFO:colcon.colcon_core.task.python.build:Building Python package in '/home/pinet/SLAM_AGV/workspace/src/twist_converter'
[22.796s] INFO:colcon.colcon_core.shell:Skip shell extension 'powershell' for command environment: Not usable outside of PowerShell
[22.796s] DEBUG:colcon.colcon_core.shell:Skip shell extension 'dsv' for command environment
[24.246s] DEBUG:colcon.colcon_core.event_handler.log_command:Invoking command in '/home/pinet/SLAM_AGV/workspace/build/twist_converter': PYTHONPATH=/home/pinet/SLAM_AGV/workspace/build/twist_converter/prefix_override:/usr/lib/python3/dist-packages/colcon_core/task/python/colcon_distutils_commands:/home/pinet/SLAM_AGV/workspace/install/twist_converter/lib/python3.10/site-packages:${PYTHONPATH} /usr/bin/python3 -W ignore:setup.py install is deprecated -W ignore:easy_install command is deprecated setup.py develop --editable --build-directory /home/pinet/SLAM_AGV/workspace/build/twist_converter/build --no-deps symlink_data
[25.978s] Level 1:colcon.colcon_core.shell:create_environment_hook('twist_converter', 'pythonpath_develop')
[25.979s] INFO:colcon.colcon_core.shell:Creating environment hook '/home/pinet/SLAM_AGV/workspace/build/twist_converter/share/twist_converter/hook/pythonpath_develop.ps1'
[25.980s] DEBUG:colcon.colcon_core.event_handler.log_command:Invoked command in '/home/pinet/SLAM_AGV/workspace/build/twist_converter' returned '0': PYTHONPATH=/home/pinet/SLAM_AGV/workspace/build/twist_converter/prefix_override:/usr/lib/python3/dist-packages/colcon_core/task/python/colcon_distutils_commands:/home/pinet/SLAM_AGV/workspace/install/twist_converter/lib/python3.10/site-packages:${PYTHONPATH} /usr/bin/python3 -W ignore:setup.py install is deprecated -W ignore:easy_install command is deprecated setup.py develop --editable --build-directory /home/pinet/SLAM_AGV/workspace/build/twist_converter/build --no-deps symlink_data
[25.982s] INFO:colcon.colcon_core.shell:Creating environment descriptor '/home/pinet/SLAM_AGV/workspace/build/twist_converter/share/twist_converter/hook/pythonpath_develop.dsv'
[25.984s] INFO:colcon.colcon_core.shell:Creating environment hook '/home/pinet/SLAM_AGV/workspace/build/twist_converter/share/twist_converter/hook/pythonpath_develop.sh'
[25.986s] Level 1:colcon.colcon_core.environment:checking '/home/pinet/SLAM_AGV/workspace/install/twist_converter' for CMake module files
[25.989s] Level 1:colcon.colcon_core.environment:checking '/home/pinet/SLAM_AGV/workspace/install/twist_converter' for CMake config files
[25.992s] Level 1:colcon.colcon_core.environment:checking '/home/pinet/SLAM_AGV/workspace/install/twist_converter/lib'
[25.993s] Level 1:colcon.colcon_core.environment:checking '/home/pinet/SLAM_AGV/workspace/install/twist_converter/bin'
[25.993s] Level 1:colcon.colcon_core.environment:checking '/home/pinet/SLAM_AGV/workspace/install/twist_converter/lib/pkgconfig/twist_converter.pc'
[25.994s] Level 1:colcon.colcon_core.environment:checking '/home/pinet/SLAM_AGV/workspace/install/twist_converter/lib/python3.10/site-packages'
[25.994s] Level 1:colcon.colcon_core.shell:create_environment_hook('twist_converter', 'pythonpath')
[25.995s] INFO:colcon.colcon_core.shell:Creating environment hook '/home/pinet/SLAM_AGV/workspace/install/twist_converter/share/twist_converter/hook/pythonpath.ps1'
[25.997s] INFO:colcon.colcon_core.shell:Creating environment descriptor '/home/pinet/SLAM_AGV/workspace/install/twist_converter/share/twist_converter/hook/pythonpath.dsv'
[25.999s] INFO:colcon.colcon_core.shell:Creating environment hook '/home/pinet/SLAM_AGV/workspace/install/twist_converter/share/twist_converter/hook/pythonpath.sh'
[26.002s] Level 1:colcon.colcon_core.environment:checking '/home/pinet/SLAM_AGV/workspace/install/twist_converter/bin'
[26.002s] Level 1:colcon.colcon_core.environment:create_environment_scripts_only(twist_converter)
[26.003s] INFO:colcon.colcon_core.shell:Creating package script '/home/pinet/SLAM_AGV/workspace/install/twist_converter/share/twist_converter/package.ps1'
[26.006s] INFO:colcon.colcon_core.shell:Creating package descriptor '/home/pinet/SLAM_AGV/workspace/install/twist_converter/share/twist_converter/package.dsv'
[26.008s] INFO:colcon.colcon_core.shell:Creating package script '/home/pinet/SLAM_AGV/workspace/install/twist_converter/share/twist_converter/package.sh'
[26.010s] INFO:colcon.colcon_core.shell:Creating package script '/home/pinet/SLAM_AGV/workspace/install/twist_converter/share/twist_converter/package.bash'
[26.012s] INFO:colcon.colcon_core.shell:Creating package script '/home/pinet/SLAM_AGV/workspace/install/twist_converter/share/twist_converter/package.zsh'
[26.014s] Level 1:colcon.colcon_core.environment:create_file_with_runtime_dependencies(/home/pinet/SLAM_AGV/workspace/install/twist_converter/share/colcon-core/packages/twist_converter)
[26.015s] DEBUG:colcon.colcon_core.executor.sequential:run_until_complete 'twist_converter' finished with '0'
[26.015s] DEBUG:colcon.colcon_core.executor.sequential:run_until_complete 'hardware_interface'
[26.015s] INFO:colcon.colcon_ros.task.ament_cmake.build:Building ROS package in '/home/pinet/SLAM_AGV/workspace/src/ros2_control/hardware_interface' with build type 'ament_cmake'
[26.016s] INFO:colcon.colcon_cmake.task.cmake.build:Building CMake package in '/home/pinet/SLAM_AGV/workspace/src/ros2_control/hardware_interface'
[26.017s] INFO:colcon.colcon_core.shell:Skip shell extension 'powershell' for command environment: Not usable outside of PowerShell
[26.017s] DEBUG:colcon.colcon_core.shell:Skip shell extension 'dsv' for command environment
[26.068s] DEBUG:colcon.colcon_core.event_handler.log_command:Invoking command in '/home/pinet/SLAM_AGV/workspace/build/hardware_interface': AMENT_PREFIX_PATH=/home/pinet/SLAM_AGV/workspace/install/ros2_control_test_assets:/home/pinet/SLAM_AGV/workspace/install/control_msgs:${AMENT_PREFIX_PATH} CMAKE_PREFIX_PATH=/home/pinet/SLAM_AGV/workspace/install/ros2_control_test_assets:/home/pinet/SLAM_AGV/workspace/install/control_msgs:/opt/ros/humble LD_LIBRARY_PATH=/home/pinet/SLAM_AGV/workspace/install/control_msgs/lib:${LD_LIBRARY_PATH} PYTHONPATH=/home/pinet/SLAM_AGV/workspace/install/control_msgs/local/lib/python3.10/dist-packages:${PYTHONPATH} /usr/bin/cmake --build /home/pinet/SLAM_AGV/workspace/build/hardware_interface -- -j4 -l4
[26.711s] DEBUG:colcon.colcon_core.event_handler.log_command:Invoked command in '/home/pinet/SLAM_AGV/workspace/build/hardware_interface' returned '0': AMENT_PREFIX_PATH=/home/pinet/SLAM_AGV/workspace/install/ros2_control_test_assets:/home/pinet/SLAM_AGV/workspace/install/control_msgs:${AMENT_PREFIX_PATH} CMAKE_PREFIX_PATH=/home/pinet/SLAM_AGV/workspace/install/ros2_control_test_assets:/home/pinet/SLAM_AGV/workspace/install/control_msgs:/opt/ros/humble LD_LIBRARY_PATH=/home/pinet/SLAM_AGV/workspace/install/control_msgs/lib:${LD_LIBRARY_PATH} PYTHONPATH=/home/pinet/SLAM_AGV/workspace/install/control_msgs/local/lib/python3.10/dist-packages:${PYTHONPATH} /usr/bin/cmake --build /home/pinet/SLAM_AGV/workspace/build/hardware_interface -- -j4 -l4
[26.720s] DEBUG:colcon.colcon_core.event_handler.log_command:Invoking command in '/home/pinet/SLAM_AGV/workspace/build/hardware_interface': AMENT_PREFIX_PATH=/home/pinet/SLAM_AGV/workspace/install/ros2_control_test_assets:/home/pinet/SLAM_AGV/workspace/install/control_msgs:${AMENT_PREFIX_PATH} CMAKE_PREFIX_PATH=/home/pinet/SLAM_AGV/workspace/install/ros2_control_test_assets:/home/pinet/SLAM_AGV/workspace/install/control_msgs:/opt/ros/humble LD_LIBRARY_PATH=/home/pinet/SLAM_AGV/workspace/install/control_msgs/lib:${LD_LIBRARY_PATH} PYTHONPATH=/home/pinet/SLAM_AGV/workspace/install/control_msgs/local/lib/python3.10/dist-packages:${PYTHONPATH} /usr/bin/cmake --install /home/pinet/SLAM_AGV/workspace/build/hardware_interface
[26.838s] Level 1:colcon.colcon_core.environment:create_environment_scripts_only(hardware_interface)
[26.839s] Level 1:colcon.colcon_core.environment:checking '/home/pinet/SLAM_AGV/workspace/install/hardware_interface' for CMake module files
[26.840s] DEBUG:colcon.colcon_core.event_handler.log_command:Invoked command in '/home/pinet/SLAM_AGV/workspace/build/hardware_interface' returned '0': AMENT_PREFIX_PATH=/home/pinet/SLAM_AGV/workspace/install/ros2_control_test_assets:/home/pinet/SLAM_AGV/workspace/install/control_msgs:${AMENT_PREFIX_PATH} CMAKE_PREFIX_PATH=/home/pinet/SLAM_AGV/workspace/install/ros2_control_test_assets:/home/pinet/SLAM_AGV/workspace/install/control_msgs:/opt/ros/humble LD_LIBRARY_PATH=/home/pinet/SLAM_AGV/workspace/install/control_msgs/lib:${LD_LIBRARY_PATH} PYTHONPATH=/home/pinet/SLAM_AGV/workspace/install/control_msgs/local/lib/python3.10/dist-packages:${PYTHONPATH} /usr/bin/cmake --install /home/pinet/SLAM_AGV/workspace/build/hardware_interface
[26.843s] Level 1:colcon.colcon_core.environment:checking '/home/pinet/SLAM_AGV/workspace/install/hardware_interface' for CMake config files
[26.845s] Level 1:colcon.colcon_core.shell:create_environment_hook('hardware_interface', 'cmake_prefix_path')
[26.846s] INFO:colcon.colcon_core.shell:Creating environment hook '/home/pinet/SLAM_AGV/workspace/install/hardware_interface/share/hardware_interface/hook/cmake_prefix_path.ps1'
[26.848s] INFO:colcon.colcon_core.shell:Creating environment descriptor '/home/pinet/SLAM_AGV/workspace/install/hardware_interface/share/hardware_interface/hook/cmake_prefix_path.dsv'
[26.850s] INFO:colcon.colcon_core.shell:Creating environment hook '/home/pinet/SLAM_AGV/workspace/install/hardware_interface/share/hardware_interface/hook/cmake_prefix_path.sh'
[26.853s] Level 1:colcon.colcon_core.environment:checking '/home/pinet/SLAM_AGV/workspace/install/hardware_interface/lib'
[26.853s] Level 1:colcon.colcon_core.shell:create_environment_hook('hardware_interface', 'ld_library_path_lib')
[26.854s] INFO:colcon.colcon_core.shell:Creating environment hook '/home/pinet/SLAM_AGV/workspace/install/hardware_interface/share/hardware_interface/hook/ld_library_path_lib.ps1'
[26.856s] INFO:colcon.colcon_core.shell:Creating environment descriptor '/home/pinet/SLAM_AGV/workspace/install/hardware_interface/share/hardware_interface/hook/ld_library_path_lib.dsv'
[26.858s] INFO:colcon.colcon_core.shell:Creating environment hook '/home/pinet/SLAM_AGV/workspace/install/hardware_interface/share/hardware_interface/hook/ld_library_path_lib.sh'
[26.861s] Level 1:colcon.colcon_core.environment:checking '/home/pinet/SLAM_AGV/workspace/install/hardware_interface/bin'
[26.861s] Level 1:colcon.colcon_core.environment:checking '/home/pinet/SLAM_AGV/workspace/install/hardware_interface/lib/pkgconfig/hardware_interface.pc'
[26.862s] Level 1:colcon.colcon_core.environment:checking '/home/pinet/SLAM_AGV/workspace/install/hardware_interface/lib/python3.10/site-packages'
[26.863s] Level 1:colcon.colcon_core.environment:checking '/home/pinet/SLAM_AGV/workspace/install/hardware_interface/bin'
[26.864s] INFO:colcon.colcon_core.shell:Creating package script '/home/pinet/SLAM_AGV/workspace/install/hardware_interface/share/hardware_interface/package.ps1'
[26.866s] INFO:colcon.colcon_core.shell:Creating package descriptor '/home/pinet/SLAM_AGV/workspace/install/hardware_interface/share/hardware_interface/package.dsv'
[26.869s] INFO:colcon.colcon_core.shell:Creating package script '/home/pinet/SLAM_AGV/workspace/install/hardware_interface/share/hardware_interface/package.sh'
[26.871s] INFO:colcon.colcon_core.shell:Creating package script '/home/pinet/SLAM_AGV/workspace/install/hardware_interface/share/hardware_interface/package.bash'
[26.873s] INFO:colcon.colcon_core.shell:Creating package script '/home/pinet/SLAM_AGV/workspace/install/hardware_interface/share/hardware_interface/package.zsh'
[26.875s] Level 1:colcon.colcon_core.environment:create_file_with_runtime_dependencies(/home/pinet/SLAM_AGV/workspace/install/hardware_interface/share/colcon-core/packages/hardware_interface)
[26.878s] Level 1:colcon.colcon_core.environment:create_environment_scripts_only(hardware_interface)
[26.878s] Level 1:colcon.colcon_core.environment:checking '/home/pinet/SLAM_AGV/workspace/install/hardware_interface' for CMake module files
[26.881s] Level 1:colcon.colcon_core.environment:checking '/home/pinet/SLAM_AGV/workspace/install/hardware_interface' for CMake config files
[26.883s] Level 1:colcon.colcon_core.shell:create_environment_hook('hardware_interface', 'cmake_prefix_path')
[26.884s] INFO:colcon.colcon_core.shell:Creating environment hook '/home/pinet/SLAM_AGV/workspace/install/hardware_interface/share/hardware_interface/hook/cmake_prefix_path.ps1'
[26.886s] INFO:colcon.colcon_core.shell:Creating environment descriptor '/home/pinet/SLAM_AGV/workspace/install/hardware_interface/share/hardware_interface/hook/cmake_prefix_path.dsv'
[26.888s] INFO:colcon.colcon_core.shell:Creating environment hook '/home/pinet/SLAM_AGV/workspace/install/hardware_interface/share/hardware_interface/hook/cmake_prefix_path.sh'
[26.891s] Level 1:colcon.colcon_core.environment:checking '/home/pinet/SLAM_AGV/workspace/install/hardware_interface/lib'
[26.891s] Level 1:colcon.colcon_core.shell:create_environment_hook('hardware_interface', 'ld_library_path_lib')
[26.892s] INFO:colcon.colcon_core.shell:Creating environment hook '/home/pinet/SLAM_AGV/workspace/install/hardware_interface/share/hardware_interface/hook/ld_library_path_lib.ps1'
[26.894s] INFO:colcon.colcon_core.shell:Creating environment descriptor '/home/pinet/SLAM_AGV/workspace/install/hardware_interface/share/hardware_interface/hook/ld_library_path_lib.dsv'
[26.896s] INFO:colcon.colcon_core.shell:Creating environment hook '/home/pinet/SLAM_AGV/workspace/install/hardware_interface/share/hardware_interface/hook/ld_library_path_lib.sh'
[26.898s] Level 1:colcon.colcon_core.environment:checking '/home/pinet/SLAM_AGV/workspace/install/hardware_interface/bin'
[26.898s] Level 1:colcon.colcon_core.environment:checking '/home/pinet/SLAM_AGV/workspace/install/hardware_interface/lib/pkgconfig/hardware_interface.pc'
[26.899s] Level 1:colcon.colcon_core.environment:checking '/home/pinet/SLAM_AGV/workspace/install/hardware_interface/lib/python3.10/site-packages'
[26.900s] Level 1:colcon.colcon_core.environment:checking '/home/pinet/SLAM_AGV/workspace/install/hardware_interface/bin'
[26.902s] INFO:colcon.colcon_core.shell:Creating package script '/home/pinet/SLAM_AGV/workspace/install/hardware_interface/share/hardware_interface/package.ps1'
[26.904s] INFO:colcon.colcon_core.shell:Creating package descriptor '/home/pinet/SLAM_AGV/workspace/install/hardware_interface/share/hardware_interface/package.dsv'
[26.907s] INFO:colcon.colcon_core.shell:Creating package script '/home/pinet/SLAM_AGV/workspace/install/hardware_interface/share/hardware_interface/package.sh'
[26.909s] INFO:colcon.colcon_core.shell:Creating package script '/home/pinet/SLAM_AGV/workspace/install/hardware_interface/share/hardware_interface/package.bash'
[26.911s] INFO:colcon.colcon_core.shell:Creating package script '/home/pinet/SLAM_AGV/workspace/install/hardware_interface/share/hardware_interface/package.zsh'
[26.913s] Level 1:colcon.colcon_core.environment:create_file_with_runtime_dependencies(/home/pinet/SLAM_AGV/workspace/install/hardware_interface/share/colcon-core/packages/hardware_interface)
[26.914s] DEBUG:colcon.colcon_core.executor.sequential:run_until_complete 'hardware_interface' finished with '0'
[26.914s] DEBUG:colcon.colcon_core.executor.sequential:run_until_complete 'rqt_joint_trajectory_controller'
[26.915s] INFO:colcon.colcon_ros.task.ament_python.build:Building ROS package in '/home/pinet/SLAM_AGV/workspace/src/ros2_controllers/rqt_joint_trajectory_controller' with build type 'ament_python'
[26.915s] Level 1:colcon.colcon_core.shell:create_environment_hook('rqt_joint_trajectory_controller', 'ament_prefix_path')
[26.917s] INFO:colcon.colcon_core.shell:Creating environment hook '/home/pinet/SLAM_AGV/workspace/install/rqt_joint_trajectory_controller/share/rqt_joint_trajectory_controller/hook/ament_prefix_path.ps1'
[26.920s] INFO:colcon.colcon_core.shell:Creating environment descriptor '/home/pinet/SLAM_AGV/workspace/install/rqt_joint_trajectory_controller/share/rqt_joint_trajectory_controller/hook/ament_prefix_path.dsv'
[26.922s] INFO:colcon.colcon_core.shell:Creating environment hook '/home/pinet/SLAM_AGV/workspace/install/rqt_joint_trajectory_controller/share/rqt_joint_trajectory_controller/hook/ament_prefix_path.sh'
[26.925s] INFO:colcon.colcon_core.shell:Skip shell extension 'powershell' for command environment: Not usable outside of PowerShell
[26.926s] DEBUG:colcon.colcon_core.shell:Skip shell extension 'dsv' for command environment
[27.985s] INFO:colcon.colcon_core.task.python.build:Building Python package in '/home/pinet/SLAM_AGV/workspace/src/ros2_controllers/rqt_joint_trajectory_controller'
[27.986s] INFO:colcon.colcon_core.shell:Skip shell extension 'powershell' for command environment: Not usable outside of PowerShell
[27.987s] DEBUG:colcon.colcon_core.shell:Skip shell extension 'dsv' for command environment
[29.494s] DEBUG:colcon.colcon_core.event_handler.log_command:Invoking command in '/home/pinet/SLAM_AGV/workspace/build/rqt_joint_trajectory_controller': AMENT_PREFIX_PATH=/home/pinet/SLAM_AGV/workspace/install/controller_manager_msgs:/home/pinet/SLAM_AGV/workspace/install/control_msgs:${AMENT_PREFIX_PATH} CMAKE_PREFIX_PATH=/home/pinet/SLAM_AGV/workspace/install/controller_manager_msgs:/home/pinet/SLAM_AGV/workspace/install/control_msgs LD_LIBRARY_PATH=/home/pinet/SLAM_AGV/workspace/install/controller_manager_msgs/lib:/home/pinet/SLAM_AGV/workspace/install/control_msgs/lib:${LD_LIBRARY_PATH} PYTHONPATH=/home/pinet/SLAM_AGV/workspace/build/rqt_joint_trajectory_controller/prefix_override:/usr/lib/python3/dist-packages/colcon_core/task/python/colcon_distutils_commands:/home/pinet/SLAM_AGV/workspace/install/rqt_joint_trajectory_controller/lib/python3.10/site-packages:/home/pinet/SLAM_AGV/workspace/install/controller_manager_msgs/local/lib/python3.10/dist-packages:/home/pinet/SLAM_AGV/workspace/install/control_msgs/local/lib/python3.10/dist-packages:${PYTHONPATH} /usr/bin/python3 -W ignore:setup.py install is deprecated -W ignore:easy_install command is deprecated setup.py develop --editable --build-directory /home/pinet/SLAM_AGV/workspace/build/rqt_joint_trajectory_controller/build --no-deps symlink_data
[31.271s] Level 1:colcon.colcon_core.shell:create_environment_hook('rqt_joint_trajectory_controller', 'pythonpath_develop')
[31.272s] INFO:colcon.colcon_core.shell:Creating environment hook '/home/pinet/SLAM_AGV/workspace/build/rqt_joint_trajectory_controller/share/rqt_joint_trajectory_controller/hook/pythonpath_develop.ps1'
[31.273s] DEBUG:colcon.colcon_core.event_handler.log_command:Invoked command in '/home/pinet/SLAM_AGV/workspace/build/rqt_joint_trajectory_controller' returned '0': AMENT_PREFIX_PATH=/home/pinet/SLAM_AGV/workspace/install/controller_manager_msgs:/home/pinet/SLAM_AGV/workspace/install/control_msgs:${AMENT_PREFIX_PATH} CMAKE_PREFIX_PATH=/home/pinet/SLAM_AGV/workspace/install/controller_manager_msgs:/home/pinet/SLAM_AGV/workspace/install/control_msgs LD_LIBRARY_PATH=/home/pinet/SLAM_AGV/workspace/install/controller_manager_msgs/lib:/home/pinet/SLAM_AGV/workspace/install/control_msgs/lib:${LD_LIBRARY_PATH} PYTHONPATH=/home/pinet/SLAM_AGV/workspace/build/rqt_joint_trajectory_controller/prefix_override:/usr/lib/python3/dist-packages/colcon_core/task/python/colcon_distutils_commands:/home/pinet/SLAM_AGV/workspace/install/rqt_joint_trajectory_controller/lib/python3.10/site-packages:/home/pinet/SLAM_AGV/workspace/install/controller_manager_msgs/local/lib/python3.10/dist-packages:/home/pinet/SLAM_AGV/workspace/install/control_msgs/local/lib/python3.10/dist-packages:${PYTHONPATH} /usr/bin/python3 -W ignore:setup.py install is deprecated -W ignore:easy_install command is deprecated setup.py develop --editable --build-directory /home/pinet/SLAM_AGV/workspace/build/rqt_joint_trajectory_controller/build --no-deps symlink_data
[31.275s] INFO:colcon.colcon_core.shell:Creating environment descriptor '/home/pinet/SLAM_AGV/workspace/build/rqt_joint_trajectory_controller/share/rqt_joint_trajectory_controller/hook/pythonpath_develop.dsv'
[31.277s] INFO:colcon.colcon_core.shell:Creating environment hook '/home/pinet/SLAM_AGV/workspace/build/rqt_joint_trajectory_controller/share/rqt_joint_trajectory_controller/hook/pythonpath_develop.sh'
[31.280s] Level 1:colcon.colcon_core.environment:checking '/home/pinet/SLAM_AGV/workspace/install/rqt_joint_trajectory_controller' for CMake module files
[31.283s] Level 1:colcon.colcon_core.environment:checking '/home/pinet/SLAM_AGV/workspace/install/rqt_joint_trajectory_controller' for CMake config files
[31.287s] Level 1:colcon.colcon_core.environment:checking '/home/pinet/SLAM_AGV/workspace/install/rqt_joint_trajectory_controller/lib'
[31.288s] Level 1:colcon.colcon_core.environment:checking '/home/pinet/SLAM_AGV/workspace/install/rqt_joint_trajectory_controller/bin'
[31.294s] Level 1:colcon.colcon_core.environment:checking '/home/pinet/SLAM_AGV/workspace/install/rqt_joint_trajectory_controller/lib/pkgconfig/rqt_joint_trajectory_controller.pc'
[31.295s] Level 1:colcon.colcon_core.environment:checking '/home/pinet/SLAM_AGV/workspace/install/rqt_joint_trajectory_controller/lib/python3.10/site-packages'
[31.296s] Level 1:colcon.colcon_core.shell:create_environment_hook('rqt_joint_trajectory_controller', 'pythonpath')
[31.297s] INFO:colcon.colcon_core.shell:Creating environment hook '/home/pinet/SLAM_AGV/workspace/install/rqt_joint_trajectory_controller/share/rqt_joint_trajectory_controller/hook/pythonpath.ps1'
[31.299s] INFO:colcon.colcon_core.shell:Creating environment descriptor '/home/pinet/SLAM_AGV/workspace/install/rqt_joint_trajectory_controller/share/rqt_joint_trajectory_controller/hook/pythonpath.dsv'
[31.302s] INFO:colcon.colcon_core.shell:Creating environment hook '/home/pinet/SLAM_AGV/workspace/install/rqt_joint_trajectory_controller/share/rqt_joint_trajectory_controller/hook/pythonpath.sh'
[31.306s] Level 1:colcon.colcon_core.environment:checking '/home/pinet/SLAM_AGV/workspace/install/rqt_joint_trajectory_controller/bin'
[31.306s] Level 1:colcon.colcon_core.environment:create_environment_scripts_only(rqt_joint_trajectory_controller)
[31.308s] INFO:colcon.colcon_core.shell:Creating package script '/home/pinet/SLAM_AGV/workspace/install/rqt_joint_trajectory_controller/share/rqt_joint_trajectory_controller/package.ps1'
[31.310s] INFO:colcon.colcon_core.shell:Creating package descriptor '/home/pinet/SLAM_AGV/workspace/install/rqt_joint_trajectory_controller/share/rqt_joint_trajectory_controller/package.dsv'
[31.313s] INFO:colcon.colcon_core.shell:Creating package script '/home/pinet/SLAM_AGV/workspace/install/rqt_joint_trajectory_controller/share/rqt_joint_trajectory_controller/package.sh'
[31.315s] INFO:colcon.colcon_core.shell:Creating package script '/home/pinet/SLAM_AGV/workspace/install/rqt_joint_trajectory_controller/share/rqt_joint_trajectory_controller/package.bash'
[31.317s] INFO:colcon.colcon_core.shell:Creating package script '/home/pinet/SLAM_AGV/workspace/install/rqt_joint_trajectory_controller/share/rqt_joint_trajectory_controller/package.zsh'
[31.318s] Level 1:colcon.colcon_core.environment:create_file_with_runtime_dependencies(/home/pinet/SLAM_AGV/workspace/install/rqt_joint_trajectory_controller/share/colcon-core/packages/rqt_joint_trajectory_controller)
[31.319s] DEBUG:colcon.colcon_core.executor.sequential:run_until_complete 'rqt_joint_trajectory_controller' finished with '0'
[31.320s] DEBUG:colcon.colcon_core.executor.sequential:run_until_complete 'controller_interface'
[31.320s] INFO:colcon.colcon_ros.task.ament_cmake.build:Building ROS package in '/home/pinet/SLAM_AGV/workspace/src/ros2_control/controller_interface' with build type 'ament_cmake'
[31.320s] INFO:colcon.colcon_cmake.task.cmake.build:Building CMake package in '/home/pinet/SLAM_AGV/workspace/src/ros2_control/controller_interface'
[31.321s] INFO:colcon.colcon_core.shell:Skip shell extension 'powershell' for command environment: Not usable outside of PowerShell
[31.322s] DEBUG:colcon.colcon_core.shell:Skip shell extension 'dsv' for command environment
[31.386s] DEBUG:colcon.colcon_core.event_handler.log_command:Invoking command in '/home/pinet/SLAM_AGV/workspace/build/controller_interface': AMENT_PREFIX_PATH=/home/pinet/SLAM_AGV/workspace/install/hardware_interface:/home/pinet/SLAM_AGV/workspace/install/ros2_control_test_assets:/home/pinet/SLAM_AGV/workspace/install/control_msgs:${AMENT_PREFIX_PATH} CMAKE_PREFIX_PATH=/home/pinet/SLAM_AGV/workspace/install/hardware_interface:/home/pinet/SLAM_AGV/workspace/install/ros2_control_test_assets:/home/pinet/SLAM_AGV/workspace/install/control_msgs:/opt/ros/humble LD_LIBRARY_PATH=/home/pinet/SLAM_AGV/workspace/install/hardware_interface/lib:/home/pinet/SLAM_AGV/workspace/install/control_msgs/lib:${LD_LIBRARY_PATH} PYTHONPATH=/home/pinet/SLAM_AGV/workspace/install/control_msgs/local/lib/python3.10/dist-packages:${PYTHONPATH} /usr/bin/cmake --build /home/pinet/SLAM_AGV/workspace/build/controller_interface -- -j4 -l4
[31.932s] DEBUG:colcon.colcon_core.event_handler.log_command:Invoked command in '/home/pinet/SLAM_AGV/workspace/build/controller_interface' returned '0': AMENT_PREFIX_PATH=/home/pinet/SLAM_AGV/workspace/install/hardware_interface:/home/pinet/SLAM_AGV/workspace/install/ros2_control_test_assets:/home/pinet/SLAM_AGV/workspace/install/control_msgs:${AMENT_PREFIX_PATH} CMAKE_PREFIX_PATH=/home/pinet/SLAM_AGV/workspace/install/hardware_interface:/home/pinet/SLAM_AGV/workspace/install/ros2_control_test_assets:/home/pinet/SLAM_AGV/workspace/install/control_msgs:/opt/ros/humble LD_LIBRARY_PATH=/home/pinet/SLAM_AGV/workspace/install/hardware_interface/lib:/home/pinet/SLAM_AGV/workspace/install/control_msgs/lib:${LD_LIBRARY_PATH} PYTHONPATH=/home/pinet/SLAM_AGV/workspace/install/control_msgs/local/lib/python3.10/dist-packages:${PYTHONPATH} /usr/bin/cmake --build /home/pinet/SLAM_AGV/workspace/build/controller_interface -- -j4 -l4
[31.942s] DEBUG:colcon.colcon_core.event_handler.log_command:Invoking command in '/home/pinet/SLAM_AGV/workspace/build/controller_interface': AMENT_PREFIX_PATH=/home/pinet/SLAM_AGV/workspace/install/hardware_interface:/home/pinet/SLAM_AGV/workspace/install/ros2_control_test_assets:/home/pinet/SLAM_AGV/workspace/install/control_msgs:${AMENT_PREFIX_PATH} CMAKE_PREFIX_PATH=/home/pinet/SLAM_AGV/workspace/install/hardware_interface:/home/pinet/SLAM_AGV/workspace/install/ros2_control_test_assets:/home/pinet/SLAM_AGV/workspace/install/control_msgs:/opt/ros/humble LD_LIBRARY_PATH=/home/pinet/SLAM_AGV/workspace/install/hardware_interface/lib:/home/pinet/SLAM_AGV/workspace/install/control_msgs/lib:${LD_LIBRARY_PATH} PYTHONPATH=/home/pinet/SLAM_AGV/workspace/install/control_msgs/local/lib/python3.10/dist-packages:${PYTHONPATH} /usr/bin/cmake --install /home/pinet/SLAM_AGV/workspace/build/controller_interface
[32.042s] Level 1:colcon.colcon_core.environment:create_environment_scripts_only(controller_interface)
[32.043s] Level 1:colcon.colcon_core.environment:checking '/home/pinet/SLAM_AGV/workspace/install/controller_interface' for CMake module files
[32.045s] DEBUG:colcon.colcon_core.event_handler.log_command:Invoked command in '/home/pinet/SLAM_AGV/workspace/build/controller_interface' returned '0': AMENT_PREFIX_PATH=/home/pinet/SLAM_AGV/workspace/install/hardware_interface:/home/pinet/SLAM_AGV/workspace/install/ros2_control_test_assets:/home/pinet/SLAM_AGV/workspace/install/control_msgs:${AMENT_PREFIX_PATH} CMAKE_PREFIX_PATH=/home/pinet/SLAM_AGV/workspace/install/hardware_interface:/home/pinet/SLAM_AGV/workspace/install/ros2_control_test_assets:/home/pinet/SLAM_AGV/workspace/install/control_msgs:/opt/ros/humble LD_LIBRARY_PATH=/home/pinet/SLAM_AGV/workspace/install/hardware_interface/lib:/home/pinet/SLAM_AGV/workspace/install/control_msgs/lib:${LD_LIBRARY_PATH} PYTHONPATH=/home/pinet/SLAM_AGV/workspace/install/control_msgs/local/lib/python3.10/dist-packages:${PYTHONPATH} /usr/bin/cmake --install /home/pinet/SLAM_AGV/workspace/build/controller_interface
[32.048s] Level 1:colcon.colcon_core.environment:checking '/home/pinet/SLAM_AGV/workspace/install/controller_interface' for CMake config files
[32.050s] Level 1:colcon.colcon_core.shell:create_environment_hook('controller_interface', 'cmake_prefix_path')
[32.050s] INFO:colcon.colcon_core.shell:Creating environment hook '/home/pinet/SLAM_AGV/workspace/install/controller_interface/share/controller_interface/hook/cmake_prefix_path.ps1'
[32.052s] INFO:colcon.colcon_core.shell:Creating environment descriptor '/home/pinet/SLAM_AGV/workspace/install/controller_interface/share/controller_interface/hook/cmake_prefix_path.dsv'
[32.054s] INFO:colcon.colcon_core.shell:Creating environment hook '/home/pinet/SLAM_AGV/workspace/install/controller_interface/share/controller_interface/hook/cmake_prefix_path.sh'
[32.058s] Level 1:colcon.colcon_core.environment:checking '/home/pinet/SLAM_AGV/workspace/install/controller_interface/lib'
[32.058s] Level 1:colcon.colcon_core.shell:create_environment_hook('controller_interface', 'ld_library_path_lib')
[32.059s] INFO:colcon.colcon_core.shell:Creating environment hook '/home/pinet/SLAM_AGV/workspace/install/controller_interface/share/controller_interface/hook/ld_library_path_lib.ps1'
[32.061s] INFO:colcon.colcon_core.shell:Creating environment descriptor '/home/pinet/SLAM_AGV/workspace/install/controller_interface/share/controller_interface/hook/ld_library_path_lib.dsv'
[32.063s] INFO:colcon.colcon_core.shell:Creating environment hook '/home/pinet/SLAM_AGV/workspace/install/controller_interface/share/controller_interface/hook/ld_library_path_lib.sh'
[32.065s] Level 1:colcon.colcon_core.environment:checking '/home/pinet/SLAM_AGV/workspace/install/controller_interface/bin'
[32.065s] Level 1:colcon.colcon_core.environment:checking '/home/pinet/SLAM_AGV/workspace/install/controller_interface/lib/pkgconfig/controller_interface.pc'
[32.066s] Level 1:colcon.colcon_core.environment:checking '/home/pinet/SLAM_AGV/workspace/install/controller_interface/lib/python3.10/site-packages'
[32.067s] Level 1:colcon.colcon_core.environment:checking '/home/pinet/SLAM_AGV/workspace/install/controller_interface/bin'
[32.068s] INFO:colcon.colcon_core.shell:Creating package script '/home/pinet/SLAM_AGV/workspace/install/controller_interface/share/controller_interface/package.ps1'
[32.071s] INFO:colcon.colcon_core.shell:Creating package descriptor '/home/pinet/SLAM_AGV/workspace/install/controller_interface/share/controller_interface/package.dsv'
[32.073s] INFO:colcon.colcon_core.shell:Creating package script '/home/pinet/SLAM_AGV/workspace/install/controller_interface/share/controller_interface/package.sh'
[32.075s] INFO:colcon.colcon_core.shell:Creating package script '/home/pinet/SLAM_AGV/workspace/install/controller_interface/share/controller_interface/package.bash'
[32.077s] INFO:colcon.colcon_core.shell:Creating package script '/home/pinet/SLAM_AGV/workspace/install/controller_interface/share/controller_interface/package.zsh'
[32.079s] Level 1:colcon.colcon_core.environment:create_file_with_runtime_dependencies(/home/pinet/SLAM_AGV/workspace/install/controller_interface/share/colcon-core/packages/controller_interface)
[32.081s] Level 1:colcon.colcon_core.environment:create_environment_scripts_only(controller_interface)
[32.082s] Level 1:colcon.colcon_core.environment:checking '/home/pinet/SLAM_AGV/workspace/install/controller_interface' for CMake module files
[32.085s] Level 1:colcon.colcon_core.environment:checking '/home/pinet/SLAM_AGV/workspace/install/controller_interface' for CMake config files
[32.087s] Level 1:colcon.colcon_core.shell:create_environment_hook('controller_interface', 'cmake_prefix_path')
[32.088s] INFO:colcon.colcon_core.shell:Creating environment hook '/home/pinet/SLAM_AGV/workspace/install/controller_interface/share/controller_interface/hook/cmake_prefix_path.ps1'
[32.090s] INFO:colcon.colcon_core.shell:Creating environment descriptor '/home/pinet/SLAM_AGV/workspace/install/controller_interface/share/controller_interface/hook/cmake_prefix_path.dsv'
[32.091s] INFO:colcon.colcon_core.shell:Creating environment hook '/home/pinet/SLAM_AGV/workspace/install/controller_interface/share/controller_interface/hook/cmake_prefix_path.sh'
[32.094s] Level 1:colcon.colcon_core.environment:checking '/home/pinet/SLAM_AGV/workspace/install/controller_interface/lib'
[32.094s] Level 1:colcon.colcon_core.shell:create_environment_hook('controller_interface', 'ld_library_path_lib')
[32.095s] INFO:colcon.colcon_core.shell:Creating environment hook '/home/pinet/SLAM_AGV/workspace/install/controller_interface/share/controller_interface/hook/ld_library_path_lib.ps1'
[32.097s] INFO:colcon.colcon_core.shell:Creating environment descriptor '/home/pinet/SLAM_AGV/workspace/install/controller_interface/share/controller_interface/hook/ld_library_path_lib.dsv'
[32.099s] INFO:colcon.colcon_core.shell:Creating environment hook '/home/pinet/SLAM_AGV/workspace/install/controller_interface/share/controller_interface/hook/ld_library_path_lib.sh'
[32.101s] Level 1:colcon.colcon_core.environment:checking '/home/pinet/SLAM_AGV/workspace/install/controller_interface/bin'
[32.101s] Level 1:colcon.colcon_core.environment:checking '/home/pinet/SLAM_AGV/workspace/install/controller_interface/lib/pkgconfig/controller_interface.pc'
[32.102s] Level 1:colcon.colcon_core.environment:checking '/home/pinet/SLAM_AGV/workspace/install/controller_interface/lib/python3.10/site-packages'
[32.103s] Level 1:colcon.colcon_core.environment:checking '/home/pinet/SLAM_AGV/workspace/install/controller_interface/bin'
[32.104s] INFO:colcon.colcon_core.shell:Creating package script '/home/pinet/SLAM_AGV/workspace/install/controller_interface/share/controller_interface/package.ps1'
[32.107s] INFO:colcon.colcon_core.shell:Creating package descriptor '/home/pinet/SLAM_AGV/workspace/install/controller_interface/share/controller_interface/package.dsv'
[32.109s] INFO:colcon.colcon_core.shell:Creating package script '/home/pinet/SLAM_AGV/workspace/install/controller_interface/share/controller_interface/package.sh'
[32.111s] INFO:colcon.colcon_core.shell:Creating package script '/home/pinet/SLAM_AGV/workspace/install/controller_interface/share/controller_interface/package.bash'
[32.113s] INFO:colcon.colcon_core.shell:Creating package script '/home/pinet/SLAM_AGV/workspace/install/controller_interface/share/controller_interface/package.zsh'
[32.115s] Level 1:colcon.colcon_core.environment:create_file_with_runtime_dependencies(/home/pinet/SLAM_AGV/workspace/install/controller_interface/share/colcon-core/packages/controller_interface)
[32.116s] DEBUG:colcon.colcon_core.executor.sequential:run_until_complete 'controller_interface' finished with '0'
[32.117s] DEBUG:colcon.colcon_core.executor.sequential:run_until_complete 'hardware_interface_testing'
[32.117s] INFO:colcon.colcon_ros.task.ament_cmake.build:Building ROS package in '/home/pinet/SLAM_AGV/workspace/src/ros2_control/hardware_interface_testing' with build type 'ament_cmake'
[32.118s] INFO:colcon.colcon_cmake.task.cmake.build:Building CMake package in '/home/pinet/SLAM_AGV/workspace/src/ros2_control/hardware_interface_testing'
[32.119s] INFO:colcon.colcon_core.shell:Skip shell extension 'powershell' for command environment: Not usable outside of PowerShell
[32.119s] DEBUG:colcon.colcon_core.shell:Skip shell extension 'dsv' for command environment
[32.180s] DEBUG:colcon.colcon_core.event_handler.log_command:Invoking command in '/home/pinet/SLAM_AGV/workspace/build/hardware_interface_testing': AMENT_PREFIX_PATH=/home/pinet/SLAM_AGV/workspace/install/hardware_interface:/home/pinet/SLAM_AGV/workspace/install/ros2_control_test_assets:/home/pinet/SLAM_AGV/workspace/install/control_msgs:${AMENT_PREFIX_PATH} CMAKE_PREFIX_PATH=/home/pinet/SLAM_AGV/workspace/install/hardware_interface:/home/pinet/SLAM_AGV/workspace/install/ros2_control_test_assets:/home/pinet/SLAM_AGV/workspace/install/control_msgs:/opt/ros/humble LD_LIBRARY_PATH=/home/pinet/SLAM_AGV/workspace/install/hardware_interface/lib:/home/pinet/SLAM_AGV/workspace/install/control_msgs/lib:${LD_LIBRARY_PATH} PYTHONPATH=/home/pinet/SLAM_AGV/workspace/install/control_msgs/local/lib/python3.10/dist-packages:${PYTHONPATH} /usr/bin/cmake --build /home/pinet/SLAM_AGV/workspace/build/hardware_interface_testing -- -j4 -l4
[32.574s] DEBUG:colcon.colcon_core.event_handler.log_command:Invoked command in '/home/pinet/SLAM_AGV/workspace/build/hardware_interface_testing' returned '0': AMENT_PREFIX_PATH=/home/pinet/SLAM_AGV/workspace/install/hardware_interface:/home/pinet/SLAM_AGV/workspace/install/ros2_control_test_assets:/home/pinet/SLAM_AGV/workspace/install/control_msgs:${AMENT_PREFIX_PATH} CMAKE_PREFIX_PATH=/home/pinet/SLAM_AGV/workspace/install/hardware_interface:/home/pinet/SLAM_AGV/workspace/install/ros2_control_test_assets:/home/pinet/SLAM_AGV/workspace/install/control_msgs:/opt/ros/humble LD_LIBRARY_PATH=/home/pinet/SLAM_AGV/workspace/install/hardware_interface/lib:/home/pinet/SLAM_AGV/workspace/install/control_msgs/lib:${LD_LIBRARY_PATH} PYTHONPATH=/home/pinet/SLAM_AGV/workspace/install/control_msgs/local/lib/python3.10/dist-packages:${PYTHONPATH} /usr/bin/cmake --build /home/pinet/SLAM_AGV/workspace/build/hardware_interface_testing -- -j4 -l4
[32.584s] DEBUG:colcon.colcon_core.event_handler.log_command:Invoking command in '/home/pinet/SLAM_AGV/workspace/build/hardware_interface_testing': AMENT_PREFIX_PATH=/home/pinet/SLAM_AGV/workspace/install/hardware_interface:/home/pinet/SLAM_AGV/workspace/install/ros2_control_test_assets:/home/pinet/SLAM_AGV/workspace/install/control_msgs:${AMENT_PREFIX_PATH} CMAKE_PREFIX_PATH=/home/pinet/SLAM_AGV/workspace/install/hardware_interface:/home/pinet/SLAM_AGV/workspace/install/ros2_control_test_assets:/home/pinet/SLAM_AGV/workspace/install/control_msgs:/opt/ros/humble LD_LIBRARY_PATH=/home/pinet/SLAM_AGV/workspace/install/hardware_interface/lib:/home/pinet/SLAM_AGV/workspace/install/control_msgs/lib:${LD_LIBRARY_PATH} PYTHONPATH=/home/pinet/SLAM_AGV/workspace/install/control_msgs/local/lib/python3.10/dist-packages:${PYTHONPATH} /usr/bin/cmake --install /home/pinet/SLAM_AGV/workspace/build/hardware_interface_testing
[32.673s] Level 1:colcon.colcon_core.environment:create_environment_scripts_only(hardware_interface_testing)
[32.674s] Level 1:colcon.colcon_core.environment:checking '/home/pinet/SLAM_AGV/workspace/install/hardware_interface_testing' for CMake module files
[32.676s] DEBUG:colcon.colcon_core.event_handler.log_command:Invoked command in '/home/pinet/SLAM_AGV/workspace/build/hardware_interface_testing' returned '0': AMENT_PREFIX_PATH=/home/pinet/SLAM_AGV/workspace/install/hardware_interface:/home/pinet/SLAM_AGV/workspace/install/ros2_control_test_assets:/home/pinet/SLAM_AGV/workspace/install/control_msgs:${AMENT_PREFIX_PATH} CMAKE_PREFIX_PATH=/home/pinet/SLAM_AGV/workspace/install/hardware_interface:/home/pinet/SLAM_AGV/workspace/install/ros2_control_test_assets:/home/pinet/SLAM_AGV/workspace/install/control_msgs:/opt/ros/humble LD_LIBRARY_PATH=/home/pinet/SLAM_AGV/workspace/install/hardware_interface/lib:/home/pinet/SLAM_AGV/workspace/install/control_msgs/lib:${LD_LIBRARY_PATH} PYTHONPATH=/home/pinet/SLAM_AGV/workspace/install/control_msgs/local/lib/python3.10/dist-packages:${PYTHONPATH} /usr/bin/cmake --install /home/pinet/SLAM_AGV/workspace/build/hardware_interface_testing
[32.679s] Level 1:colcon.colcon_core.environment:checking '/home/pinet/SLAM_AGV/workspace/install/hardware_interface_testing' for CMake config files
[32.681s] Level 1:colcon.colcon_core.shell:create_environment_hook('hardware_interface_testing', 'cmake_prefix_path')
[32.682s] INFO:colcon.colcon_core.shell:Creating environment hook '/home/pinet/SLAM_AGV/workspace/install/hardware_interface_testing/share/hardware_interface_testing/hook/cmake_prefix_path.ps1'
[32.684s] INFO:colcon.colcon_core.shell:Creating environment descriptor '/home/pinet/SLAM_AGV/workspace/install/hardware_interface_testing/share/hardware_interface_testing/hook/cmake_prefix_path.dsv'
[32.686s] INFO:colcon.colcon_core.shell:Creating environment hook '/home/pinet/SLAM_AGV/workspace/install/hardware_interface_testing/share/hardware_interface_testing/hook/cmake_prefix_path.sh'
[32.689s] Level 1:colcon.colcon_core.environment:checking '/home/pinet/SLAM_AGV/workspace/install/hardware_interface_testing/lib'
[32.689s] Level 1:colcon.colcon_core.shell:create_environment_hook('hardware_interface_testing', 'ld_library_path_lib')
[32.690s] INFO:colcon.colcon_core.shell:Creating environment hook '/home/pinet/SLAM_AGV/workspace/install/hardware_interface_testing/share/hardware_interface_testing/hook/ld_library_path_lib.ps1'
[32.692s] INFO:colcon.colcon_core.shell:Creating environment descriptor '/home/pinet/SLAM_AGV/workspace/install/hardware_interface_testing/share/hardware_interface_testing/hook/ld_library_path_lib.dsv'
[32.694s] INFO:colcon.colcon_core.shell:Creating environment hook '/home/pinet/SLAM_AGV/workspace/install/hardware_interface_testing/share/hardware_interface_testing/hook/ld_library_path_lib.sh'
[32.696s] Level 1:colcon.colcon_core.environment:checking '/home/pinet/SLAM_AGV/workspace/install/hardware_interface_testing/bin'
[32.696s] Level 1:colcon.colcon_core.environment:checking '/home/pinet/SLAM_AGV/workspace/install/hardware_interface_testing/lib/pkgconfig/hardware_interface_testing.pc'
[32.697s] Level 1:colcon.colcon_core.environment:checking '/home/pinet/SLAM_AGV/workspace/install/hardware_interface_testing/lib/python3.10/site-packages'
[32.698s] Level 1:colcon.colcon_core.environment:checking '/home/pinet/SLAM_AGV/workspace/install/hardware_interface_testing/bin'
[32.699s] INFO:colcon.colcon_core.shell:Creating package script '/home/pinet/SLAM_AGV/workspace/install/hardware_interface_testing/share/hardware_interface_testing/package.ps1'
[32.701s] INFO:colcon.colcon_core.shell:Creating package descriptor '/home/pinet/SLAM_AGV/workspace/install/hardware_interface_testing/share/hardware_interface_testing/package.dsv'
[32.704s] INFO:colcon.colcon_core.shell:Creating package script '/home/pinet/SLAM_AGV/workspace/install/hardware_interface_testing/share/hardware_interface_testing/package.sh'
[32.706s] INFO:colcon.colcon_core.shell:Creating package script '/home/pinet/SLAM_AGV/workspace/install/hardware_interface_testing/share/hardware_interface_testing/package.bash'
[32.707s] INFO:colcon.colcon_core.shell:Creating package script '/home/pinet/SLAM_AGV/workspace/install/hardware_interface_testing/share/hardware_interface_testing/package.zsh'
[32.709s] Level 1:colcon.colcon_core.environment:create_file_with_runtime_dependencies(/home/pinet/SLAM_AGV/workspace/install/hardware_interface_testing/share/colcon-core/packages/hardware_interface_testing)
[32.712s] Level 1:colcon.colcon_core.environment:create_environment_scripts_only(hardware_interface_testing)
[32.713s] Level 1:colcon.colcon_core.environment:checking '/home/pinet/SLAM_AGV/workspace/install/hardware_interface_testing' for CMake module files
[32.716s] Level 1:colcon.colcon_core.environment:checking '/home/pinet/SLAM_AGV/workspace/install/hardware_interface_testing' for CMake config files
[32.718s] Level 1:colcon.colcon_core.shell:create_environment_hook('hardware_interface_testing', 'cmake_prefix_path')
[32.718s] INFO:colcon.colcon_core.shell:Creating environment hook '/home/pinet/SLAM_AGV/workspace/install/hardware_interface_testing/share/hardware_interface_testing/hook/cmake_prefix_path.ps1'
[32.720s] INFO:colcon.colcon_core.shell:Creating environment descriptor '/home/pinet/SLAM_AGV/workspace/install/hardware_interface_testing/share/hardware_interface_testing/hook/cmake_prefix_path.dsv'
[32.722s] INFO:colcon.colcon_core.shell:Creating environment hook '/home/pinet/SLAM_AGV/workspace/install/hardware_interface_testing/share/hardware_interface_testing/hook/cmake_prefix_path.sh'
[32.725s] Level 1:colcon.colcon_core.environment:checking '/home/pinet/SLAM_AGV/workspace/install/hardware_interface_testing/lib'
[32.725s] Level 1:colcon.colcon_core.shell:create_environment_hook('hardware_interface_testing', 'ld_library_path_lib')
[32.726s] INFO:colcon.colcon_core.shell:Creating environment hook '/home/pinet/SLAM_AGV/workspace/install/hardware_interface_testing/share/hardware_interface_testing/hook/ld_library_path_lib.ps1'
[32.728s] INFO:colcon.colcon_core.shell:Creating environment descriptor '/home/pinet/SLAM_AGV/workspace/install/hardware_interface_testing/share/hardware_interface_testing/hook/ld_library_path_lib.dsv'
[32.729s] INFO:colcon.colcon_core.shell:Creating environment hook '/home/pinet/SLAM_AGV/workspace/install/hardware_interface_testing/share/hardware_interface_testing/hook/ld_library_path_lib.sh'
[32.731s] Level 1:colcon.colcon_core.environment:checking '/home/pinet/SLAM_AGV/workspace/install/hardware_interface_testing/bin'
[32.732s] Level 1:colcon.colcon_core.environment:checking '/home/pinet/SLAM_AGV/workspace/install/hardware_interface_testing/lib/pkgconfig/hardware_interface_testing.pc'
[32.732s] Level 1:colcon.colcon_core.environment:checking '/home/pinet/SLAM_AGV/workspace/install/hardware_interface_testing/lib/python3.10/site-packages'
[32.733s] Level 1:colcon.colcon_core.environment:checking '/home/pinet/SLAM_AGV/workspace/install/hardware_interface_testing/bin'
[32.735s] INFO:colcon.colcon_core.shell:Creating package script '/home/pinet/SLAM_AGV/workspace/install/hardware_interface_testing/share/hardware_interface_testing/package.ps1'
[32.737s] INFO:colcon.colcon_core.shell:Creating package descriptor '/home/pinet/SLAM_AGV/workspace/install/hardware_interface_testing/share/hardware_interface_testing/package.dsv'
[32.740s] INFO:colcon.colcon_core.shell:Creating package script '/home/pinet/SLAM_AGV/workspace/install/hardware_interface_testing/share/hardware_interface_testing/package.sh'
[32.742s] INFO:colcon.colcon_core.shell:Creating package script '/home/pinet/SLAM_AGV/workspace/install/hardware_interface_testing/share/hardware_interface_testing/package.bash'
[32.744s] INFO:colcon.colcon_core.shell:Creating package script '/home/pinet/SLAM_AGV/workspace/install/hardware_interface_testing/share/hardware_interface_testing/package.zsh'
[32.746s] Level 1:colcon.colcon_core.environment:create_file_with_runtime_dependencies(/home/pinet/SLAM_AGV/workspace/install/hardware_interface_testing/share/colcon-core/packages/hardware_interface_testing)
[32.747s] DEBUG:colcon.colcon_core.executor.sequential:run_until_complete 'hardware_interface_testing' finished with '0'
[32.748s] DEBUG:colcon.colcon_core.executor.sequential:run_until_complete 'transmission_interface'
[32.748s] INFO:colcon.colcon_ros.task.ament_cmake.build:Building ROS package in '/home/pinet/SLAM_AGV/workspace/src/ros2_control/transmission_interface' with build type 'ament_cmake'
[32.748s] INFO:colcon.colcon_cmake.task.cmake.build:Building CMake package in '/home/pinet/SLAM_AGV/workspace/src/ros2_control/transmission_interface'
[32.749s] INFO:colcon.colcon_core.shell:Skip shell extension 'powershell' for command environment: Not usable outside of PowerShell
[32.750s] DEBUG:colcon.colcon_core.shell:Skip shell extension 'dsv' for command environment
[32.815s] DEBUG:colcon.colcon_core.event_handler.log_command:Invoking command in '/home/pinet/SLAM_AGV/workspace/build/transmission_interface': AMENT_PREFIX_PATH=/home/pinet/SLAM_AGV/workspace/install/hardware_interface:/home/pinet/SLAM_AGV/workspace/install/ros2_control_test_assets:/home/pinet/SLAM_AGV/workspace/install/control_msgs:${AMENT_PREFIX_PATH} CMAKE_PREFIX_PATH=/home/pinet/SLAM_AGV/workspace/install/hardware_interface:/home/pinet/SLAM_AGV/workspace/install/ros2_control_test_assets:/home/pinet/SLAM_AGV/workspace/install/control_msgs:/opt/ros/humble LD_LIBRARY_PATH=/home/pinet/SLAM_AGV/workspace/install/hardware_interface/lib:/home/pinet/SLAM_AGV/workspace/install/control_msgs/lib:${LD_LIBRARY_PATH} PYTHONPATH=/home/pinet/SLAM_AGV/workspace/install/control_msgs/local/lib/python3.10/dist-packages:${PYTHONPATH} /usr/bin/cmake --build /home/pinet/SLAM_AGV/workspace/build/transmission_interface -- -j4 -l4
[33.351s] DEBUG:colcon.colcon_core.event_handler.log_command:Invoked command in '/home/pinet/SLAM_AGV/workspace/build/transmission_interface' returned '0': AMENT_PREFIX_PATH=/home/pinet/SLAM_AGV/workspace/install/hardware_interface:/home/pinet/SLAM_AGV/workspace/install/ros2_control_test_assets:/home/pinet/SLAM_AGV/workspace/install/control_msgs:${AMENT_PREFIX_PATH} CMAKE_PREFIX_PATH=/home/pinet/SLAM_AGV/workspace/install/hardware_interface:/home/pinet/SLAM_AGV/workspace/install/ros2_control_test_assets:/home/pinet/SLAM_AGV/workspace/install/control_msgs:/opt/ros/humble LD_LIBRARY_PATH=/home/pinet/SLAM_AGV/workspace/install/hardware_interface/lib:/home/pinet/SLAM_AGV/workspace/install/control_msgs/lib:${LD_LIBRARY_PATH} PYTHONPATH=/home/pinet/SLAM_AGV/workspace/install/control_msgs/local/lib/python3.10/dist-packages:${PYTHONPATH} /usr/bin/cmake --build /home/pinet/SLAM_AGV/workspace/build/transmission_interface -- -j4 -l4
[33.363s] DEBUG:colcon.colcon_core.event_handler.log_command:Invoking command in '/home/pinet/SLAM_AGV/workspace/build/transmission_interface': AMENT_PREFIX_PATH=/home/pinet/SLAM_AGV/workspace/install/hardware_interface:/home/pinet/SLAM_AGV/workspace/install/ros2_control_test_assets:/home/pinet/SLAM_AGV/workspace/install/control_msgs:${AMENT_PREFIX_PATH} CMAKE_PREFIX_PATH=/home/pinet/SLAM_AGV/workspace/install/hardware_interface:/home/pinet/SLAM_AGV/workspace/install/ros2_control_test_assets:/home/pinet/SLAM_AGV/workspace/install/control_msgs:/opt/ros/humble LD_LIBRARY_PATH=/home/pinet/SLAM_AGV/workspace/install/hardware_interface/lib:/home/pinet/SLAM_AGV/workspace/install/control_msgs/lib:${LD_LIBRARY_PATH} PYTHONPATH=/home/pinet/SLAM_AGV/workspace/install/control_msgs/local/lib/python3.10/dist-packages:${PYTHONPATH} /usr/bin/cmake --install /home/pinet/SLAM_AGV/workspace/build/transmission_interface
[33.469s] Level 1:colcon.colcon_core.environment:create_environment_scripts_only(transmission_interface)
[33.470s] Level 1:colcon.colcon_core.environment:checking '/home/pinet/SLAM_AGV/workspace/install/transmission_interface' for CMake module files
[33.472s] DEBUG:colcon.colcon_core.event_handler.log_command:Invoked command in '/home/pinet/SLAM_AGV/workspace/build/transmission_interface' returned '0': AMENT_PREFIX_PATH=/home/pinet/SLAM_AGV/workspace/install/hardware_interface:/home/pinet/SLAM_AGV/workspace/install/ros2_control_test_assets:/home/pinet/SLAM_AGV/workspace/install/control_msgs:${AMENT_PREFIX_PATH} CMAKE_PREFIX_PATH=/home/pinet/SLAM_AGV/workspace/install/hardware_interface:/home/pinet/SLAM_AGV/workspace/install/ros2_control_test_assets:/home/pinet/SLAM_AGV/workspace/install/control_msgs:/opt/ros/humble LD_LIBRARY_PATH=/home/pinet/SLAM_AGV/workspace/install/hardware_interface/lib:/home/pinet/SLAM_AGV/workspace/install/control_msgs/lib:${LD_LIBRARY_PATH} PYTHONPATH=/home/pinet/SLAM_AGV/workspace/install/control_msgs/local/lib/python3.10/dist-packages:${PYTHONPATH} /usr/bin/cmake --install /home/pinet/SLAM_AGV/workspace/build/transmission_interface
[33.474s] Level 1:colcon.colcon_core.environment:checking '/home/pinet/SLAM_AGV/workspace/install/transmission_interface' for CMake config files
[33.477s] Level 1:colcon.colcon_core.shell:create_environment_hook('transmission_interface', 'cmake_prefix_path')
[33.478s] INFO:colcon.colcon_core.shell:Creating environment hook '/home/pinet/SLAM_AGV/workspace/install/transmission_interface/share/transmission_interface/hook/cmake_prefix_path.ps1'
[33.480s] INFO:colcon.colcon_core.shell:Creating environment descriptor '/home/pinet/SLAM_AGV/workspace/install/transmission_interface/share/transmission_interface/hook/cmake_prefix_path.dsv'
[33.483s] INFO:colcon.colcon_core.shell:Creating environment hook '/home/pinet/SLAM_AGV/workspace/install/transmission_interface/share/transmission_interface/hook/cmake_prefix_path.sh'
[33.486s] Level 1:colcon.colcon_core.environment:checking '/home/pinet/SLAM_AGV/workspace/install/transmission_interface/lib'
[33.486s] Level 1:colcon.colcon_core.shell:create_environment_hook('transmission_interface', 'ld_library_path_lib')
[33.487s] INFO:colcon.colcon_core.shell:Creating environment hook '/home/pinet/SLAM_AGV/workspace/install/transmission_interface/share/transmission_interface/hook/ld_library_path_lib.ps1'
[33.489s] INFO:colcon.colcon_core.shell:Creating environment descriptor '/home/pinet/SLAM_AGV/workspace/install/transmission_interface/share/transmission_interface/hook/ld_library_path_lib.dsv'
[33.491s] INFO:colcon.colcon_core.shell:Creating environment hook '/home/pinet/SLAM_AGV/workspace/install/transmission_interface/share/transmission_interface/hook/ld_library_path_lib.sh'
[33.493s] Level 1:colcon.colcon_core.environment:checking '/home/pinet/SLAM_AGV/workspace/install/transmission_interface/bin'
[33.493s] Level 1:colcon.colcon_core.environment:checking '/home/pinet/SLAM_AGV/workspace/install/transmission_interface/lib/pkgconfig/transmission_interface.pc'
[33.494s] Level 1:colcon.colcon_core.environment:checking '/home/pinet/SLAM_AGV/workspace/install/transmission_interface/lib/python3.10/site-packages'
[33.495s] Level 1:colcon.colcon_core.environment:checking '/home/pinet/SLAM_AGV/workspace/install/transmission_interface/bin'
[33.496s] INFO:colcon.colcon_core.shell:Creating package script '/home/pinet/SLAM_AGV/workspace/install/transmission_interface/share/transmission_interface/package.ps1'
[33.499s] INFO:colcon.colcon_core.shell:Creating package descriptor '/home/pinet/SLAM_AGV/workspace/install/transmission_interface/share/transmission_interface/package.dsv'
[33.501s] INFO:colcon.colcon_core.shell:Creating package script '/home/pinet/SLAM_AGV/workspace/install/transmission_interface/share/transmission_interface/package.sh'
[33.503s] INFO:colcon.colcon_core.shell:Creating package script '/home/pinet/SLAM_AGV/workspace/install/transmission_interface/share/transmission_interface/package.bash'
[33.505s] INFO:colcon.colcon_core.shell:Creating package script '/home/pinet/SLAM_AGV/workspace/install/transmission_interface/share/transmission_interface/package.zsh'
[33.507s] Level 1:colcon.colcon_core.environment:create_file_with_runtime_dependencies(/home/pinet/SLAM_AGV/workspace/install/transmission_interface/share/colcon-core/packages/transmission_interface)
[33.510s] Level 1:colcon.colcon_core.environment:create_environment_scripts_only(transmission_interface)
[33.511s] Level 1:colcon.colcon_core.environment:checking '/home/pinet/SLAM_AGV/workspace/install/transmission_interface' for CMake module files
[33.513s] Level 1:colcon.colcon_core.environment:checking '/home/pinet/SLAM_AGV/workspace/install/transmission_interface' for CMake config files
[33.515s] Level 1:colcon.colcon_core.shell:create_environment_hook('transmission_interface', 'cmake_prefix_path')
[33.516s] INFO:colcon.colcon_core.shell:Creating environment hook '/home/pinet/SLAM_AGV/workspace/install/transmission_interface/share/transmission_interface/hook/cmake_prefix_path.ps1'
[33.518s] INFO:colcon.colcon_core.shell:Creating environment descriptor '/home/pinet/SLAM_AGV/workspace/install/transmission_interface/share/transmission_interface/hook/cmake_prefix_path.dsv'
[33.520s] INFO:colcon.colcon_core.shell:Creating environment hook '/home/pinet/SLAM_AGV/workspace/install/transmission_interface/share/transmission_interface/hook/cmake_prefix_path.sh'
[33.522s] Level 1:colcon.colcon_core.environment:checking '/home/pinet/SLAM_AGV/workspace/install/transmission_interface/lib'
[33.523s] Level 1:colcon.colcon_core.shell:create_environment_hook('transmission_interface', 'ld_library_path_lib')
[33.524s] INFO:colcon.colcon_core.shell:Creating environment hook '/home/pinet/SLAM_AGV/workspace/install/transmission_interface/share/transmission_interface/hook/ld_library_path_lib.ps1'
[33.526s] INFO:colcon.colcon_core.shell:Creating environment descriptor '/home/pinet/SLAM_AGV/workspace/install/transmission_interface/share/transmission_interface/hook/ld_library_path_lib.dsv'
[33.528s] INFO:colcon.colcon_core.shell:Creating environment hook '/home/pinet/SLAM_AGV/workspace/install/transmission_interface/share/transmission_interface/hook/ld_library_path_lib.sh'
[33.530s] Level 1:colcon.colcon_core.environment:checking '/home/pinet/SLAM_AGV/workspace/install/transmission_interface/bin'
[33.531s] Level 1:colcon.colcon_core.environment:checking '/home/pinet/SLAM_AGV/workspace/install/transmission_interface/lib/pkgconfig/transmission_interface.pc'
[33.531s] Level 1:colcon.colcon_core.environment:checking '/home/pinet/SLAM_AGV/workspace/install/transmission_interface/lib/python3.10/site-packages'
[33.532s] Level 1:colcon.colcon_core.environment:checking '/home/pinet/SLAM_AGV/workspace/install/transmission_interface/bin'
[33.534s] INFO:colcon.colcon_core.shell:Creating package script '/home/pinet/SLAM_AGV/workspace/install/transmission_interface/share/transmission_interface/package.ps1'
[33.536s] INFO:colcon.colcon_core.shell:Creating package descriptor '/home/pinet/SLAM_AGV/workspace/install/transmission_interface/share/transmission_interface/package.dsv'
[33.539s] INFO:colcon.colcon_core.shell:Creating package script '/home/pinet/SLAM_AGV/workspace/install/transmission_interface/share/transmission_interface/package.sh'
[33.541s] INFO:colcon.colcon_core.shell:Creating package script '/home/pinet/SLAM_AGV/workspace/install/transmission_interface/share/transmission_interface/package.bash'
[33.543s] INFO:colcon.colcon_core.shell:Creating package script '/home/pinet/SLAM_AGV/workspace/install/transmission_interface/share/transmission_interface/package.zsh'
[33.545s] Level 1:colcon.colcon_core.environment:create_file_with_runtime_dependencies(/home/pinet/SLAM_AGV/workspace/install/transmission_interface/share/colcon-core/packages/transmission_interface)
[33.547s] DEBUG:colcon.colcon_core.executor.sequential:run_until_complete 'transmission_interface' finished with '0'
[33.547s] DEBUG:colcon.colcon_core.executor.sequential:run_until_complete 'controller_manager'
[33.547s] INFO:colcon.colcon_ros.task.ament_cmake.build:Building ROS package in '/home/pinet/SLAM_AGV/workspace/src/ros2_control/controller_manager' with build type 'ament_cmake'
[33.548s] INFO:colcon.colcon_cmake.task.cmake.build:Building CMake package in '/home/pinet/SLAM_AGV/workspace/src/ros2_control/controller_manager'
[33.549s] INFO:colcon.colcon_core.shell:Skip shell extension 'powershell' for command environment: Not usable outside of PowerShell
[33.549s] DEBUG:colcon.colcon_core.shell:Skip shell extension 'dsv' for command environment
[33.644s] DEBUG:colcon.colcon_core.event_handler.log_command:Invoking command in '/home/pinet/SLAM_AGV/workspace/build/controller_manager': AMENT_PREFIX_PATH=/home/pinet/SLAM_AGV/workspace/install/hardware_interface_testing:/home/pinet/SLAM_AGV/workspace/install/controller_interface:/home/pinet/SLAM_AGV/workspace/install/hardware_interface:/home/pinet/SLAM_AGV/workspace/install/ros2_control_test_assets:/home/pinet/SLAM_AGV/workspace/install/controller_manager_msgs:/home/pinet/SLAM_AGV/workspace/install/control_msgs:${AMENT_PREFIX_PATH} CMAKE_PREFIX_PATH=/home/pinet/SLAM_AGV/workspace/install/hardware_interface_testing:/home/pinet/SLAM_AGV/workspace/install/controller_interface:/home/pinet/SLAM_AGV/workspace/install/hardware_interface:/home/pinet/SLAM_AGV/workspace/install/ros2_control_test_assets:/home/pinet/SLAM_AGV/workspace/install/controller_manager_msgs:/home/pinet/SLAM_AGV/workspace/install/control_msgs:/opt/ros/humble LD_LIBRARY_PATH=/home/pinet/SLAM_AGV/workspace/install/hardware_interface_testing/lib:/home/pinet/SLAM_AGV/workspace/install/controller_interface/lib:/home/pinet/SLAM_AGV/workspace/install/hardware_interface/lib:/home/pinet/SLAM_AGV/workspace/install/controller_manager_msgs/lib:/home/pinet/SLAM_AGV/workspace/install/control_msgs/lib:${LD_LIBRARY_PATH} PYTHONPATH=/home/pinet/SLAM_AGV/workspace/install/controller_manager_msgs/local/lib/python3.10/dist-packages:/home/pinet/SLAM_AGV/workspace/install/control_msgs/local/lib/python3.10/dist-packages:${PYTHONPATH} /usr/bin/cmake --build /home/pinet/SLAM_AGV/workspace/build/controller_manager -- -j4 -l4
[35.818s] DEBUG:colcon.colcon_core.event_handler.log_command:Invoked command in '/home/pinet/SLAM_AGV/workspace/build/controller_manager' returned '0': AMENT_PREFIX_PATH=/home/pinet/SLAM_AGV/workspace/install/hardware_interface_testing:/home/pinet/SLAM_AGV/workspace/install/controller_interface:/home/pinet/SLAM_AGV/workspace/install/hardware_interface:/home/pinet/SLAM_AGV/workspace/install/ros2_control_test_assets:/home/pinet/SLAM_AGV/workspace/install/controller_manager_msgs:/home/pinet/SLAM_AGV/workspace/install/control_msgs:${AMENT_PREFIX_PATH} CMAKE_PREFIX_PATH=/home/pinet/SLAM_AGV/workspace/install/hardware_interface_testing:/home/pinet/SLAM_AGV/workspace/install/controller_interface:/home/pinet/SLAM_AGV/workspace/install/hardware_interface:/home/pinet/SLAM_AGV/workspace/install/ros2_control_test_assets:/home/pinet/SLAM_AGV/workspace/install/controller_manager_msgs:/home/pinet/SLAM_AGV/workspace/install/control_msgs:/opt/ros/humble LD_LIBRARY_PATH=/home/pinet/SLAM_AGV/workspace/install/hardware_interface_testing/lib:/home/pinet/SLAM_AGV/workspace/install/controller_interface/lib:/home/pinet/SLAM_AGV/workspace/install/hardware_interface/lib:/home/pinet/SLAM_AGV/workspace/install/controller_manager_msgs/lib:/home/pinet/SLAM_AGV/workspace/install/control_msgs/lib:${LD_LIBRARY_PATH} PYTHONPATH=/home/pinet/SLAM_AGV/workspace/install/controller_manager_msgs/local/lib/python3.10/dist-packages:/home/pinet/SLAM_AGV/workspace/install/control_msgs/local/lib/python3.10/dist-packages:${PYTHONPATH} /usr/bin/cmake --build /home/pinet/SLAM_AGV/workspace/build/controller_manager -- -j4 -l4
[35.827s] DEBUG:colcon.colcon_core.event_handler.log_command:Invoking command in '/home/pinet/SLAM_AGV/workspace/build/controller_manager': AMENT_PREFIX_PATH=/home/pinet/SLAM_AGV/workspace/install/hardware_interface_testing:/home/pinet/SLAM_AGV/workspace/install/controller_interface:/home/pinet/SLAM_AGV/workspace/install/hardware_interface:/home/pinet/SLAM_AGV/workspace/install/ros2_control_test_assets:/home/pinet/SLAM_AGV/workspace/install/controller_manager_msgs:/home/pinet/SLAM_AGV/workspace/install/control_msgs:${AMENT_PREFIX_PATH} CMAKE_PREFIX_PATH=/home/pinet/SLAM_AGV/workspace/install/hardware_interface_testing:/home/pinet/SLAM_AGV/workspace/install/controller_interface:/home/pinet/SLAM_AGV/workspace/install/hardware_interface:/home/pinet/SLAM_AGV/workspace/install/ros2_control_test_assets:/home/pinet/SLAM_AGV/workspace/install/controller_manager_msgs:/home/pinet/SLAM_AGV/workspace/install/control_msgs:/opt/ros/humble LD_LIBRARY_PATH=/home/pinet/SLAM_AGV/workspace/install/hardware_interface_testing/lib:/home/pinet/SLAM_AGV/workspace/install/controller_interface/lib:/home/pinet/SLAM_AGV/workspace/install/hardware_interface/lib:/home/pinet/SLAM_AGV/workspace/install/controller_manager_msgs/lib:/home/pinet/SLAM_AGV/workspace/install/control_msgs/lib:${LD_LIBRARY_PATH} PYTHONPATH=/home/pinet/SLAM_AGV/workspace/install/controller_manager_msgs/local/lib/python3.10/dist-packages:/home/pinet/SLAM_AGV/workspace/install/control_msgs/local/lib/python3.10/dist-packages:${PYTHONPATH} /usr/bin/cmake --install /home/pinet/SLAM_AGV/workspace/build/controller_manager
[36.123s] Level 1:colcon.colcon_core.environment:create_environment_scripts_only(controller_manager)
[36.124s] Level 1:colcon.colcon_core.environment:checking '/home/pinet/SLAM_AGV/workspace/install/controller_manager' for CMake module files
[36.126s] DEBUG:colcon.colcon_core.event_handler.log_command:Invoked command in '/home/pinet/SLAM_AGV/workspace/build/controller_manager' returned '0': AMENT_PREFIX_PATH=/home/pinet/SLAM_AGV/workspace/install/hardware_interface_testing:/home/pinet/SLAM_AGV/workspace/install/controller_interface:/home/pinet/SLAM_AGV/workspace/install/hardware_interface:/home/pinet/SLAM_AGV/workspace/install/ros2_control_test_assets:/home/pinet/SLAM_AGV/workspace/install/controller_manager_msgs:/home/pinet/SLAM_AGV/workspace/install/control_msgs:${AMENT_PREFIX_PATH} CMAKE_PREFIX_PATH=/home/pinet/SLAM_AGV/workspace/install/hardware_interface_testing:/home/pinet/SLAM_AGV/workspace/install/controller_interface:/home/pinet/SLAM_AGV/workspace/install/hardware_interface:/home/pinet/SLAM_AGV/workspace/install/ros2_control_test_assets:/home/pinet/SLAM_AGV/workspace/install/controller_manager_msgs:/home/pinet/SLAM_AGV/workspace/install/control_msgs:/opt/ros/humble LD_LIBRARY_PATH=/home/pinet/SLAM_AGV/workspace/install/hardware_interface_testing/lib:/home/pinet/SLAM_AGV/workspace/install/controller_interface/lib:/home/pinet/SLAM_AGV/workspace/install/hardware_interface/lib:/home/pinet/SLAM_AGV/workspace/install/controller_manager_msgs/lib:/home/pinet/SLAM_AGV/workspace/install/control_msgs/lib:${LD_LIBRARY_PATH} PYTHONPATH=/home/pinet/SLAM_AGV/workspace/install/controller_manager_msgs/local/lib/python3.10/dist-packages:/home/pinet/SLAM_AGV/workspace/install/control_msgs/local/lib/python3.10/dist-packages:${PYTHONPATH} /usr/bin/cmake --install /home/pinet/SLAM_AGV/workspace/build/controller_manager
[36.130s] Level 1:colcon.colcon_core.environment:checking '/home/pinet/SLAM_AGV/workspace/install/controller_manager' for CMake config files
[36.137s] Level 1:colcon.colcon_core.shell:create_environment_hook('controller_manager', 'cmake_prefix_path')
[36.138s] INFO:colcon.colcon_core.shell:Creating environment hook '/home/pinet/SLAM_AGV/workspace/install/controller_manager/share/controller_manager/hook/cmake_prefix_path.ps1'
[36.141s] INFO:colcon.colcon_core.shell:Creating environment descriptor '/home/pinet/SLAM_AGV/workspace/install/controller_manager/share/controller_manager/hook/cmake_prefix_path.dsv'
[36.143s] INFO:colcon.colcon_core.shell:Creating environment hook '/home/pinet/SLAM_AGV/workspace/install/controller_manager/share/controller_manager/hook/cmake_prefix_path.sh'
[36.146s] Level 1:colcon.colcon_core.environment:checking '/home/pinet/SLAM_AGV/workspace/install/controller_manager/lib'
[36.146s] Level 1:colcon.colcon_core.shell:create_environment_hook('controller_manager', 'ld_library_path_lib')
[36.147s] INFO:colcon.colcon_core.shell:Creating environment hook '/home/pinet/SLAM_AGV/workspace/install/controller_manager/share/controller_manager/hook/ld_library_path_lib.ps1'
[36.149s] INFO:colcon.colcon_core.shell:Creating environment descriptor '/home/pinet/SLAM_AGV/workspace/install/controller_manager/share/controller_manager/hook/ld_library_path_lib.dsv'
[36.151s] INFO:colcon.colcon_core.shell:Creating environment hook '/home/pinet/SLAM_AGV/workspace/install/controller_manager/share/controller_manager/hook/ld_library_path_lib.sh'
[36.153s] Level 1:colcon.colcon_core.environment:checking '/home/pinet/SLAM_AGV/workspace/install/controller_manager/bin'
[36.154s] Level 1:colcon.colcon_core.environment:checking '/home/pinet/SLAM_AGV/workspace/install/controller_manager/lib/pkgconfig/controller_manager.pc'
[36.155s] Level 1:colcon.colcon_core.environment:checking '/home/pinet/SLAM_AGV/workspace/install/controller_manager/lib/python3.10/site-packages'
[36.156s] Level 1:colcon.colcon_core.environment:checking '/home/pinet/SLAM_AGV/workspace/install/controller_manager/bin'
[36.157s] INFO:colcon.colcon_core.shell:Creating package script '/home/pinet/SLAM_AGV/workspace/install/controller_manager/share/controller_manager/package.ps1'
[36.159s] INFO:colcon.colcon_core.shell:Creating package descriptor '/home/pinet/SLAM_AGV/workspace/install/controller_manager/share/controller_manager/package.dsv'
[36.161s] INFO:colcon.colcon_core.shell:Creating package script '/home/pinet/SLAM_AGV/workspace/install/controller_manager/share/controller_manager/package.sh'
[36.163s] INFO:colcon.colcon_core.shell:Creating package script '/home/pinet/SLAM_AGV/workspace/install/controller_manager/share/controller_manager/package.bash'
[36.165s] INFO:colcon.colcon_core.shell:Creating package script '/home/pinet/SLAM_AGV/workspace/install/controller_manager/share/controller_manager/package.zsh'
[36.167s] Level 1:colcon.colcon_core.environment:create_file_with_runtime_dependencies(/home/pinet/SLAM_AGV/workspace/install/controller_manager/share/colcon-core/packages/controller_manager)
[36.170s] Level 1:colcon.colcon_core.environment:create_environment_scripts_only(controller_manager)
[36.171s] Level 1:colcon.colcon_core.environment:checking '/home/pinet/SLAM_AGV/workspace/install/controller_manager' for CMake module files
[36.175s] Level 1:colcon.colcon_core.environment:checking '/home/pinet/SLAM_AGV/workspace/install/controller_manager' for CMake config files
[36.180s] Level 1:colcon.colcon_core.shell:create_environment_hook('controller_manager', 'cmake_prefix_path')
[36.181s] INFO:colcon.colcon_core.shell:Creating environment hook '/home/pinet/SLAM_AGV/workspace/install/controller_manager/share/controller_manager/hook/cmake_prefix_path.ps1'
[36.183s] INFO:colcon.colcon_core.shell:Creating environment descriptor '/home/pinet/SLAM_AGV/workspace/install/controller_manager/share/controller_manager/hook/cmake_prefix_path.dsv'
[36.185s] INFO:colcon.colcon_core.shell:Creating environment hook '/home/pinet/SLAM_AGV/workspace/install/controller_manager/share/controller_manager/hook/cmake_prefix_path.sh'
[36.187s] Level 1:colcon.colcon_core.environment:checking '/home/pinet/SLAM_AGV/workspace/install/controller_manager/lib'
[36.188s] Level 1:colcon.colcon_core.shell:create_environment_hook('controller_manager', 'ld_library_path_lib')
[36.189s] INFO:colcon.colcon_core.shell:Creating environment hook '/home/pinet/SLAM_AGV/workspace/install/controller_manager/share/controller_manager/hook/ld_library_path_lib.ps1'
[36.191s] INFO:colcon.colcon_core.shell:Creating environment descriptor '/home/pinet/SLAM_AGV/workspace/install/controller_manager/share/controller_manager/hook/ld_library_path_lib.dsv'
[36.193s] INFO:colcon.colcon_core.shell:Creating environment hook '/home/pinet/SLAM_AGV/workspace/install/controller_manager/share/controller_manager/hook/ld_library_path_lib.sh'
[36.195s] Level 1:colcon.colcon_core.environment:checking '/home/pinet/SLAM_AGV/workspace/install/controller_manager/bin'
[36.195s] Level 1:colcon.colcon_core.environment:checking '/home/pinet/SLAM_AGV/workspace/install/controller_manager/lib/pkgconfig/controller_manager.pc'
[36.196s] Level 1:colcon.colcon_core.environment:checking '/home/pinet/SLAM_AGV/workspace/install/controller_manager/lib/python3.10/site-packages'
[36.197s] Level 1:colcon.colcon_core.environment:checking '/home/pinet/SLAM_AGV/workspace/install/controller_manager/bin'
[36.198s] INFO:colcon.colcon_core.shell:Creating package script '/home/pinet/SLAM_AGV/workspace/install/controller_manager/share/controller_manager/package.ps1'
[36.200s] INFO:colcon.colcon_core.shell:Creating package descriptor '/home/pinet/SLAM_AGV/workspace/install/controller_manager/share/controller_manager/package.dsv'
[36.203s] INFO:colcon.colcon_core.shell:Creating package script '/home/pinet/SLAM_AGV/workspace/install/controller_manager/share/controller_manager/package.sh'
[36.205s] INFO:colcon.colcon_core.shell:Creating package script '/home/pinet/SLAM_AGV/workspace/install/controller_manager/share/controller_manager/package.bash'
[36.208s] INFO:colcon.colcon_core.shell:Creating package script '/home/pinet/SLAM_AGV/workspace/install/controller_manager/share/controller_manager/package.zsh'
[36.210s] Level 1:colcon.colcon_core.environment:create_file_with_runtime_dependencies(/home/pinet/SLAM_AGV/workspace/install/controller_manager/share/colcon-core/packages/controller_manager)
[36.211s] DEBUG:colcon.colcon_core.executor.sequential:run_until_complete 'controller_manager' finished with '0'
[36.211s] DEBUG:colcon.colcon_core.executor.sequential:run_until_complete 'admittance_controller'
[36.212s] INFO:colcon.colcon_ros.task.ament_cmake.build:Building ROS package in '/home/pinet/SLAM_AGV/workspace/src/ros2_controllers/admittance_controller' with build type 'ament_cmake'
[36.212s] INFO:colcon.colcon_cmake.task.cmake.build:Building CMake package in '/home/pinet/SLAM_AGV/workspace/src/ros2_controllers/admittance_controller'
[36.213s] INFO:colcon.colcon_core.shell:Skip shell extension 'powershell' for command environment: Not usable outside of PowerShell
[36.213s] DEBUG:colcon.colcon_core.shell:Skip shell extension 'dsv' for command environment
[36.320s] DEBUG:colcon.colcon_core.event_handler.log_command:Invoking command in '/home/pinet/SLAM_AGV/workspace/build/admittance_controller': AMENT_PREFIX_PATH=/home/pinet/SLAM_AGV/workspace/install/controller_manager:/home/pinet/SLAM_AGV/workspace/install/hardware_interface_testing:/home/pinet/SLAM_AGV/workspace/install/controller_interface:/home/pinet/SLAM_AGV/workspace/install/hardware_interface:/home/pinet/SLAM_AGV/workspace/install/ros2_control_test_assets:/home/pinet/SLAM_AGV/workspace/install/controller_manager_msgs:/home/pinet/SLAM_AGV/workspace/install/control_msgs:${AMENT_PREFIX_PATH} CMAKE_PREFIX_PATH=/home/pinet/SLAM_AGV/workspace/install/controller_manager:/home/pinet/SLAM_AGV/workspace/install/hardware_interface_testing:/home/pinet/SLAM_AGV/workspace/install/controller_interface:/home/pinet/SLAM_AGV/workspace/install/hardware_interface:/home/pinet/SLAM_AGV/workspace/install/ros2_control_test_assets:/home/pinet/SLAM_AGV/workspace/install/controller_manager_msgs:/home/pinet/SLAM_AGV/workspace/install/control_msgs:/opt/ros/humble LD_LIBRARY_PATH=/home/pinet/SLAM_AGV/workspace/install/controller_manager/lib:/home/pinet/SLAM_AGV/workspace/install/hardware_interface_testing/lib:/home/pinet/SLAM_AGV/workspace/install/controller_interface/lib:/home/pinet/SLAM_AGV/workspace/install/hardware_interface/lib:/home/pinet/SLAM_AGV/workspace/install/controller_manager_msgs/lib:/home/pinet/SLAM_AGV/workspace/install/control_msgs/lib:${LD_LIBRARY_PATH} PYTHONPATH=/home/pinet/SLAM_AGV/workspace/install/controller_manager/local/lib/python3.10/dist-packages:/home/pinet/SLAM_AGV/workspace/install/controller_manager_msgs/local/lib/python3.10/dist-packages:/home/pinet/SLAM_AGV/workspace/install/control_msgs/local/lib/python3.10/dist-packages:${PYTHONPATH} /usr/bin/cmake /home/pinet/SLAM_AGV/workspace/src/ros2_controllers/admittance_controller -DAMENT_CMAKE_SYMLINK_INSTALL=1 -DCMAKE_INSTALL_PREFIX=/home/pinet/SLAM_AGV/workspace/install/admittance_controller
[39.164s] DEBUG:colcon.colcon_core.event_handler.log_command:Invoked command in '/home/pinet/SLAM_AGV/workspace/build/admittance_controller' returned '1': AMENT_PREFIX_PATH=/home/pinet/SLAM_AGV/workspace/install/controller_manager:/home/pinet/SLAM_AGV/workspace/install/hardware_interface_testing:/home/pinet/SLAM_AGV/workspace/install/controller_interface:/home/pinet/SLAM_AGV/workspace/install/hardware_interface:/home/pinet/SLAM_AGV/workspace/install/ros2_control_test_assets:/home/pinet/SLAM_AGV/workspace/install/controller_manager_msgs:/home/pinet/SLAM_AGV/workspace/install/control_msgs:${AMENT_PREFIX_PATH} CMAKE_PREFIX_PATH=/home/pinet/SLAM_AGV/workspace/install/controller_manager:/home/pinet/SLAM_AGV/workspace/install/hardware_interface_testing:/home/pinet/SLAM_AGV/workspace/install/controller_interface:/home/pinet/SLAM_AGV/workspace/install/hardware_interface:/home/pinet/SLAM_AGV/workspace/install/ros2_control_test_assets:/home/pinet/SLAM_AGV/workspace/install/controller_manager_msgs:/home/pinet/SLAM_AGV/workspace/install/control_msgs:/opt/ros/humble LD_LIBRARY_PATH=/home/pinet/SLAM_AGV/workspace/install/controller_manager/lib:/home/pinet/SLAM_AGV/workspace/install/hardware_interface_testing/lib:/home/pinet/SLAM_AGV/workspace/install/controller_interface/lib:/home/pinet/SLAM_AGV/workspace/install/hardware_interface/lib:/home/pinet/SLAM_AGV/workspace/install/controller_manager_msgs/lib:/home/pinet/SLAM_AGV/workspace/install/control_msgs/lib:${LD_LIBRARY_PATH} PYTHONPATH=/home/pinet/SLAM_AGV/workspace/install/controller_manager/local/lib/python3.10/dist-packages:/home/pinet/SLAM_AGV/workspace/install/controller_manager_msgs/local/lib/python3.10/dist-packages:/home/pinet/SLAM_AGV/workspace/install/control_msgs/local/lib/python3.10/dist-packages:${PYTHONPATH} /usr/bin/cmake /home/pinet/SLAM_AGV/workspace/src/ros2_controllers/admittance_controller -DAMENT_CMAKE_SYMLINK_INSTALL=1 -DCMAKE_INSTALL_PREFIX=/home/pinet/SLAM_AGV/workspace/install/admittance_controller
[39.207s] Level 1:colcon.colcon_core.environment:create_environment_scripts_only(admittance_controller)
[39.209s] Level 1:colcon.colcon_core.environment:checking '/home/pinet/SLAM_AGV/workspace/install/admittance_controller' for CMake module files
[39.211s] Level 1:colcon.colcon_core.environment:checking '/home/pinet/SLAM_AGV/workspace/install/admittance_controller' for CMake config files
[39.213s] Level 1:colcon.colcon_core.environment:checking '/home/pinet/SLAM_AGV/workspace/install/admittance_controller/bin'
[39.214s] Level 1:colcon.colcon_core.environment:checking '/home/pinet/SLAM_AGV/workspace/install/admittance_controller/lib/pkgconfig/admittance_controller.pc'
[39.215s] Level 1:colcon.colcon_core.environment:checking '/home/pinet/SLAM_AGV/workspace/install/admittance_controller/lib/python3.10/site-packages'
[39.216s] Level 1:colcon.colcon_core.environment:checking '/home/pinet/SLAM_AGV/workspace/install/admittance_controller/bin'
[39.217s] INFO:colcon.colcon_core.shell:Creating package script '/home/pinet/SLAM_AGV/workspace/install/admittance_controller/share/admittance_controller/package.ps1'
[39.219s] INFO:colcon.colcon_core.shell:Creating package descriptor '/home/pinet/SLAM_AGV/workspace/install/admittance_controller/share/admittance_controller/package.dsv'
[39.221s] INFO:colcon.colcon_core.shell:Creating package script '/home/pinet/SLAM_AGV/workspace/install/admittance_controller/share/admittance_controller/package.sh'
[39.222s] INFO:colcon.colcon_core.shell:Creating package script '/home/pinet/SLAM_AGV/workspace/install/admittance_controller/share/admittance_controller/package.bash'
[39.224s] INFO:colcon.colcon_core.shell:Creating package script '/home/pinet/SLAM_AGV/workspace/install/admittance_controller/share/admittance_controller/package.zsh'
[39.226s] Level 1:colcon.colcon_core.environment:create_file_with_runtime_dependencies(/home/pinet/SLAM_AGV/workspace/install/admittance_controller/share/colcon-core/packages/admittance_controller)
[39.228s] DEBUG:colcon.colcon_core.executor.sequential:run_until_complete 'admittance_controller' finished with '1'
[39.228s] DEBUG:colcon.colcon_core.executor.sequential:closing loop
[39.229s] DEBUG:colcon.colcon_core.executor.sequential:loop closed
[39.230s] DEBUG:colcon.colcon_core.event_reactor:joining thread
[39.257s] INFO:colcon.colcon_core.plugin_system:Skipping extension 'colcon_notification.desktop_notification.notify_send': Could not find 'notify-send'
[39.257s] INFO:colcon.colcon_core.plugin_system:Skipping extension 'colcon_notification.desktop_notification.terminal_notifier': Not used on non-Darwin systems
[39.257s] INFO:colcon.colcon_core.plugin_system:Skipping extension 'colcon_notification.desktop_notification.win32': Not used on non-Windows systems
[39.258s] INFO:colcon.colcon_notification.desktop_notification:Sending desktop notification using 'notify2'
[39.260s] DEBUG:colcon.colcon_notification.desktop_notification.notify2:Failed to initialize notify2: org.freedesktop.DBus.Error.ServiceUnknown: The name org.freedesktop.Notifications was not provided by any .service files
[39.261s] DEBUG:colcon.colcon_core.event_reactor:joined thread
[39.261s] INFO:colcon.colcon_core.shell:Creating prefix script '/home/pinet/SLAM_AGV/workspace/install/local_setup.ps1'
[39.265s] INFO:colcon.colcon_core.shell:Creating prefix util module '/home/pinet/SLAM_AGV/workspace/install/_local_setup_util_ps1.py'
[39.271s] INFO:colcon.colcon_core.shell:Creating prefix chain script '/home/pinet/SLAM_AGV/workspace/install/setup.ps1'
[39.276s] INFO:colcon.colcon_core.shell:Creating prefix script '/home/pinet/SLAM_AGV/workspace/install/local_setup.sh'
[39.279s] INFO:colcon.colcon_core.shell:Creating prefix util module '/home/pinet/SLAM_AGV/workspace/install/_local_setup_util_sh.py'
[39.282s] INFO:colcon.colcon_core.shell:Creating prefix chain script '/home/pinet/SLAM_AGV/workspace/install/setup.sh'
[39.286s] INFO:colcon.colcon_core.shell:Creating prefix script '/home/pinet/SLAM_AGV/workspace/install/local_setup.bash'
[39.288s] INFO:colcon.colcon_core.shell:Creating prefix chain script '/home/pinet/SLAM_AGV/workspace/install/setup.bash'
[39.292s] INFO:colcon.colcon_core.shell:Creating prefix script '/home/pinet/SLAM_AGV/workspace/install/local_setup.zsh'
[39.295s] INFO:colcon.colcon_core.shell:Creating prefix chain script '/home/pinet/SLAM_AGV/workspace/install/setup.zsh'
