[0.052s] Invoking command in '/home/pinet/SLAM_AGV/workspace/build/control_msgs': CMAKE_PREFIX_PATH=/opt/ros/humble /usr/bin/cmake /home/pinet/SLAM_AGV/workspace/src/control_msgs/control_msgs -DAMENT_CMAKE_SYMLINK_INSTALL=1 -DCMAKE_INSTALL_PREFIX=/home/pinet/SLAM_AGV/workspace/install/control_msgs
[1.159s] -- The C compiler identification is GNU 11.4.0
[1.887s] -- The CXX compiler identification is GNU 11.4.0
[1.934s] -- Detecting C compiler ABI info
[3.064s] -- Detecting C compiler ABI info - done
[3.090s] -- Check for working C compiler: /usr/bin/cc - skipped
[3.092s] -- Detecting C compile features
[3.095s] -- Detecting C compile features - done
[3.112s] -- Detecting CXX compiler ABI info
[3.452s] -- Detecting CXX compiler ABI info - done
[3.479s] -- Check for working CXX compiler: /usr/bin/c++ - skipped
[3.480s] -- Detecting CXX compile features
[3.482s] -- Detecting CXX compile features - done
[3.499s] -- Found action_msgs: 1.2.1 (/opt/ros/humble/share/action_msgs/cmake)
[4.173s] -- Found Python3: /usr/bin/python3 (found version "3.10.12") found components: Interpreter 
[4.460s] -- Override CMake install command with custom implementation using symlinks instead of copying resources
[4.975s] -- Found rosidl_generator_c: 3.1.6 (/opt/ros/humble/share/rosidl_generator_c/cmake)
[5.015s] -- Found rosidl_adapter: 3.1.6 (/opt/ros/humble/share/rosidl_adapter/cmake)
[5.079s] -- Found rosidl_generator_cpp: 3.1.6 (/opt/ros/humble/share/rosidl_generator_cpp/cmake)
[5.164s] -- Using all available rosidl_typesupport_c: rosidl_typesupport_fastrtps_c;rosidl_typesupport_introspection_c
[5.270s] -- Using all available rosidl_typesupport_cpp: rosidl_typesupport_fastrtps_cpp;rosidl_typesupport_introspection_cpp
[5.497s] -- Found geometry_msgs: 4.2.4 (/opt/ros/humble/share/geometry_msgs/cmake)
[5.657s] -- Found rosidl_default_generators: 1.2.0 (/opt/ros/humble/share/rosidl_default_generators/cmake)
[5.719s] -- Found sensor_msgs: 4.2.4 (/opt/ros/humble/share/sensor_msgs/cmake)
[5.819s] -- Found trajectory_msgs: 4.2.4 (/opt/ros/humble/share/trajectory_msgs/cmake)
[8.360s] -- Found ament_cmake_cppcheck: 0.12.11 (/opt/ros/humble/share/ament_cmake_cppcheck/cmake)
[8.377s] -- Found ament_cmake_cpplint: 0.12.11 (/opt/ros/humble/share/ament_cmake_cpplint/cmake)
[8.394s] -- Found ament_cmake_uncrustify: 0.12.11 (/opt/ros/humble/share/ament_cmake_uncrustify/cmake)
[8.413s] -- Found ament_cmake_ros: 0.10.0 (/opt/ros/humble/share/ament_cmake_ros/cmake)
[10.616s] -- Using all available rosidl_typesupport_c: rosidl_typesupport_fastrtps_c;rosidl_typesupport_introspection_c
[11.457s] -- Using all available rosidl_typesupport_cpp: rosidl_typesupport_fastrtps_cpp;rosidl_typesupport_introspection_cpp
[11.563s] -- Found PythonInterp: /usr/bin/python3 (found suitable version "3.10.12", minimum required is "3.6") 
[11.579s] -- Found python_cmake_module: 0.10.0 (/opt/ros/humble/share/python_cmake_module/cmake)
[11.694s] -- Found PythonLibs: /usr/lib/aarch64-linux-gnu/libpython3.10.so (found suitable version "3.10.12", minimum required is "3.5") 
[11.695s] -- Using PYTHON_EXECUTABLE: /usr/bin/python3
[11.695s] -- Using PYTHON_INCLUDE_DIRS: /usr/include/python3.10
[11.696s] -- Using PYTHON_LIBRARIES: /usr/lib/aarch64-linux-gnu/libpython3.10.so
[11.787s] -- Found PythonExtra: .so  
[12.240s] -- Found ament_cmake_flake8: 0.12.11 (/opt/ros/humble/share/ament_cmake_flake8/cmake)
[12.257s] -- Found ament_cmake_pep257: 0.12.11 (/opt/ros/humble/share/ament_cmake_pep257/cmake)
[12.358s] -- Configuring done
[12.743s] -- Generating done
[12.809s] -- Build files have been written to: /home/pinet/SLAM_AGV/workspace/build/control_msgs
[12.850s] Invoked command in '/home/pinet/SLAM_AGV/workspace/build/control_msgs' returned '0': CMAKE_PREFIX_PATH=/opt/ros/humble /usr/bin/cmake /home/pinet/SLAM_AGV/workspace/src/control_msgs/control_msgs -DAMENT_CMAKE_SYMLINK_INSTALL=1 -DCMAKE_INSTALL_PREFIX=/home/pinet/SLAM_AGV/workspace/install/control_msgs
[12.859s] Invoking command in '/home/pinet/SLAM_AGV/workspace/build/control_msgs': CMAKE_PREFIX_PATH=/opt/ros/humble /usr/bin/cmake --build /home/pinet/SLAM_AGV/workspace/build/control_msgs -- -j4 -l4
[13.054s] [  1%] [34m[1mGenerating C code for ROS interfaces[0m
[13.100s] [  1%] [34m[1mGenerating C++ code for ROS interfaces[0m
[13.118s] [  1%] Built target ament_cmake_python_symlink_control_msgs
[14.319s] running egg_info
[14.322s] creating control_msgs.egg-info
[14.322s] writing control_msgs.egg-info/PKG-INFO
[14.323s] writing dependency_links to control_msgs.egg-info/dependency_links.txt
[14.325s] writing top-level names to control_msgs.egg-info/top_level.txt
[14.326s] writing manifest file 'control_msgs.egg-info/SOURCES.txt'
[14.337s] reading manifest file 'control_msgs.egg-info/SOURCES.txt'
[14.340s] writing manifest file 'control_msgs.egg-info/SOURCES.txt'
[14.469s] [  1%] Built target ament_cmake_python_build_control_msgs_egg
[30.259s] [  1%] Built target control_msgs__cpp
[30.308s] [  2%] [34m[1mGenerating C++ type support dispatch for ROS interfaces[0m
[30.312s] [  3%] [34m[1mGenerating C++ type support for eProsima Fast-RTPS[0m
[30.341s] [  4%] [34m[1mGenerating C++ introspection for ROS interfaces[0m
[31.536s] [  4%] [32mBuilding C object CMakeFiles/control_msgs__rosidl_generator_c.dir/rosidl_generator_c/control_msgs/action/detail/parallel_gripper_command__functions.c.o[0m
[32.381s] [  5%] [32mBuilding C object CMakeFiles/control_msgs__rosidl_generator_c.dir/rosidl_generator_c/control_msgs/action/detail/follow_joint_trajectory__functions.c.o[0m
[33.166s] [  5%] [32mBuilding C object CMakeFiles/control_msgs__rosidl_generator_c.dir/rosidl_generator_c/control_msgs/action/detail/gripper_command__functions.c.o[0m
[33.832s] [  6%] [32mBuilding C object CMakeFiles/control_msgs__rosidl_generator_c.dir/rosidl_generator_c/control_msgs/action/detail/joint_trajectory__functions.c.o[0m
[34.494s] [  6%] [32mBuilding C object CMakeFiles/control_msgs__rosidl_generator_c.dir/rosidl_generator_c/control_msgs/action/detail/point_head__functions.c.o[0m
[35.181s] [  7%] [32mBuilding C object CMakeFiles/control_msgs__rosidl_generator_c.dir/rosidl_generator_c/control_msgs/action/detail/single_joint_position__functions.c.o[0m
[35.886s] [  7%] [32mBuilding C object CMakeFiles/control_msgs__rosidl_generator_c.dir/rosidl_generator_c/control_msgs/msg/detail/admittance_controller_state__functions.c.o[0m
[36.229s] [  7%] [32mBuilding C object CMakeFiles/control_msgs__rosidl_generator_c.dir/rosidl_generator_c/control_msgs/msg/detail/dynamic_interface_group_values__functions.c.o[0m
[36.504s] [  8%] [32mBuilding C object CMakeFiles/control_msgs__rosidl_generator_c.dir/rosidl_generator_c/control_msgs/msg/detail/dynamic_joint_state__functions.c.o[0m
[36.778s] [  8%] [32mBuilding C object CMakeFiles/control_msgs__rosidl_generator_c.dir/rosidl_generator_c/control_msgs/msg/detail/gripper_command__functions.c.o[0m
[37.048s] [  9%] [32mBuilding C object CMakeFiles/control_msgs__rosidl_generator_c.dir/rosidl_generator_c/control_msgs/msg/detail/interface_value__functions.c.o[0m
[37.338s] [  9%] [32mBuilding C object CMakeFiles/control_msgs__rosidl_generator_c.dir/rosidl_generator_c/control_msgs/msg/detail/joint_component_tolerance__functions.c.o[0m
[37.605s] [ 10%] [32mBuilding C object CMakeFiles/control_msgs__rosidl_generator_c.dir/rosidl_generator_c/control_msgs/msg/detail/joint_controller_state__functions.c.o[0m
[37.882s] [ 10%] [32mBuilding C object CMakeFiles/control_msgs__rosidl_generator_c.dir/rosidl_generator_c/control_msgs/msg/detail/joint_jog__functions.c.o[0m
[38.163s] [ 11%] [32mBuilding C object CMakeFiles/control_msgs__rosidl_generator_c.dir/rosidl_generator_c/control_msgs/msg/detail/joint_tolerance__functions.c.o[0m
[38.429s] [ 11%] [32mBuilding C object CMakeFiles/control_msgs__rosidl_generator_c.dir/rosidl_generator_c/control_msgs/msg/detail/joint_trajectory_controller_state__functions.c.o[0m
[38.751s] [ 11%] [32mBuilding C object CMakeFiles/control_msgs__rosidl_generator_c.dir/rosidl_generator_c/control_msgs/msg/detail/mecanum_drive_controller_state__functions.c.o[0m
[39.062s] [ 12%] [32mBuilding C object CMakeFiles/control_msgs__rosidl_generator_c.dir/rosidl_generator_c/control_msgs/msg/detail/multi_dof_command__functions.c.o[0m
[39.336s] [ 12%] [32mBuilding C object CMakeFiles/control_msgs__rosidl_generator_c.dir/rosidl_generator_c/control_msgs/msg/detail/multi_dof_state_stamped__functions.c.o[0m
[39.608s] [ 13%] [32mBuilding C object CMakeFiles/control_msgs__rosidl_generator_c.dir/rosidl_generator_c/control_msgs/msg/detail/pid_state__functions.c.o[0m
[39.888s] [ 13%] [32mBuilding C object CMakeFiles/control_msgs__rosidl_generator_c.dir/rosidl_generator_c/control_msgs/msg/detail/single_dof_state__functions.c.o[0m
[40.161s] [ 14%] [32mBuilding C object CMakeFiles/control_msgs__rosidl_generator_c.dir/rosidl_generator_c/control_msgs/msg/detail/single_dof_state_stamped__functions.c.o[0m
[40.431s] [ 14%] [32mBuilding C object CMakeFiles/control_msgs__rosidl_generator_c.dir/rosidl_generator_c/control_msgs/msg/detail/steering_controller_status__functions.c.o[0m
[40.717s] [ 15%] [32mBuilding C object CMakeFiles/control_msgs__rosidl_generator_c.dir/rosidl_generator_c/control_msgs/srv/detail/query_calibration_state__functions.c.o[0m
[41.084s] [ 15%] [32mBuilding C object CMakeFiles/control_msgs__rosidl_generator_c.dir/rosidl_generator_c/control_msgs/srv/detail/query_trajectory_state__functions.c.o[0m
[41.458s] [ 16%] [32m[1mLinking C shared library libcontrol_msgs__rosidl_generator_c.so[0m
[41.746s] [ 16%] Built target control_msgs__rosidl_generator_c
[41.775s] [ 16%] [32mBuilding CXX object CMakeFiles/control_msgs__rosidl_typesupport_cpp.dir/rosidl_typesupport_cpp/control_msgs/action/parallel_gripper_command__type_support.cpp.o[0m
[41.804s] [ 17%] [34m[1mGenerating C type support for eProsima Fast-RTPS[0m
[45.151s] [ 18%] [32mBuilding CXX object CMakeFiles/control_msgs__rosidl_typesupport_cpp.dir/rosidl_typesupport_cpp/control_msgs/action/follow_joint_trajectory__type_support.cpp.o[0m
[45.232s] [ 18%] [32mBuilding CXX object CMakeFiles/control_msgs__rosidl_typesupport_introspection_cpp.dir/rosidl_typesupport_introspection_cpp/control_msgs/action/detail/parallel_gripper_command__type_support.cpp.o[0m
[48.224s] [ 18%] [32mBuilding CXX object CMakeFiles/control_msgs__rosidl_typesupport_cpp.dir/rosidl_typesupport_cpp/control_msgs/action/gripper_command__type_support.cpp.o[0m
[48.331s] [ 18%] [32mBuilding CXX object CMakeFiles/control_msgs__rosidl_typesupport_fastrtps_cpp.dir/rosidl_typesupport_fastrtps_cpp/control_msgs/action/detail/dds_fastrtps/parallel_gripper_command__type_support.cpp.o[0m
[49.126s] [ 19%] [32mBuilding CXX object CMakeFiles/control_msgs__rosidl_typesupport_introspection_cpp.dir/rosidl_typesupport_introspection_cpp/control_msgs/action/detail/follow_joint_trajectory__type_support.cpp.o[0m
[51.041s] [ 19%] [32mBuilding CXX object CMakeFiles/control_msgs__rosidl_typesupport_cpp.dir/rosidl_typesupport_cpp/control_msgs/action/joint_trajectory__type_support.cpp.o[0m
[51.926s] [ 20%] [32mBuilding CXX object CMakeFiles/control_msgs__rosidl_typesupport_fastrtps_cpp.dir/rosidl_typesupport_fastrtps_cpp/control_msgs/action/detail/dds_fastrtps/follow_joint_trajectory__type_support.cpp.o[0m
[53.989s] [ 20%] [32mBuilding CXX object CMakeFiles/control_msgs__rosidl_typesupport_introspection_cpp.dir/rosidl_typesupport_introspection_cpp/control_msgs/action/detail/gripper_command__type_support.cpp.o[0m
[54.059s] [ 21%] [32mBuilding CXX object CMakeFiles/control_msgs__rosidl_typesupport_cpp.dir/rosidl_typesupport_cpp/control_msgs/action/point_head__type_support.cpp.o[0m
[56.452s] [ 21%] [32mBuilding CXX object CMakeFiles/control_msgs__rosidl_typesupport_fastrtps_cpp.dir/rosidl_typesupport_fastrtps_cpp/control_msgs/action/detail/dds_fastrtps/gripper_command__type_support.cpp.o[0m
[56.931s] [ 21%] [32mBuilding CXX object CMakeFiles/control_msgs__rosidl_typesupport_cpp.dir/rosidl_typesupport_cpp/control_msgs/action/single_joint_position__type_support.cpp.o[0m
[57.728s] [ 22%] [32mBuilding CXX object CMakeFiles/control_msgs__rosidl_typesupport_introspection_cpp.dir/rosidl_typesupport_introspection_cpp/control_msgs/action/detail/joint_trajectory__type_support.cpp.o[0m
[59.878s] [ 23%] [32mBuilding CXX object CMakeFiles/control_msgs__rosidl_typesupport_cpp.dir/rosidl_typesupport_cpp/control_msgs/msg/admittance_controller_state__type_support.cpp.o[0m
[59.966s] [ 24%] [32mBuilding CXX object CMakeFiles/control_msgs__rosidl_typesupport_fastrtps_cpp.dir/rosidl_typesupport_fastrtps_cpp/control_msgs/action/detail/dds_fastrtps/joint_trajectory__type_support.cpp.o[0m
[61.056s] [ 24%] [32mBuilding CXX object CMakeFiles/control_msgs__rosidl_typesupport_fastrtps_c.dir/rosidl_typesupport_fastrtps_c/control_msgs/action/detail/parallel_gripper_command__type_support_c.cpp.o[0m
[61.593s] [ 24%] [32mBuilding CXX object CMakeFiles/control_msgs__rosidl_typesupport_cpp.dir/rosidl_typesupport_cpp/control_msgs/msg/dynamic_interface_group_values__type_support.cpp.o[0m
[61.815s] [ 24%] [32mBuilding CXX object CMakeFiles/control_msgs__rosidl_typesupport_introspection_cpp.dir/rosidl_typesupport_introspection_cpp/control_msgs/action/detail/point_head__type_support.cpp.o[0m
[63.261s] [ 25%] [32mBuilding CXX object CMakeFiles/control_msgs__rosidl_typesupport_cpp.dir/rosidl_typesupport_cpp/control_msgs/msg/dynamic_joint_state__type_support.cpp.o[0m
[63.429s] [ 25%] [32mBuilding CXX object CMakeFiles/control_msgs__rosidl_typesupport_fastrtps_cpp.dir/rosidl_typesupport_fastrtps_cpp/control_msgs/action/detail/dds_fastrtps/point_head__type_support.cpp.o[0m
[63.536s] [ 26%] [32mBuilding CXX object CMakeFiles/control_msgs__rosidl_typesupport_fastrtps_c.dir/rosidl_typesupport_fastrtps_c/control_msgs/action/detail/follow_joint_trajectory__type_support_c.cpp.o[0m
[64.915s] [ 26%] [32mBuilding CXX object CMakeFiles/control_msgs__rosidl_typesupport_cpp.dir/rosidl_typesupport_cpp/control_msgs/msg/gripper_command__type_support.cpp.o[0m
[65.608s] [ 27%] [32mBuilding CXX object CMakeFiles/control_msgs__rosidl_typesupport_introspection_cpp.dir/rosidl_typesupport_introspection_cpp/control_msgs/action/detail/single_joint_position__type_support.cpp.o[0m
[66.204s] [ 27%] [32mBuilding CXX object CMakeFiles/control_msgs__rosidl_typesupport_fastrtps_c.dir/rosidl_typesupport_fastrtps_c/control_msgs/action/detail/gripper_command__type_support_c.cpp.o[0m
[66.572s] [ 28%] [32mBuilding CXX object CMakeFiles/control_msgs__rosidl_typesupport_cpp.dir/rosidl_typesupport_cpp/control_msgs/msg/interface_value__type_support.cpp.o[0m
[66.996s] [ 28%] [32mBuilding CXX object CMakeFiles/control_msgs__rosidl_typesupport_fastrtps_cpp.dir/rosidl_typesupport_fastrtps_cpp/control_msgs/action/detail/dds_fastrtps/single_joint_position__type_support.cpp.o[0m
[68.242s] [ 28%] [32mBuilding CXX object CMakeFiles/control_msgs__rosidl_typesupport_cpp.dir/rosidl_typesupport_cpp/control_msgs/msg/joint_component_tolerance__type_support.cpp.o[0m
[68.651s] [ 29%] [32mBuilding CXX object CMakeFiles/control_msgs__rosidl_typesupport_fastrtps_c.dir/rosidl_typesupport_fastrtps_c/control_msgs/action/detail/joint_trajectory__type_support_c.cpp.o[0m
[69.293s] [ 29%] [32mBuilding CXX object CMakeFiles/control_msgs__rosidl_typesupport_introspection_cpp.dir/rosidl_typesupport_introspection_cpp/control_msgs/msg/detail/admittance_controller_state__type_support.cpp.o[0m
[69.896s] [ 29%] [32mBuilding CXX object CMakeFiles/control_msgs__rosidl_typesupport_cpp.dir/rosidl_typesupport_cpp/control_msgs/msg/joint_controller_state__type_support.cpp.o[0m
[70.555s] [ 30%] [32mBuilding CXX object CMakeFiles/control_msgs__rosidl_typesupport_fastrtps_cpp.dir/rosidl_typesupport_fastrtps_cpp/control_msgs/msg/detail/dds_fastrtps/admittance_controller_state__type_support.cpp.o[0m
[71.102s] [ 30%] [32mBuilding CXX object CMakeFiles/control_msgs__rosidl_typesupport_fastrtps_c.dir/rosidl_typesupport_fastrtps_c/control_msgs/action/detail/point_head__type_support_c.cpp.o[0m
[71.545s] [ 31%] [32mBuilding CXX object CMakeFiles/control_msgs__rosidl_typesupport_cpp.dir/rosidl_typesupport_cpp/control_msgs/msg/joint_jog__type_support.cpp.o[0m
[72.005s] [ 31%] [32mBuilding CXX object CMakeFiles/control_msgs__rosidl_typesupport_introspection_cpp.dir/rosidl_typesupport_introspection_cpp/control_msgs/msg/detail/dynamic_interface_group_values__type_support.cpp.o[0m
[73.109s] [ 31%] [32mBuilding CXX object CMakeFiles/control_msgs__rosidl_typesupport_fastrtps_cpp.dir/rosidl_typesupport_fastrtps_cpp/control_msgs/msg/detail/dds_fastrtps/dynamic_interface_group_values__type_support.cpp.o[0m
[73.196s] [ 31%] [32mBuilding CXX object CMakeFiles/control_msgs__rosidl_typesupport_cpp.dir/rosidl_typesupport_cpp/control_msgs/msg/joint_tolerance__type_support.cpp.o[0m
[73.586s] [ 31%] [32mBuilding CXX object CMakeFiles/control_msgs__rosidl_typesupport_fastrtps_c.dir/rosidl_typesupport_fastrtps_c/control_msgs/action/detail/single_joint_position__type_support_c.cpp.o[0m
[74.806s] [ 32%] [32mBuilding CXX object CMakeFiles/control_msgs__rosidl_typesupport_cpp.dir/rosidl_typesupport_cpp/control_msgs/msg/joint_trajectory_controller_state__type_support.cpp.o[0m
[75.296s] [ 33%] [32mBuilding CXX object CMakeFiles/control_msgs__rosidl_typesupport_introspection_cpp.dir/rosidl_typesupport_introspection_cpp/control_msgs/msg/detail/dynamic_joint_state__type_support.cpp.o[0m
[76.037s] [ 34%] [32mBuilding CXX object CMakeFiles/control_msgs__rosidl_typesupport_fastrtps_c.dir/rosidl_typesupport_fastrtps_c/control_msgs/msg/detail/admittance_controller_state__type_support_c.cpp.o[0m
[76.133s] [ 35%] [32mBuilding CXX object CMakeFiles/control_msgs__rosidl_typesupport_fastrtps_cpp.dir/rosidl_typesupport_fastrtps_cpp/control_msgs/msg/detail/dds_fastrtps/dynamic_joint_state__type_support.cpp.o[0m
[76.466s] [ 35%] [32mBuilding CXX object CMakeFiles/control_msgs__rosidl_typesupport_cpp.dir/rosidl_typesupport_cpp/control_msgs/msg/mecanum_drive_controller_state__type_support.cpp.o[0m
[78.200s] [ 36%] [32mBuilding CXX object CMakeFiles/control_msgs__rosidl_typesupport_cpp.dir/rosidl_typesupport_cpp/control_msgs/msg/multi_dof_command__type_support.cpp.o[0m
[78.230s] [ 36%] [32mBuilding CXX object CMakeFiles/control_msgs__rosidl_typesupport_fastrtps_c.dir/rosidl_typesupport_fastrtps_c/control_msgs/msg/detail/dynamic_interface_group_values__type_support_c.cpp.o[0m
[78.582s] [ 36%] [32mBuilding CXX object CMakeFiles/control_msgs__rosidl_typesupport_introspection_cpp.dir/rosidl_typesupport_introspection_cpp/control_msgs/msg/detail/gripper_command__type_support.cpp.o[0m
[79.178s] [ 36%] [32mBuilding CXX object CMakeFiles/control_msgs__rosidl_typesupport_fastrtps_cpp.dir/rosidl_typesupport_fastrtps_cpp/control_msgs/msg/detail/dds_fastrtps/gripper_command__type_support.cpp.o[0m
[79.812s] [ 36%] [32mBuilding CXX object CMakeFiles/control_msgs__rosidl_typesupport_cpp.dir/rosidl_typesupport_cpp/control_msgs/msg/multi_dof_state_stamped__type_support.cpp.o[0m
[80.336s] [ 37%] [32mBuilding CXX object CMakeFiles/control_msgs__rosidl_typesupport_fastrtps_c.dir/rosidl_typesupport_fastrtps_c/control_msgs/msg/detail/dynamic_joint_state__type_support_c.cpp.o[0m
[80.840s] [ 38%] [32mBuilding CXX object CMakeFiles/control_msgs__rosidl_typesupport_introspection_cpp.dir/rosidl_typesupport_introspection_cpp/control_msgs/msg/detail/interface_value__type_support.cpp.o[0m
[81.438s] [ 39%] [32mBuilding CXX object CMakeFiles/control_msgs__rosidl_typesupport_cpp.dir/rosidl_typesupport_cpp/control_msgs/msg/pid_state__type_support.cpp.o[0m
[81.541s] [ 40%] [32mBuilding CXX object CMakeFiles/control_msgs__rosidl_typesupport_fastrtps_cpp.dir/rosidl_typesupport_fastrtps_cpp/control_msgs/msg/detail/dds_fastrtps/interface_value__type_support.cpp.o[0m
[82.439s] [ 40%] [32mBuilding CXX object CMakeFiles/control_msgs__rosidl_typesupport_fastrtps_c.dir/rosidl_typesupport_fastrtps_c/control_msgs/msg/detail/gripper_command__type_support_c.cpp.o[0m
[83.071s] [ 40%] [32mBuilding CXX object CMakeFiles/control_msgs__rosidl_typesupport_cpp.dir/rosidl_typesupport_cpp/control_msgs/msg/single_dof_state__type_support.cpp.o[0m
[83.556s] [ 40%] [32mBuilding CXX object CMakeFiles/control_msgs__rosidl_typesupport_introspection_cpp.dir/rosidl_typesupport_introspection_cpp/control_msgs/msg/detail/joint_component_tolerance__type_support.cpp.o[0m
[84.468s] [ 40%] [32mBuilding CXX object CMakeFiles/control_msgs__rosidl_typesupport_fastrtps_cpp.dir/rosidl_typesupport_fastrtps_cpp/control_msgs/msg/detail/dds_fastrtps/joint_component_tolerance__type_support.cpp.o[0m
[84.581s] [ 41%] [32mBuilding CXX object CMakeFiles/control_msgs__rosidl_typesupport_fastrtps_c.dir/rosidl_typesupport_fastrtps_c/control_msgs/msg/detail/interface_value__type_support_c.cpp.o[0m
[84.737s] [ 41%] [32mBuilding CXX object CMakeFiles/control_msgs__rosidl_typesupport_cpp.dir/rosidl_typesupport_cpp/control_msgs/msg/single_dof_state_stamped__type_support.cpp.o[0m
[85.908s] [ 42%] [32mBuilding CXX object CMakeFiles/control_msgs__rosidl_typesupport_introspection_cpp.dir/rosidl_typesupport_introspection_cpp/control_msgs/msg/detail/joint_controller_state__type_support.cpp.o[0m
[86.395s] [ 43%] [32mBuilding CXX object CMakeFiles/control_msgs__rosidl_typesupport_cpp.dir/rosidl_typesupport_cpp/control_msgs/msg/steering_controller_status__type_support.cpp.o[0m
[86.683s] [ 43%] [32mBuilding CXX object CMakeFiles/control_msgs__rosidl_typesupport_fastrtps_c.dir/rosidl_typesupport_fastrtps_c/control_msgs/msg/detail/joint_component_tolerance__type_support_c.cpp.o[0m
[86.856s] [ 44%] [32mBuilding CXX object CMakeFiles/control_msgs__rosidl_typesupport_fastrtps_cpp.dir/rosidl_typesupport_fastrtps_cpp/control_msgs/msg/detail/dds_fastrtps/joint_controller_state__type_support.cpp.o[0m
[88.007s] [ 44%] [32mBuilding CXX object CMakeFiles/control_msgs__rosidl_typesupport_cpp.dir/rosidl_typesupport_cpp/control_msgs/srv/query_calibration_state__type_support.cpp.o[0m
[88.229s] [ 44%] [32mBuilding CXX object CMakeFiles/control_msgs__rosidl_typesupport_introspection_cpp.dir/rosidl_typesupport_introspection_cpp/control_msgs/msg/detail/joint_jog__type_support.cpp.o[0m
[88.767s] [ 45%] [32mBuilding CXX object CMakeFiles/control_msgs__rosidl_typesupport_fastrtps_c.dir/rosidl_typesupport_fastrtps_c/control_msgs/msg/detail/joint_controller_state__type_support_c.cpp.o[0m
[89.304s] [ 45%] [32mBuilding CXX object CMakeFiles/control_msgs__rosidl_typesupport_fastrtps_cpp.dir/rosidl_typesupport_fastrtps_cpp/control_msgs/msg/detail/dds_fastrtps/joint_jog__type_support.cpp.o[0m
[89.632s] [ 46%] [32mBuilding CXX object CMakeFiles/control_msgs__rosidl_typesupport_cpp.dir/rosidl_typesupport_cpp/control_msgs/srv/query_trajectory_state__type_support.cpp.o[0m
[90.891s] [ 46%] [32mBuilding CXX object CMakeFiles/control_msgs__rosidl_typesupport_fastrtps_c.dir/rosidl_typesupport_fastrtps_c/control_msgs/msg/detail/joint_jog__type_support_c.cpp.o[0m
[90.996s] [ 47%] [32mBuilding CXX object CMakeFiles/control_msgs__rosidl_typesupport_introspection_cpp.dir/rosidl_typesupport_introspection_cpp/control_msgs/msg/detail/joint_tolerance__type_support.cpp.o[0m
[91.324s] [ 47%] [32m[1mLinking CXX shared library libcontrol_msgs__rosidl_typesupport_cpp.so[0m
[91.575s] [ 47%] Built target control_msgs__rosidl_typesupport_cpp
[91.616s] [ 47%] [32mBuilding CXX object CMakeFiles/control_msgs__rosidl_typesupport_fastrtps_cpp.dir/rosidl_typesupport_fastrtps_cpp/control_msgs/msg/detail/dds_fastrtps/joint_tolerance__type_support.cpp.o[0m
[92.265s] [ 48%] [34m[1mGenerating C introspection for ROS interfaces[0m
[93.145s] [ 48%] [32mBuilding CXX object CMakeFiles/control_msgs__rosidl_typesupport_fastrtps_c.dir/rosidl_typesupport_fastrtps_c/control_msgs/msg/detail/joint_tolerance__type_support_c.cpp.o[0m
[93.359s] [ 48%] [32mBuilding CXX object CMakeFiles/control_msgs__rosidl_typesupport_introspection_cpp.dir/rosidl_typesupport_introspection_cpp/control_msgs/msg/detail/joint_trajectory_controller_state__type_support.cpp.o[0m
[94.043s] [ 49%] [32mBuilding CXX object CMakeFiles/control_msgs__rosidl_typesupport_fastrtps_cpp.dir/rosidl_typesupport_fastrtps_cpp/control_msgs/msg/detail/dds_fastrtps/joint_trajectory_controller_state__type_support.cpp.o[0m
[95.243s] [ 50%] [32mBuilding CXX object CMakeFiles/control_msgs__rosidl_typesupport_fastrtps_c.dir/rosidl_typesupport_fastrtps_c/control_msgs/msg/detail/joint_trajectory_controller_state__type_support_c.cpp.o[0m
[96.106s] [ 50%] [32mBuilding CXX object CMakeFiles/control_msgs__rosidl_typesupport_introspection_cpp.dir/rosidl_typesupport_introspection_cpp/control_msgs/msg/detail/mecanum_drive_controller_state__type_support.cpp.o[0m
[96.850s] [ 50%] [32mBuilding CXX object CMakeFiles/control_msgs__rosidl_typesupport_fastrtps_cpp.dir/rosidl_typesupport_fastrtps_cpp/control_msgs/msg/detail/dds_fastrtps/mecanum_drive_controller_state__type_support.cpp.o[0m
[97.460s] [ 50%] [32mBuilding CXX object CMakeFiles/control_msgs__rosidl_typesupport_fastrtps_c.dir/rosidl_typesupport_fastrtps_c/control_msgs/msg/detail/mecanum_drive_controller_state__type_support_c.cpp.o[0m
[98.369s] [ 51%] [32mBuilding CXX object CMakeFiles/control_msgs__rosidl_typesupport_introspection_cpp.dir/rosidl_typesupport_introspection_cpp/control_msgs/msg/detail/multi_dof_command__type_support.cpp.o[0m
[99.191s] [ 52%] [32mBuilding CXX object CMakeFiles/control_msgs__rosidl_typesupport_fastrtps_cpp.dir/rosidl_typesupport_fastrtps_cpp/control_msgs/msg/detail/dds_fastrtps/multi_dof_command__type_support.cpp.o[0m
[99.526s] [ 53%] [32mBuilding CXX object CMakeFiles/control_msgs__rosidl_typesupport_fastrtps_c.dir/rosidl_typesupport_fastrtps_c/control_msgs/msg/detail/multi_dof_command__type_support_c.cpp.o[0m
[101.032s] [ 53%] [32mBuilding CXX object CMakeFiles/control_msgs__rosidl_typesupport_introspection_cpp.dir/rosidl_typesupport_introspection_cpp/control_msgs/msg/detail/multi_dof_state_stamped__type_support.cpp.o[0m
[101.615s] [ 53%] [32mBuilding CXX object CMakeFiles/control_msgs__rosidl_typesupport_fastrtps_c.dir/rosidl_typesupport_fastrtps_c/control_msgs/msg/detail/multi_dof_state_stamped__type_support_c.cpp.o[0m
[102.005s] [ 53%] [32mBuilding CXX object CMakeFiles/control_msgs__rosidl_typesupport_fastrtps_cpp.dir/rosidl_typesupport_fastrtps_cpp/control_msgs/msg/detail/dds_fastrtps/multi_dof_state_stamped__type_support.cpp.o[0m
[103.593s] [ 54%] [32mBuilding CXX object CMakeFiles/control_msgs__rosidl_typesupport_introspection_cpp.dir/rosidl_typesupport_introspection_cpp/control_msgs/msg/detail/pid_state__type_support.cpp.o[0m
[103.698s] [ 55%] [32mBuilding CXX object CMakeFiles/control_msgs__rosidl_typesupport_fastrtps_c.dir/rosidl_typesupport_fastrtps_c/control_msgs/msg/detail/pid_state__type_support_c.cpp.o[0m
[104.642s] [ 56%] [32mBuilding CXX object CMakeFiles/control_msgs__rosidl_typesupport_fastrtps_cpp.dir/rosidl_typesupport_fastrtps_cpp/control_msgs/msg/detail/dds_fastrtps/pid_state__type_support.cpp.o[0m
[105.755s] [ 56%] [32mBuilding CXX object CMakeFiles/control_msgs__rosidl_typesupport_fastrtps_c.dir/rosidl_typesupport_fastrtps_c/control_msgs/msg/detail/single_dof_state__type_support_c.cpp.o[0m
[105.915s] [ 56%] [32mBuilding CXX object CMakeFiles/control_msgs__rosidl_typesupport_introspection_cpp.dir/rosidl_typesupport_introspection_cpp/control_msgs/msg/detail/single_dof_state__type_support.cpp.o[0m
[107.043s] [ 56%] [32mBuilding CXX object CMakeFiles/control_msgs__rosidl_typesupport_fastrtps_cpp.dir/rosidl_typesupport_fastrtps_cpp/control_msgs/msg/detail/dds_fastrtps/single_dof_state__type_support.cpp.o[0m
[107.855s] [ 57%] [32mBuilding CXX object CMakeFiles/control_msgs__rosidl_typesupport_fastrtps_c.dir/rosidl_typesupport_fastrtps_c/control_msgs/msg/detail/single_dof_state_stamped__type_support_c.cpp.o[0m
[108.182s] [ 58%] [32mBuilding CXX object CMakeFiles/control_msgs__rosidl_typesupport_introspection_cpp.dir/rosidl_typesupport_introspection_cpp/control_msgs/msg/detail/single_dof_state_stamped__type_support.cpp.o[0m
[109.572s] [ 59%] [32mBuilding CXX object CMakeFiles/control_msgs__rosidl_typesupport_fastrtps_cpp.dir/rosidl_typesupport_fastrtps_cpp/control_msgs/msg/detail/dds_fastrtps/single_dof_state_stamped__type_support.cpp.o[0m
[110.014s] [ 59%] [32mBuilding CXX object CMakeFiles/control_msgs__rosidl_typesupport_fastrtps_c.dir/rosidl_typesupport_fastrtps_c/control_msgs/msg/detail/steering_controller_status__type_support_c.cpp.o[0m
[110.151s] [ 59%] [32mBuilding C object CMakeFiles/control_msgs__rosidl_typesupport_introspection_c.dir/rosidl_typesupport_introspection_c/control_msgs/action/detail/parallel_gripper_command__type_support.c.o[0m
[110.476s] [ 60%] [32mBuilding C object CMakeFiles/control_msgs__rosidl_typesupport_introspection_c.dir/rosidl_typesupport_introspection_c/control_msgs/action/detail/follow_joint_trajectory__type_support.c.o[0m
[110.577s] [ 60%] [32mBuilding CXX object CMakeFiles/control_msgs__rosidl_typesupport_introspection_cpp.dir/rosidl_typesupport_introspection_cpp/control_msgs/msg/detail/steering_controller_status__type_support.cpp.o[0m
[110.972s] [ 60%] [32mBuilding C object CMakeFiles/control_msgs__rosidl_typesupport_introspection_c.dir/rosidl_typesupport_introspection_c/control_msgs/action/detail/gripper_command__type_support.c.o[0m
[111.308s] [ 61%] [32mBuilding C object CMakeFiles/control_msgs__rosidl_typesupport_introspection_c.dir/rosidl_typesupport_introspection_c/control_msgs/action/detail/joint_trajectory__type_support.c.o[0m
[111.685s] [ 61%] [32mBuilding C object CMakeFiles/control_msgs__rosidl_typesupport_introspection_c.dir/rosidl_typesupport_introspection_c/control_msgs/action/detail/point_head__type_support.c.o[0m
[112.008s] [ 61%] [32mBuilding CXX object CMakeFiles/control_msgs__rosidl_typesupport_fastrtps_cpp.dir/rosidl_typesupport_fastrtps_cpp/control_msgs/msg/detail/dds_fastrtps/steering_controller_status__type_support.cpp.o[0m
[112.083s] [ 62%] [32mBuilding C object CMakeFiles/control_msgs__rosidl_typesupport_introspection_c.dir/rosidl_typesupport_introspection_c/control_msgs/action/detail/single_joint_position__type_support.c.o[0m
[112.105s] [ 62%] [32mBuilding CXX object CMakeFiles/control_msgs__rosidl_typesupport_fastrtps_c.dir/rosidl_typesupport_fastrtps_c/control_msgs/srv/detail/query_calibration_state__type_support_c.cpp.o[0m
[112.379s] [ 62%] [32mBuilding C object CMakeFiles/control_msgs__rosidl_typesupport_introspection_c.dir/rosidl_typesupport_introspection_c/control_msgs/msg/detail/admittance_controller_state__type_support.c.o[0m
[112.685s] [ 62%] [32mBuilding C object CMakeFiles/control_msgs__rosidl_typesupport_introspection_c.dir/rosidl_typesupport_introspection_c/control_msgs/msg/detail/dynamic_interface_group_values__type_support.c.o[0m
[112.961s] [ 63%] [32mBuilding C object CMakeFiles/control_msgs__rosidl_typesupport_introspection_c.dir/rosidl_typesupport_introspection_c/control_msgs/msg/detail/dynamic_joint_state__type_support.c.o[0m
[113.130s] [ 64%] [32mBuilding CXX object CMakeFiles/control_msgs__rosidl_typesupport_introspection_cpp.dir/rosidl_typesupport_introspection_cpp/control_msgs/srv/detail/query_calibration_state__type_support.cpp.o[0m
[113.232s] [ 64%] [32mBuilding C object CMakeFiles/control_msgs__rosidl_typesupport_introspection_c.dir/rosidl_typesupport_introspection_c/control_msgs/msg/detail/gripper_command__type_support.c.o[0m
[113.445s] [ 65%] [32mBuilding C object CMakeFiles/control_msgs__rosidl_typesupport_introspection_c.dir/rosidl_typesupport_introspection_c/control_msgs/msg/detail/interface_value__type_support.c.o[0m
[113.712s] [ 65%] [32mBuilding C object CMakeFiles/control_msgs__rosidl_typesupport_introspection_c.dir/rosidl_typesupport_introspection_c/control_msgs/msg/detail/joint_component_tolerance__type_support.c.o[0m
[113.948s] [ 66%] [32mBuilding C object CMakeFiles/control_msgs__rosidl_typesupport_introspection_c.dir/rosidl_typesupport_introspection_c/control_msgs/msg/detail/joint_controller_state__type_support.c.o[0m
[114.193s] [ 67%] [32mBuilding CXX object CMakeFiles/control_msgs__rosidl_typesupport_fastrtps_c.dir/rosidl_typesupport_fastrtps_c/control_msgs/srv/detail/query_trajectory_state__type_support_c.cpp.o[0m
[114.197s] [ 67%] [32mBuilding C object CMakeFiles/control_msgs__rosidl_typesupport_introspection_c.dir/rosidl_typesupport_introspection_c/control_msgs/msg/detail/joint_jog__type_support.c.o[0m
[114.470s] [ 68%] [32mBuilding C object CMakeFiles/control_msgs__rosidl_typesupport_introspection_c.dir/rosidl_typesupport_introspection_c/control_msgs/msg/detail/joint_tolerance__type_support.c.o[0m
[114.686s] [ 68%] [32mBuilding CXX object CMakeFiles/control_msgs__rosidl_typesupport_fastrtps_cpp.dir/rosidl_typesupport_fastrtps_cpp/control_msgs/srv/detail/dds_fastrtps/query_calibration_state__type_support.cpp.o[0m
[114.688s] [ 68%] [32mBuilding C object CMakeFiles/control_msgs__rosidl_typesupport_introspection_c.dir/rosidl_typesupport_introspection_c/control_msgs/msg/detail/joint_trajectory_controller_state__type_support.c.o[0m
[114.991s] [ 68%] [32mBuilding C object CMakeFiles/control_msgs__rosidl_typesupport_introspection_c.dir/rosidl_typesupport_introspection_c/control_msgs/msg/detail/mecanum_drive_controller_state__type_support.c.o[0m
[115.250s] [ 69%] [32mBuilding C object CMakeFiles/control_msgs__rosidl_typesupport_introspection_c.dir/rosidl_typesupport_introspection_c/control_msgs/msg/detail/multi_dof_command__type_support.c.o[0m
[115.504s] [ 69%] [32mBuilding CXX object CMakeFiles/control_msgs__rosidl_typesupport_introspection_cpp.dir/rosidl_typesupport_introspection_cpp/control_msgs/srv/detail/query_trajectory_state__type_support.cpp.o[0m
[115.538s] [ 69%] [32mBuilding C object CMakeFiles/control_msgs__rosidl_typesupport_introspection_c.dir/rosidl_typesupport_introspection_c/control_msgs/msg/detail/multi_dof_state_stamped__type_support.c.o[0m
[115.787s] [ 70%] [32mBuilding C object CMakeFiles/control_msgs__rosidl_typesupport_introspection_c.dir/rosidl_typesupport_introspection_c/control_msgs/msg/detail/pid_state__type_support.c.o[0m
[116.022s] [ 70%] [32mBuilding C object CMakeFiles/control_msgs__rosidl_typesupport_introspection_c.dir/rosidl_typesupport_introspection_c/control_msgs/msg/detail/single_dof_state__type_support.c.o[0m
[116.251s] [ 71%] [32mBuilding C object CMakeFiles/control_msgs__rosidl_typesupport_introspection_c.dir/rosidl_typesupport_introspection_c/control_msgs/msg/detail/single_dof_state_stamped__type_support.c.o[0m
[116.343s] [ 71%] [32m[1mLinking CXX shared library libcontrol_msgs__rosidl_typesupport_fastrtps_c.so[0m
[116.494s] [ 71%] [32mBuilding C object CMakeFiles/control_msgs__rosidl_typesupport_introspection_c.dir/rosidl_typesupport_introspection_c/control_msgs/msg/detail/steering_controller_status__type_support.c.o[0m
[116.838s] [ 72%] [32mBuilding C object CMakeFiles/control_msgs__rosidl_typesupport_introspection_c.dir/rosidl_typesupport_introspection_c/control_msgs/srv/detail/query_calibration_state__type_support.c.o[0m
[116.862s] [ 72%] Built target control_msgs__rosidl_typesupport_fastrtps_c
[116.902s] [ 72%] [32mBuilding C object CMakeFiles/control_msgs__rosidl_typesupport_introspection_c.dir/rosidl_typesupport_introspection_c/control_msgs/srv/detail/query_trajectory_state__type_support.c.o[0m
[117.071s] [ 73%] [32mBuilding CXX object CMakeFiles/control_msgs__rosidl_typesupport_fastrtps_cpp.dir/rosidl_typesupport_fastrtps_cpp/control_msgs/srv/detail/dds_fastrtps/query_trajectory_state__type_support.cpp.o[0m
[117.203s] [ 73%] [32m[1mLinking C shared library libcontrol_msgs__rosidl_typesupport_introspection_c.so[0m
[117.220s] [ 74%] [34m[1mGenerating C type support dispatch for ROS interfaces[0m
[117.469s] [ 74%] Built target control_msgs__rosidl_typesupport_introspection_c
[118.344s] [ 75%] [32m[1mLinking CXX shared library libcontrol_msgs__rosidl_typesupport_introspection_cpp.so[0m
[118.900s] [ 75%] Built target control_msgs__rosidl_typesupport_introspection_cpp
[119.723s] [ 75%] [32m[1mLinking CXX shared library libcontrol_msgs__rosidl_typesupport_fastrtps_cpp.so[0m
[120.186s] [ 75%] Built target control_msgs__rosidl_typesupport_fastrtps_cpp
[126.744s] [ 75%] [32mBuilding CXX object CMakeFiles/control_msgs__rosidl_typesupport_c.dir/rosidl_typesupport_c/control_msgs/action/parallel_gripper_command__type_support.cpp.o[0m
[126.748s] [ 76%] [32mBuilding CXX object CMakeFiles/control_msgs__rosidl_typesupport_c.dir/rosidl_typesupport_c/control_msgs/action/follow_joint_trajectory__type_support.cpp.o[0m
[126.749s] [ 76%] [32mBuilding CXX object CMakeFiles/control_msgs__rosidl_typesupport_c.dir/rosidl_typesupport_c/control_msgs/action/gripper_command__type_support.cpp.o[0m
[126.752s] [ 76%] [32mBuilding CXX object CMakeFiles/control_msgs__rosidl_typesupport_c.dir/rosidl_typesupport_c/control_msgs/action/joint_trajectory__type_support.cpp.o[0m
[127.028s] [ 77%] [32mBuilding CXX object CMakeFiles/control_msgs__rosidl_typesupport_c.dir/rosidl_typesupport_c/control_msgs/action/point_head__type_support.cpp.o[0m
[127.032s] [ 77%] [32mBuilding CXX object CMakeFiles/control_msgs__rosidl_typesupport_c.dir/rosidl_typesupport_c/control_msgs/action/single_joint_position__type_support.cpp.o[0m
[127.034s] [ 78%] [32mBuilding CXX object CMakeFiles/control_msgs__rosidl_typesupport_c.dir/rosidl_typesupport_c/control_msgs/msg/admittance_controller_state__type_support.cpp.o[0m
[127.053s] [ 78%] [32mBuilding CXX object CMakeFiles/control_msgs__rosidl_typesupport_c.dir/rosidl_typesupport_c/control_msgs/msg/dynamic_interface_group_values__type_support.cpp.o[0m
[127.220s] [ 79%] [32mBuilding CXX object CMakeFiles/control_msgs__rosidl_typesupport_c.dir/rosidl_typesupport_c/control_msgs/msg/dynamic_joint_state__type_support.cpp.o[0m
[127.235s] [ 79%] [32mBuilding CXX object CMakeFiles/control_msgs__rosidl_typesupport_c.dir/rosidl_typesupport_c/control_msgs/msg/gripper_command__type_support.cpp.o[0m
[127.319s] [ 80%] [32mBuilding CXX object CMakeFiles/control_msgs__rosidl_typesupport_c.dir/rosidl_typesupport_c/control_msgs/msg/interface_value__type_support.cpp.o[0m
[127.321s] [ 80%] [32mBuilding CXX object CMakeFiles/control_msgs__rosidl_typesupport_c.dir/rosidl_typesupport_c/control_msgs/msg/joint_component_tolerance__type_support.cpp.o[0m
[127.395s] [ 80%] [32mBuilding CXX object CMakeFiles/control_msgs__rosidl_typesupport_c.dir/rosidl_typesupport_c/control_msgs/msg/joint_controller_state__type_support.cpp.o[0m
[127.407s] [ 81%] [32mBuilding CXX object CMakeFiles/control_msgs__rosidl_typesupport_c.dir/rosidl_typesupport_c/control_msgs/msg/joint_jog__type_support.cpp.o[0m
[127.492s] [ 81%] [32mBuilding CXX object CMakeFiles/control_msgs__rosidl_typesupport_c.dir/rosidl_typesupport_c/control_msgs/msg/joint_tolerance__type_support.cpp.o[0m
[127.505s] [ 82%] [32mBuilding CXX object CMakeFiles/control_msgs__rosidl_typesupport_c.dir/rosidl_typesupport_c/control_msgs/msg/joint_trajectory_controller_state__type_support.cpp.o[0m
[127.570s] [ 82%] [32mBuilding CXX object CMakeFiles/control_msgs__rosidl_typesupport_c.dir/rosidl_typesupport_c/control_msgs/msg/mecanum_drive_controller_state__type_support.cpp.o[0m
[127.581s] [ 83%] [32mBuilding CXX object CMakeFiles/control_msgs__rosidl_typesupport_c.dir/rosidl_typesupport_c/control_msgs/msg/multi_dof_command__type_support.cpp.o[0m
[127.657s] [ 83%] [32mBuilding CXX object CMakeFiles/control_msgs__rosidl_typesupport_c.dir/rosidl_typesupport_c/control_msgs/msg/multi_dof_state_stamped__type_support.cpp.o[0m
[127.688s] [ 84%] [32mBuilding CXX object CMakeFiles/control_msgs__rosidl_typesupport_c.dir/rosidl_typesupport_c/control_msgs/msg/pid_state__type_support.cpp.o[0m
[127.744s] [ 84%] [32mBuilding CXX object CMakeFiles/control_msgs__rosidl_typesupport_c.dir/rosidl_typesupport_c/control_msgs/msg/single_dof_state__type_support.cpp.o[0m
[127.753s] [ 84%] [32mBuilding CXX object CMakeFiles/control_msgs__rosidl_typesupport_c.dir/rosidl_typesupport_c/control_msgs/msg/single_dof_state_stamped__type_support.cpp.o[0m
[127.853s] [ 85%] [32mBuilding CXX object CMakeFiles/control_msgs__rosidl_typesupport_c.dir/rosidl_typesupport_c/control_msgs/msg/steering_controller_status__type_support.cpp.o[0m
[127.858s] [ 85%] [32mBuilding CXX object CMakeFiles/control_msgs__rosidl_typesupport_c.dir/rosidl_typesupport_c/control_msgs/srv/query_calibration_state__type_support.cpp.o[0m
[127.928s] [ 86%] [32mBuilding CXX object CMakeFiles/control_msgs__rosidl_typesupport_c.dir/rosidl_typesupport_c/control_msgs/srv/query_trajectory_state__type_support.cpp.o[0m
[128.087s] [ 86%] [32m[1mLinking CXX shared library libcontrol_msgs__rosidl_typesupport_c.so[0m
[128.312s] [ 86%] Built target control_msgs__rosidl_typesupport_c
[128.395s] [ 86%] Built target control_msgs
[128.489s] [ 86%] [34m[1mGenerating Python code for ROS interfaces[0m
[157.472s] [ 86%] Built target control_msgs__py
[157.563s] [ 86%] [32mBuilding C object CMakeFiles/control_msgs__rosidl_generator_py.dir/rosidl_generator_py/control_msgs/action/_parallel_gripper_command_s.c.o[0m
[157.564s] [ 86%] [32mBuilding C object CMakeFiles/control_msgs__rosidl_generator_py.dir/rosidl_generator_py/control_msgs/action/_follow_joint_trajectory_s.c.o[0m
[157.566s] [ 87%] [32mBuilding C object CMakeFiles/control_msgs__rosidl_generator_py.dir/rosidl_generator_py/control_msgs/action/_gripper_command_s.c.o[0m
[157.571s] [ 87%] [32mBuilding C object CMakeFiles/control_msgs__rosidl_generator_py.dir/rosidl_generator_py/control_msgs/action/_joint_trajectory_s.c.o[0m
[158.451s] [ 88%] [32mBuilding C object CMakeFiles/control_msgs__rosidl_generator_py.dir/rosidl_generator_py/control_msgs/action/_point_head_s.c.o[0m
[158.484s] [ 88%] [32mBuilding C object CMakeFiles/control_msgs__rosidl_generator_py.dir/rosidl_generator_py/control_msgs/action/_single_joint_position_s.c.o[0m
[158.489s] [ 89%] [32mBuilding C object CMakeFiles/control_msgs__rosidl_generator_py.dir/rosidl_generator_py/control_msgs/msg/_admittance_controller_state_s.c.o[0m
[158.634s] [ 89%] [32mBuilding C object CMakeFiles/control_msgs__rosidl_generator_py.dir/rosidl_generator_py/control_msgs/msg/_dynamic_interface_group_values_s.c.o[0m
[159.109s] [ 90%] [32mBuilding C object CMakeFiles/control_msgs__rosidl_generator_py.dir/rosidl_generator_py/control_msgs/msg/_dynamic_joint_state_s.c.o[0m
[159.249s] [ 90%] [32mBuilding C object CMakeFiles/control_msgs__rosidl_generator_py.dir/rosidl_generator_py/control_msgs/msg/_gripper_command_s.c.o[0m
[159.269s] [ 90%] [32mBuilding C object CMakeFiles/control_msgs__rosidl_generator_py.dir/rosidl_generator_py/control_msgs/msg/_interface_value_s.c.o[0m
[159.281s] [ 91%] [32mBuilding C object CMakeFiles/control_msgs__rosidl_generator_py.dir/rosidl_generator_py/control_msgs/msg/_joint_component_tolerance_s.c.o[0m
[159.726s] [ 91%] [32mBuilding C object CMakeFiles/control_msgs__rosidl_generator_py.dir/rosidl_generator_py/control_msgs/msg/_joint_controller_state_s.c.o[0m
[159.793s] [ 92%] [32mBuilding C object CMakeFiles/control_msgs__rosidl_generator_py.dir/rosidl_generator_py/control_msgs/msg/_joint_jog_s.c.o[0m
[159.883s] [ 92%] [32mBuilding C object CMakeFiles/control_msgs__rosidl_generator_py.dir/rosidl_generator_py/control_msgs/msg/_joint_tolerance_s.c.o[0m
[159.891s] [ 93%] [32mBuilding C object CMakeFiles/control_msgs__rosidl_generator_py.dir/rosidl_generator_py/control_msgs/msg/_joint_trajectory_controller_state_s.c.o[0m
[160.348s] [ 93%] [32mBuilding C object CMakeFiles/control_msgs__rosidl_generator_py.dir/rosidl_generator_py/control_msgs/msg/_mecanum_drive_controller_state_s.c.o[0m
[160.452s] [ 94%] [32mBuilding C object CMakeFiles/control_msgs__rosidl_generator_py.dir/rosidl_generator_py/control_msgs/msg/_multi_dof_command_s.c.o[0m
[160.474s] [ 94%] [32mBuilding C object CMakeFiles/control_msgs__rosidl_generator_py.dir/rosidl_generator_py/control_msgs/msg/_multi_dof_state_stamped_s.c.o[0m
[160.541s] [ 94%] [32mBuilding C object CMakeFiles/control_msgs__rosidl_generator_py.dir/rosidl_generator_py/control_msgs/msg/_pid_state_s.c.o[0m
[160.943s] [ 95%] [32mBuilding C object CMakeFiles/control_msgs__rosidl_generator_py.dir/rosidl_generator_py/control_msgs/msg/_single_dof_state_s.c.o[0m
[161.047s] [ 95%] [32mBuilding C object CMakeFiles/control_msgs__rosidl_generator_py.dir/rosidl_generator_py/control_msgs/msg/_single_dof_state_stamped_s.c.o[0m
[161.087s] [ 96%] [32mBuilding C object CMakeFiles/control_msgs__rosidl_generator_py.dir/rosidl_generator_py/control_msgs/msg/_steering_controller_status_s.c.o[0m
[161.153s] [ 96%] [32mBuilding C object CMakeFiles/control_msgs__rosidl_generator_py.dir/rosidl_generator_py/control_msgs/srv/_query_calibration_state_s.c.o[0m
[161.541s] [ 97%] [32mBuilding C object CMakeFiles/control_msgs__rosidl_generator_py.dir/rosidl_generator_py/control_msgs/srv/_query_trajectory_state_s.c.o[0m
[162.178s] [ 97%] [32m[1mLinking C shared library rosidl_generator_py/control_msgs/libcontrol_msgs__rosidl_generator_py.so[0m
[162.466s] [ 97%] Built target control_msgs__rosidl_generator_py
[162.549s] [ 98%] [32mBuilding C object CMakeFiles/control_msgs__rosidl_typesupport_fastrtps_c__pyext.dir/rosidl_generator_py/control_msgs/_control_msgs_s.ep.rosidl_typesupport_fastrtps_c.c.o[0m
[162.551s] [ 99%] [32mBuilding C object CMakeFiles/control_msgs__rosidl_typesupport_introspection_c__pyext.dir/rosidl_generator_py/control_msgs/_control_msgs_s.ep.rosidl_typesupport_introspection_c.c.o[0m
[162.554s] [100%] [32mBuilding C object CMakeFiles/control_msgs__rosidl_typesupport_c__pyext.dir/rosidl_generator_py/control_msgs/_control_msgs_s.ep.rosidl_typesupport_c.c.o[0m
[164.137s] [100%] [32m[1mLinking C shared library rosidl_generator_py/control_msgs/control_msgs_s__rosidl_typesupport_introspection_c.cpython-310-aarch64-linux-gnu.so[0m
[164.139s] [100%] [32m[1mLinking C shared library rosidl_generator_py/control_msgs/control_msgs_s__rosidl_typesupport_fastrtps_c.cpython-310-aarch64-linux-gnu.so[0m
[164.146s] [100%] [32m[1mLinking C shared library rosidl_generator_py/control_msgs/control_msgs_s__rosidl_typesupport_c.cpython-310-aarch64-linux-gnu.so[0m
[164.582s] [100%] Built target control_msgs__rosidl_typesupport_introspection_c__pyext
[164.587s] [100%] Built target control_msgs__rosidl_typesupport_fastrtps_c__pyext
[164.596s] [100%] Built target control_msgs__rosidl_typesupport_c__pyext
[164.644s] Invoked command in '/home/pinet/SLAM_AGV/workspace/build/control_msgs' returned '0': CMAKE_PREFIX_PATH=/opt/ros/humble /usr/bin/cmake --build /home/pinet/SLAM_AGV/workspace/build/control_msgs -- -j4 -l4
[164.685s] Invoking command in '/home/pinet/SLAM_AGV/workspace/build/control_msgs': CMAKE_PREFIX_PATH=/opt/ros/humble /usr/bin/cmake --install /home/pinet/SLAM_AGV/workspace/build/control_msgs
[164.709s] -- Install configuration: ""
[164.712s] -- Execute custom install script
[164.713s] -- Symlinking: /home/pinet/SLAM_AGV/workspace/install/control_msgs/share/ament_index/resource_index/rosidl_interfaces/control_msgs
[164.753s] -- Symlinking: /home/pinet/SLAM_AGV/workspace/install/control_msgs/include/control_msgs/control_msgs/action/detail/follow_joint_trajectory__functions.h
[164.783s] -- Symlinking: /home/pinet/SLAM_AGV/workspace/install/control_msgs/include/control_msgs/control_msgs/action/detail/follow_joint_trajectory__struct.h
[164.814s] -- Symlinking: /home/pinet/SLAM_AGV/workspace/install/control_msgs/include/control_msgs/control_msgs/action/detail/follow_joint_trajectory__type_support.h
[164.843s] -- Symlinking: /home/pinet/SLAM_AGV/workspace/install/control_msgs/include/control_msgs/control_msgs/action/detail/gripper_command__functions.h
[164.872s] -- Symlinking: /home/pinet/SLAM_AGV/workspace/install/control_msgs/include/control_msgs/control_msgs/action/detail/gripper_command__struct.h
[164.901s] -- Symlinking: /home/pinet/SLAM_AGV/workspace/install/control_msgs/include/control_msgs/control_msgs/action/detail/gripper_command__type_support.h
[164.933s] -- Symlinking: /home/pinet/SLAM_AGV/workspace/install/control_msgs/include/control_msgs/control_msgs/action/detail/joint_trajectory__functions.h
[164.962s] -- Symlinking: /home/pinet/SLAM_AGV/workspace/install/control_msgs/include/control_msgs/control_msgs/action/detail/joint_trajectory__struct.h
[164.994s] -- Symlinking: /home/pinet/SLAM_AGV/workspace/install/control_msgs/include/control_msgs/control_msgs/action/detail/joint_trajectory__type_support.h
[165.023s] -- Symlinking: /home/pinet/SLAM_AGV/workspace/install/control_msgs/include/control_msgs/control_msgs/action/detail/parallel_gripper_command__functions.h
[165.054s] -- Symlinking: /home/pinet/SLAM_AGV/workspace/install/control_msgs/include/control_msgs/control_msgs/action/detail/parallel_gripper_command__struct.h
[165.083s] -- Symlinking: /home/pinet/SLAM_AGV/workspace/install/control_msgs/include/control_msgs/control_msgs/action/detail/parallel_gripper_command__type_support.h
[165.113s] -- Symlinking: /home/pinet/SLAM_AGV/workspace/install/control_msgs/include/control_msgs/control_msgs/action/detail/point_head__functions.h
[165.142s] -- Symlinking: /home/pinet/SLAM_AGV/workspace/install/control_msgs/include/control_msgs/control_msgs/action/detail/point_head__struct.h
[165.174s] -- Symlinking: /home/pinet/SLAM_AGV/workspace/install/control_msgs/include/control_msgs/control_msgs/action/detail/point_head__type_support.h
[165.203s] -- Symlinking: /home/pinet/SLAM_AGV/workspace/install/control_msgs/include/control_msgs/control_msgs/action/detail/single_joint_position__functions.h
[165.234s] -- Symlinking: /home/pinet/SLAM_AGV/workspace/install/control_msgs/include/control_msgs/control_msgs/action/detail/single_joint_position__struct.h
[165.287s] -- Symlinking: /home/pinet/SLAM_AGV/workspace/install/control_msgs/include/control_msgs/control_msgs/action/detail/single_joint_position__type_support.h
[165.320s] -- Symlinking: /home/pinet/SLAM_AGV/workspace/install/control_msgs/include/control_msgs/control_msgs/action/follow_joint_trajectory.h
[165.350s] -- Symlinking: /home/pinet/SLAM_AGV/workspace/install/control_msgs/include/control_msgs/control_msgs/action/gripper_command.h
[165.379s] -- Symlinking: /home/pinet/SLAM_AGV/workspace/install/control_msgs/include/control_msgs/control_msgs/action/joint_trajectory.h
[165.408s] -- Symlinking: /home/pinet/SLAM_AGV/workspace/install/control_msgs/include/control_msgs/control_msgs/action/parallel_gripper_command.h
[165.437s] -- Symlinking: /home/pinet/SLAM_AGV/workspace/install/control_msgs/include/control_msgs/control_msgs/action/point_head.h
[165.466s] -- Symlinking: /home/pinet/SLAM_AGV/workspace/install/control_msgs/include/control_msgs/control_msgs/action/single_joint_position.h
[165.496s] -- Symlinking: /home/pinet/SLAM_AGV/workspace/install/control_msgs/include/control_msgs/control_msgs/msg/admittance_controller_state.h
[165.527s] -- Symlinking: /home/pinet/SLAM_AGV/workspace/install/control_msgs/include/control_msgs/control_msgs/msg/detail/admittance_controller_state__functions.h
[165.556s] -- Symlinking: /home/pinet/SLAM_AGV/workspace/install/control_msgs/include/control_msgs/control_msgs/msg/detail/admittance_controller_state__struct.h
[165.587s] -- Symlinking: /home/pinet/SLAM_AGV/workspace/install/control_msgs/include/control_msgs/control_msgs/msg/detail/admittance_controller_state__type_support.h
[165.617s] -- Symlinking: /home/pinet/SLAM_AGV/workspace/install/control_msgs/include/control_msgs/control_msgs/msg/detail/dynamic_interface_group_values__functions.h
[165.646s] -- Symlinking: /home/pinet/SLAM_AGV/workspace/install/control_msgs/include/control_msgs/control_msgs/msg/detail/dynamic_interface_group_values__struct.h
[165.676s] -- Symlinking: /home/pinet/SLAM_AGV/workspace/install/control_msgs/include/control_msgs/control_msgs/msg/detail/dynamic_interface_group_values__type_support.h
[165.704s] -- Symlinking: /home/pinet/SLAM_AGV/workspace/install/control_msgs/include/control_msgs/control_msgs/msg/detail/dynamic_joint_state__functions.h
[165.735s] -- Symlinking: /home/pinet/SLAM_AGV/workspace/install/control_msgs/include/control_msgs/control_msgs/msg/detail/dynamic_joint_state__struct.h
[165.763s] -- Symlinking: /home/pinet/SLAM_AGV/workspace/install/control_msgs/include/control_msgs/control_msgs/msg/detail/dynamic_joint_state__type_support.h
[165.793s] -- Symlinking: /home/pinet/SLAM_AGV/workspace/install/control_msgs/include/control_msgs/control_msgs/msg/detail/gripper_command__functions.h
[165.823s] -- Symlinking: /home/pinet/SLAM_AGV/workspace/install/control_msgs/include/control_msgs/control_msgs/msg/detail/gripper_command__struct.h
[165.855s] -- Symlinking: /home/pinet/SLAM_AGV/workspace/install/control_msgs/include/control_msgs/control_msgs/msg/detail/gripper_command__type_support.h
[165.883s] -- Symlinking: /home/pinet/SLAM_AGV/workspace/install/control_msgs/include/control_msgs/control_msgs/msg/detail/interface_value__functions.h
[165.911s] -- Symlinking: /home/pinet/SLAM_AGV/workspace/install/control_msgs/include/control_msgs/control_msgs/msg/detail/interface_value__struct.h
[165.941s] -- Symlinking: /home/pinet/SLAM_AGV/workspace/install/control_msgs/include/control_msgs/control_msgs/msg/detail/interface_value__type_support.h
[165.970s] -- Symlinking: /home/pinet/SLAM_AGV/workspace/install/control_msgs/include/control_msgs/control_msgs/msg/detail/joint_component_tolerance__functions.h
[166.002s] -- Symlinking: /home/pinet/SLAM_AGV/workspace/install/control_msgs/include/control_msgs/control_msgs/msg/detail/joint_component_tolerance__struct.h
[166.031s] -- Symlinking: /home/pinet/SLAM_AGV/workspace/install/control_msgs/include/control_msgs/control_msgs/msg/detail/joint_component_tolerance__type_support.h
[166.062s] -- Symlinking: /home/pinet/SLAM_AGV/workspace/install/control_msgs/include/control_msgs/control_msgs/msg/detail/joint_controller_state__functions.h
[166.090s] -- Symlinking: /home/pinet/SLAM_AGV/workspace/install/control_msgs/include/control_msgs/control_msgs/msg/detail/joint_controller_state__struct.h
[166.122s] -- Symlinking: /home/pinet/SLAM_AGV/workspace/install/control_msgs/include/control_msgs/control_msgs/msg/detail/joint_controller_state__type_support.h
[166.152s] -- Symlinking: /home/pinet/SLAM_AGV/workspace/install/control_msgs/include/control_msgs/control_msgs/msg/detail/joint_jog__functions.h
[166.181s] -- Symlinking: /home/pinet/SLAM_AGV/workspace/install/control_msgs/include/control_msgs/control_msgs/msg/detail/joint_jog__struct.h
[166.212s] -- Symlinking: /home/pinet/SLAM_AGV/workspace/install/control_msgs/include/control_msgs/control_msgs/msg/detail/joint_jog__type_support.h
[166.241s] -- Symlinking: /home/pinet/SLAM_AGV/workspace/install/control_msgs/include/control_msgs/control_msgs/msg/detail/joint_tolerance__functions.h
[166.272s] -- Symlinking: /home/pinet/SLAM_AGV/workspace/install/control_msgs/include/control_msgs/control_msgs/msg/detail/joint_tolerance__struct.h
[166.301s] -- Symlinking: /home/pinet/SLAM_AGV/workspace/install/control_msgs/include/control_msgs/control_msgs/msg/detail/joint_tolerance__type_support.h
[166.332s] -- Symlinking: /home/pinet/SLAM_AGV/workspace/install/control_msgs/include/control_msgs/control_msgs/msg/detail/joint_trajectory_controller_state__functions.h
[166.362s] -- Symlinking: /home/pinet/SLAM_AGV/workspace/install/control_msgs/include/control_msgs/control_msgs/msg/detail/joint_trajectory_controller_state__struct.h
[166.392s] -- Symlinking: /home/pinet/SLAM_AGV/workspace/install/control_msgs/include/control_msgs/control_msgs/msg/detail/joint_trajectory_controller_state__type_support.h
[166.421s] -- Symlinking: /home/pinet/SLAM_AGV/workspace/install/control_msgs/include/control_msgs/control_msgs/msg/detail/mecanum_drive_controller_state__functions.h
[166.450s] -- Symlinking: /home/pinet/SLAM_AGV/workspace/install/control_msgs/include/control_msgs/control_msgs/msg/detail/mecanum_drive_controller_state__struct.h
[166.480s] -- Symlinking: /home/pinet/SLAM_AGV/workspace/install/control_msgs/include/control_msgs/control_msgs/msg/detail/mecanum_drive_controller_state__type_support.h
[166.509s] -- Symlinking: /home/pinet/SLAM_AGV/workspace/install/control_msgs/include/control_msgs/control_msgs/msg/detail/multi_dof_command__functions.h
[166.538s] -- Symlinking: /home/pinet/SLAM_AGV/workspace/install/control_msgs/include/control_msgs/control_msgs/msg/detail/multi_dof_command__struct.h
[166.567s] -- Symlinking: /home/pinet/SLAM_AGV/workspace/install/control_msgs/include/control_msgs/control_msgs/msg/detail/multi_dof_command__type_support.h
[166.598s] -- Symlinking: /home/pinet/SLAM_AGV/workspace/install/control_msgs/include/control_msgs/control_msgs/msg/detail/multi_dof_state_stamped__functions.h
[166.626s] -- Symlinking: /home/pinet/SLAM_AGV/workspace/install/control_msgs/include/control_msgs/control_msgs/msg/detail/multi_dof_state_stamped__struct.h
[166.658s] -- Symlinking: /home/pinet/SLAM_AGV/workspace/install/control_msgs/include/control_msgs/control_msgs/msg/detail/multi_dof_state_stamped__type_support.h
[166.687s] -- Symlinking: /home/pinet/SLAM_AGV/workspace/install/control_msgs/include/control_msgs/control_msgs/msg/detail/pid_state__functions.h
[166.717s] -- Symlinking: /home/pinet/SLAM_AGV/workspace/install/control_msgs/include/control_msgs/control_msgs/msg/detail/pid_state__struct.h
[166.746s] -- Symlinking: /home/pinet/SLAM_AGV/workspace/install/control_msgs/include/control_msgs/control_msgs/msg/detail/pid_state__type_support.h
[166.778s] -- Symlinking: /home/pinet/SLAM_AGV/workspace/install/control_msgs/include/control_msgs/control_msgs/msg/detail/single_dof_state__functions.h
[166.807s] -- Symlinking: /home/pinet/SLAM_AGV/workspace/install/control_msgs/include/control_msgs/control_msgs/msg/detail/single_dof_state__struct.h
[166.836s] -- Symlinking: /home/pinet/SLAM_AGV/workspace/install/control_msgs/include/control_msgs/control_msgs/msg/detail/single_dof_state__type_support.h
[166.865s] -- Symlinking: /home/pinet/SLAM_AGV/workspace/install/control_msgs/include/control_msgs/control_msgs/msg/detail/single_dof_state_stamped__functions.h
[166.895s] -- Symlinking: /home/pinet/SLAM_AGV/workspace/install/control_msgs/include/control_msgs/control_msgs/msg/detail/single_dof_state_stamped__struct.h
[166.925s] -- Symlinking: /home/pinet/SLAM_AGV/workspace/install/control_msgs/include/control_msgs/control_msgs/msg/detail/single_dof_state_stamped__type_support.h
[166.954s] -- Symlinking: /home/pinet/SLAM_AGV/workspace/install/control_msgs/include/control_msgs/control_msgs/msg/detail/steering_controller_status__functions.h
[166.983s] -- Symlinking: /home/pinet/SLAM_AGV/workspace/install/control_msgs/include/control_msgs/control_msgs/msg/detail/steering_controller_status__struct.h
[167.014s] -- Symlinking: /home/pinet/SLAM_AGV/workspace/install/control_msgs/include/control_msgs/control_msgs/msg/detail/steering_controller_status__type_support.h
[167.043s] -- Symlinking: /home/pinet/SLAM_AGV/workspace/install/control_msgs/include/control_msgs/control_msgs/msg/dynamic_interface_group_values.h
[167.074s] -- Symlinking: /home/pinet/SLAM_AGV/workspace/install/control_msgs/include/control_msgs/control_msgs/msg/dynamic_joint_state.h
[167.103s] -- Symlinking: /home/pinet/SLAM_AGV/workspace/install/control_msgs/include/control_msgs/control_msgs/msg/gripper_command.h
[167.133s] -- Symlinking: /home/pinet/SLAM_AGV/workspace/install/control_msgs/include/control_msgs/control_msgs/msg/interface_value.h
[167.163s] -- Symlinking: /home/pinet/SLAM_AGV/workspace/install/control_msgs/include/control_msgs/control_msgs/msg/joint_component_tolerance.h
[167.193s] -- Symlinking: /home/pinet/SLAM_AGV/workspace/install/control_msgs/include/control_msgs/control_msgs/msg/joint_controller_state.h
[167.222s] -- Symlinking: /home/pinet/SLAM_AGV/workspace/install/control_msgs/include/control_msgs/control_msgs/msg/joint_jog.h
[167.253s] -- Symlinking: /home/pinet/SLAM_AGV/workspace/install/control_msgs/include/control_msgs/control_msgs/msg/joint_tolerance.h
[167.282s] -- Symlinking: /home/pinet/SLAM_AGV/workspace/install/control_msgs/include/control_msgs/control_msgs/msg/joint_trajectory_controller_state.h
[167.314s] -- Symlinking: /home/pinet/SLAM_AGV/workspace/install/control_msgs/include/control_msgs/control_msgs/msg/mecanum_drive_controller_state.h
[167.343s] -- Symlinking: /home/pinet/SLAM_AGV/workspace/install/control_msgs/include/control_msgs/control_msgs/msg/multi_dof_command.h
[167.374s] -- Symlinking: /home/pinet/SLAM_AGV/workspace/install/control_msgs/include/control_msgs/control_msgs/msg/multi_dof_state_stamped.h
[167.403s] -- Symlinking: /home/pinet/SLAM_AGV/workspace/install/control_msgs/include/control_msgs/control_msgs/msg/pid_state.h
[167.434s] -- Symlinking: /home/pinet/SLAM_AGV/workspace/install/control_msgs/include/control_msgs/control_msgs/msg/rosidl_generator_c__visibility_control.h
[167.463s] -- Symlinking: /home/pinet/SLAM_AGV/workspace/install/control_msgs/include/control_msgs/control_msgs/msg/single_dof_state.h
[167.492s] -- Symlinking: /home/pinet/SLAM_AGV/workspace/install/control_msgs/include/control_msgs/control_msgs/msg/single_dof_state_stamped.h
[167.521s] -- Symlinking: /home/pinet/SLAM_AGV/workspace/install/control_msgs/include/control_msgs/control_msgs/msg/steering_controller_status.h
[167.552s] -- Symlinking: /home/pinet/SLAM_AGV/workspace/install/control_msgs/include/control_msgs/control_msgs/srv/detail/query_calibration_state__functions.h
[167.582s] -- Symlinking: /home/pinet/SLAM_AGV/workspace/install/control_msgs/include/control_msgs/control_msgs/srv/detail/query_calibration_state__struct.h
[167.613s] -- Symlinking: /home/pinet/SLAM_AGV/workspace/install/control_msgs/include/control_msgs/control_msgs/srv/detail/query_calibration_state__type_support.h
[167.642s] -- Symlinking: /home/pinet/SLAM_AGV/workspace/install/control_msgs/include/control_msgs/control_msgs/srv/detail/query_trajectory_state__functions.h
[167.671s] -- Symlinking: /home/pinet/SLAM_AGV/workspace/install/control_msgs/include/control_msgs/control_msgs/srv/detail/query_trajectory_state__struct.h
[167.701s] -- Symlinking: /home/pinet/SLAM_AGV/workspace/install/control_msgs/include/control_msgs/control_msgs/srv/detail/query_trajectory_state__type_support.h
[167.730s] -- Symlinking: /home/pinet/SLAM_AGV/workspace/install/control_msgs/include/control_msgs/control_msgs/srv/query_calibration_state.h
[167.758s] -- Symlinking: /home/pinet/SLAM_AGV/workspace/install/control_msgs/include/control_msgs/control_msgs/srv/query_trajectory_state.h
[167.790s] -- Symlinking: /home/pinet/SLAM_AGV/workspace/install/control_msgs/share/control_msgs/environment/library_path.sh
[167.820s] -- Symlinking: /home/pinet/SLAM_AGV/workspace/install/control_msgs/share/control_msgs/environment/library_path.dsv
[167.862s] -- Symlinking: /home/pinet/SLAM_AGV/workspace/install/control_msgs/include/control_msgs/control_msgs/action/detail/follow_joint_trajectory__rosidl_typesupport_fastrtps_c.h
[167.891s] -- Symlinking: /home/pinet/SLAM_AGV/workspace/install/control_msgs/include/control_msgs/control_msgs/action/detail/gripper_command__rosidl_typesupport_fastrtps_c.h
[167.921s] -- Symlinking: /home/pinet/SLAM_AGV/workspace/install/control_msgs/include/control_msgs/control_msgs/action/detail/joint_trajectory__rosidl_typesupport_fastrtps_c.h
[167.950s] -- Symlinking: /home/pinet/SLAM_AGV/workspace/install/control_msgs/include/control_msgs/control_msgs/action/detail/parallel_gripper_command__rosidl_typesupport_fastrtps_c.h
[167.981s] -- Symlinking: /home/pinet/SLAM_AGV/workspace/install/control_msgs/include/control_msgs/control_msgs/action/detail/point_head__rosidl_typesupport_fastrtps_c.h
[168.010s] -- Symlinking: /home/pinet/SLAM_AGV/workspace/install/control_msgs/include/control_msgs/control_msgs/action/detail/single_joint_position__rosidl_typesupport_fastrtps_c.h
[168.042s] -- Symlinking: /home/pinet/SLAM_AGV/workspace/install/control_msgs/include/control_msgs/control_msgs/msg/detail/admittance_controller_state__rosidl_typesupport_fastrtps_c.h
[168.071s] -- Symlinking: /home/pinet/SLAM_AGV/workspace/install/control_msgs/include/control_msgs/control_msgs/msg/detail/dynamic_interface_group_values__rosidl_typesupport_fastrtps_c.h
[168.101s] -- Symlinking: /home/pinet/SLAM_AGV/workspace/install/control_msgs/include/control_msgs/control_msgs/msg/detail/dynamic_joint_state__rosidl_typesupport_fastrtps_c.h
[168.131s] -- Symlinking: /home/pinet/SLAM_AGV/workspace/install/control_msgs/include/control_msgs/control_msgs/msg/detail/gripper_command__rosidl_typesupport_fastrtps_c.h
[168.161s] -- Symlinking: /home/pinet/SLAM_AGV/workspace/install/control_msgs/include/control_msgs/control_msgs/msg/detail/interface_value__rosidl_typesupport_fastrtps_c.h
[168.190s] -- Symlinking: /home/pinet/SLAM_AGV/workspace/install/control_msgs/include/control_msgs/control_msgs/msg/detail/joint_component_tolerance__rosidl_typesupport_fastrtps_c.h
[168.220s] -- Symlinking: /home/pinet/SLAM_AGV/workspace/install/control_msgs/include/control_msgs/control_msgs/msg/detail/joint_controller_state__rosidl_typesupport_fastrtps_c.h
[168.250s] -- Symlinking: /home/pinet/SLAM_AGV/workspace/install/control_msgs/include/control_msgs/control_msgs/msg/detail/joint_jog__rosidl_typesupport_fastrtps_c.h
[168.279s] -- Symlinking: /home/pinet/SLAM_AGV/workspace/install/control_msgs/include/control_msgs/control_msgs/msg/detail/joint_tolerance__rosidl_typesupport_fastrtps_c.h
[168.309s] -- Symlinking: /home/pinet/SLAM_AGV/workspace/install/control_msgs/include/control_msgs/control_msgs/msg/detail/joint_trajectory_controller_state__rosidl_typesupport_fastrtps_c.h
[168.338s] -- Symlinking: /home/pinet/SLAM_AGV/workspace/install/control_msgs/include/control_msgs/control_msgs/msg/detail/mecanum_drive_controller_state__rosidl_typesupport_fastrtps_c.h
[168.370s] -- Symlinking: /home/pinet/SLAM_AGV/workspace/install/control_msgs/include/control_msgs/control_msgs/msg/detail/multi_dof_command__rosidl_typesupport_fastrtps_c.h
[168.399s] -- Symlinking: /home/pinet/SLAM_AGV/workspace/install/control_msgs/include/control_msgs/control_msgs/msg/detail/multi_dof_state_stamped__rosidl_typesupport_fastrtps_c.h
[168.429s] -- Symlinking: /home/pinet/SLAM_AGV/workspace/install/control_msgs/include/control_msgs/control_msgs/msg/detail/pid_state__rosidl_typesupport_fastrtps_c.h
[168.457s] -- Symlinking: /home/pinet/SLAM_AGV/workspace/install/control_msgs/include/control_msgs/control_msgs/msg/detail/single_dof_state__rosidl_typesupport_fastrtps_c.h
[168.486s] -- Symlinking: /home/pinet/SLAM_AGV/workspace/install/control_msgs/include/control_msgs/control_msgs/msg/detail/single_dof_state_stamped__rosidl_typesupport_fastrtps_c.h
[168.516s] -- Symlinking: /home/pinet/SLAM_AGV/workspace/install/control_msgs/include/control_msgs/control_msgs/msg/detail/steering_controller_status__rosidl_typesupport_fastrtps_c.h
[168.545s] -- Symlinking: /home/pinet/SLAM_AGV/workspace/install/control_msgs/include/control_msgs/control_msgs/msg/rosidl_typesupport_fastrtps_c__visibility_control.h
[168.574s] -- Symlinking: /home/pinet/SLAM_AGV/workspace/install/control_msgs/include/control_msgs/control_msgs/srv/detail/query_calibration_state__rosidl_typesupport_fastrtps_c.h
[168.606s] -- Symlinking: /home/pinet/SLAM_AGV/workspace/install/control_msgs/include/control_msgs/control_msgs/srv/detail/query_trajectory_state__rosidl_typesupport_fastrtps_c.h
[168.649s] -- Symlinking: /home/pinet/SLAM_AGV/workspace/install/control_msgs/include/control_msgs/control_msgs/action/detail/follow_joint_trajectory__builder.hpp
[168.677s] -- Symlinking: /home/pinet/SLAM_AGV/workspace/install/control_msgs/include/control_msgs/control_msgs/action/detail/follow_joint_trajectory__struct.hpp
[168.707s] -- Symlinking: /home/pinet/SLAM_AGV/workspace/install/control_msgs/include/control_msgs/control_msgs/action/detail/follow_joint_trajectory__traits.hpp
[168.738s] -- Symlinking: /home/pinet/SLAM_AGV/workspace/install/control_msgs/include/control_msgs/control_msgs/action/detail/follow_joint_trajectory__type_support.hpp
[168.766s] -- Symlinking: /home/pinet/SLAM_AGV/workspace/install/control_msgs/include/control_msgs/control_msgs/action/detail/gripper_command__builder.hpp
[168.795s] -- Symlinking: /home/pinet/SLAM_AGV/workspace/install/control_msgs/include/control_msgs/control_msgs/action/detail/gripper_command__struct.hpp
[168.824s] -- Symlinking: /home/pinet/SLAM_AGV/workspace/install/control_msgs/include/control_msgs/control_msgs/action/detail/gripper_command__traits.hpp
[168.854s] -- Symlinking: /home/pinet/SLAM_AGV/workspace/install/control_msgs/include/control_msgs/control_msgs/action/detail/gripper_command__type_support.hpp
[168.882s] -- Symlinking: /home/pinet/SLAM_AGV/workspace/install/control_msgs/include/control_msgs/control_msgs/action/detail/joint_trajectory__builder.hpp
[168.911s] -- Symlinking: /home/pinet/SLAM_AGV/workspace/install/control_msgs/include/control_msgs/control_msgs/action/detail/joint_trajectory__struct.hpp
[168.942s] -- Symlinking: /home/pinet/SLAM_AGV/workspace/install/control_msgs/include/control_msgs/control_msgs/action/detail/joint_trajectory__traits.hpp
[168.971s] -- Symlinking: /home/pinet/SLAM_AGV/workspace/install/control_msgs/include/control_msgs/control_msgs/action/detail/joint_trajectory__type_support.hpp
[169.000s] -- Symlinking: /home/pinet/SLAM_AGV/workspace/install/control_msgs/include/control_msgs/control_msgs/action/detail/parallel_gripper_command__builder.hpp
[169.028s] -- Symlinking: /home/pinet/SLAM_AGV/workspace/install/control_msgs/include/control_msgs/control_msgs/action/detail/parallel_gripper_command__struct.hpp
[169.057s] -- Symlinking: /home/pinet/SLAM_AGV/workspace/install/control_msgs/include/control_msgs/control_msgs/action/detail/parallel_gripper_command__traits.hpp
[169.086s] -- Symlinking: /home/pinet/SLAM_AGV/workspace/install/control_msgs/include/control_msgs/control_msgs/action/detail/parallel_gripper_command__type_support.hpp
[169.116s] -- Symlinking: /home/pinet/SLAM_AGV/workspace/install/control_msgs/include/control_msgs/control_msgs/action/detail/point_head__builder.hpp
[169.145s] -- Symlinking: /home/pinet/SLAM_AGV/workspace/install/control_msgs/include/control_msgs/control_msgs/action/detail/point_head__struct.hpp
[169.175s] -- Symlinking: /home/pinet/SLAM_AGV/workspace/install/control_msgs/include/control_msgs/control_msgs/action/detail/point_head__traits.hpp
[169.203s] -- Symlinking: /home/pinet/SLAM_AGV/workspace/install/control_msgs/include/control_msgs/control_msgs/action/detail/point_head__type_support.hpp
[169.232s] -- Symlinking: /home/pinet/SLAM_AGV/workspace/install/control_msgs/include/control_msgs/control_msgs/action/detail/single_joint_position__builder.hpp
[169.261s] -- Symlinking: /home/pinet/SLAM_AGV/workspace/install/control_msgs/include/control_msgs/control_msgs/action/detail/single_joint_position__struct.hpp
[169.289s] -- Symlinking: /home/pinet/SLAM_AGV/workspace/install/control_msgs/include/control_msgs/control_msgs/action/detail/single_joint_position__traits.hpp
[169.320s] -- Symlinking: /home/pinet/SLAM_AGV/workspace/install/control_msgs/include/control_msgs/control_msgs/action/detail/single_joint_position__type_support.hpp
[169.349s] -- Symlinking: /home/pinet/SLAM_AGV/workspace/install/control_msgs/include/control_msgs/control_msgs/action/follow_joint_trajectory.hpp
[169.380s] -- Symlinking: /home/pinet/SLAM_AGV/workspace/install/control_msgs/include/control_msgs/control_msgs/action/gripper_command.hpp
[169.409s] -- Symlinking: /home/pinet/SLAM_AGV/workspace/install/control_msgs/include/control_msgs/control_msgs/action/joint_trajectory.hpp
[169.440s] -- Symlinking: /home/pinet/SLAM_AGV/workspace/install/control_msgs/include/control_msgs/control_msgs/action/parallel_gripper_command.hpp
[169.469s] -- Symlinking: /home/pinet/SLAM_AGV/workspace/install/control_msgs/include/control_msgs/control_msgs/action/point_head.hpp
[169.497s] -- Symlinking: /home/pinet/SLAM_AGV/workspace/install/control_msgs/include/control_msgs/control_msgs/action/single_joint_position.hpp
[169.527s] -- Symlinking: /home/pinet/SLAM_AGV/workspace/install/control_msgs/include/control_msgs/control_msgs/msg/admittance_controller_state.hpp
[169.557s] -- Symlinking: /home/pinet/SLAM_AGV/workspace/install/control_msgs/include/control_msgs/control_msgs/msg/detail/admittance_controller_state__builder.hpp
[169.586s] -- Symlinking: /home/pinet/SLAM_AGV/workspace/install/control_msgs/include/control_msgs/control_msgs/msg/detail/admittance_controller_state__struct.hpp
[169.615s] -- Symlinking: /home/pinet/SLAM_AGV/workspace/install/control_msgs/include/control_msgs/control_msgs/msg/detail/admittance_controller_state__traits.hpp
[169.644s] -- Symlinking: /home/pinet/SLAM_AGV/workspace/install/control_msgs/include/control_msgs/control_msgs/msg/detail/admittance_controller_state__type_support.hpp
[169.672s] -- Symlinking: /home/pinet/SLAM_AGV/workspace/install/control_msgs/include/control_msgs/control_msgs/msg/detail/dynamic_interface_group_values__builder.hpp
[169.702s] -- Symlinking: /home/pinet/SLAM_AGV/workspace/install/control_msgs/include/control_msgs/control_msgs/msg/detail/dynamic_interface_group_values__struct.hpp
[169.731s] -- Symlinking: /home/pinet/SLAM_AGV/workspace/install/control_msgs/include/control_msgs/control_msgs/msg/detail/dynamic_interface_group_values__traits.hpp
[169.760s] -- Symlinking: /home/pinet/SLAM_AGV/workspace/install/control_msgs/include/control_msgs/control_msgs/msg/detail/dynamic_interface_group_values__type_support.hpp
[169.789s] -- Symlinking: /home/pinet/SLAM_AGV/workspace/install/control_msgs/include/control_msgs/control_msgs/msg/detail/dynamic_joint_state__builder.hpp
[169.820s] -- Symlinking: /home/pinet/SLAM_AGV/workspace/install/control_msgs/include/control_msgs/control_msgs/msg/detail/dynamic_joint_state__struct.hpp
[169.850s] -- Symlinking: /home/pinet/SLAM_AGV/workspace/install/control_msgs/include/control_msgs/control_msgs/msg/detail/dynamic_joint_state__traits.hpp
[169.879s] -- Symlinking: /home/pinet/SLAM_AGV/workspace/install/control_msgs/include/control_msgs/control_msgs/msg/detail/dynamic_joint_state__type_support.hpp
[169.908s] -- Symlinking: /home/pinet/SLAM_AGV/workspace/install/control_msgs/include/control_msgs/control_msgs/msg/detail/gripper_command__builder.hpp
[169.937s] -- Symlinking: /home/pinet/SLAM_AGV/workspace/install/control_msgs/include/control_msgs/control_msgs/msg/detail/gripper_command__struct.hpp
[169.965s] -- Symlinking: /home/pinet/SLAM_AGV/workspace/install/control_msgs/include/control_msgs/control_msgs/msg/detail/gripper_command__traits.hpp
[169.995s] -- Symlinking: /home/pinet/SLAM_AGV/workspace/install/control_msgs/include/control_msgs/control_msgs/msg/detail/gripper_command__type_support.hpp
[170.024s] -- Symlinking: /home/pinet/SLAM_AGV/workspace/install/control_msgs/include/control_msgs/control_msgs/msg/detail/interface_value__builder.hpp
[170.055s] -- Symlinking: /home/pinet/SLAM_AGV/workspace/install/control_msgs/include/control_msgs/control_msgs/msg/detail/interface_value__struct.hpp
[170.084s] -- Symlinking: /home/pinet/SLAM_AGV/workspace/install/control_msgs/include/control_msgs/control_msgs/msg/detail/interface_value__traits.hpp
[170.114s] -- Symlinking: /home/pinet/SLAM_AGV/workspace/install/control_msgs/include/control_msgs/control_msgs/msg/detail/interface_value__type_support.hpp
[170.143s] -- Symlinking: /home/pinet/SLAM_AGV/workspace/install/control_msgs/include/control_msgs/control_msgs/msg/detail/joint_component_tolerance__builder.hpp
[170.172s] -- Symlinking: /home/pinet/SLAM_AGV/workspace/install/control_msgs/include/control_msgs/control_msgs/msg/detail/joint_component_tolerance__struct.hpp
[170.201s] -- Symlinking: /home/pinet/SLAM_AGV/workspace/install/control_msgs/include/control_msgs/control_msgs/msg/detail/joint_component_tolerance__traits.hpp
[170.231s] -- Symlinking: /home/pinet/SLAM_AGV/workspace/install/control_msgs/include/control_msgs/control_msgs/msg/detail/joint_component_tolerance__type_support.hpp
[170.259s] -- Symlinking: /home/pinet/SLAM_AGV/workspace/install/control_msgs/include/control_msgs/control_msgs/msg/detail/joint_controller_state__builder.hpp
[170.292s] -- Symlinking: /home/pinet/SLAM_AGV/workspace/install/control_msgs/include/control_msgs/control_msgs/msg/detail/joint_controller_state__struct.hpp
[170.322s] -- Symlinking: /home/pinet/SLAM_AGV/workspace/install/control_msgs/include/control_msgs/control_msgs/msg/detail/joint_controller_state__traits.hpp
[170.354s] -- Symlinking: /home/pinet/SLAM_AGV/workspace/install/control_msgs/include/control_msgs/control_msgs/msg/detail/joint_controller_state__type_support.hpp
[170.385s] -- Symlinking: /home/pinet/SLAM_AGV/workspace/install/control_msgs/include/control_msgs/control_msgs/msg/detail/joint_jog__builder.hpp
[170.413s] -- Symlinking: /home/pinet/SLAM_AGV/workspace/install/control_msgs/include/control_msgs/control_msgs/msg/detail/joint_jog__struct.hpp
[170.444s] -- Symlinking: /home/pinet/SLAM_AGV/workspace/install/control_msgs/include/control_msgs/control_msgs/msg/detail/joint_jog__traits.hpp
[170.473s] -- Symlinking: /home/pinet/SLAM_AGV/workspace/install/control_msgs/include/control_msgs/control_msgs/msg/detail/joint_jog__type_support.hpp
[170.503s] -- Symlinking: /home/pinet/SLAM_AGV/workspace/install/control_msgs/include/control_msgs/control_msgs/msg/detail/joint_tolerance__builder.hpp
[170.532s] -- Symlinking: /home/pinet/SLAM_AGV/workspace/install/control_msgs/include/control_msgs/control_msgs/msg/detail/joint_tolerance__struct.hpp
[170.561s] -- Symlinking: /home/pinet/SLAM_AGV/workspace/install/control_msgs/include/control_msgs/control_msgs/msg/detail/joint_tolerance__traits.hpp
[170.591s] -- Symlinking: /home/pinet/SLAM_AGV/workspace/install/control_msgs/include/control_msgs/control_msgs/msg/detail/joint_tolerance__type_support.hpp
[170.621s] -- Symlinking: /home/pinet/SLAM_AGV/workspace/install/control_msgs/include/control_msgs/control_msgs/msg/detail/joint_trajectory_controller_state__builder.hpp
[170.650s] -- Symlinking: /home/pinet/SLAM_AGV/workspace/install/control_msgs/include/control_msgs/control_msgs/msg/detail/joint_trajectory_controller_state__struct.hpp
[170.679s] -- Symlinking: /home/pinet/SLAM_AGV/workspace/install/control_msgs/include/control_msgs/control_msgs/msg/detail/joint_trajectory_controller_state__traits.hpp
[170.707s] -- Symlinking: /home/pinet/SLAM_AGV/workspace/install/control_msgs/include/control_msgs/control_msgs/msg/detail/joint_trajectory_controller_state__type_support.hpp
[170.736s] -- Symlinking: /home/pinet/SLAM_AGV/workspace/install/control_msgs/include/control_msgs/control_msgs/msg/detail/mecanum_drive_controller_state__builder.hpp
[170.765s] -- Symlinking: /home/pinet/SLAM_AGV/workspace/install/control_msgs/include/control_msgs/control_msgs/msg/detail/mecanum_drive_controller_state__struct.hpp
[170.794s] -- Symlinking: /home/pinet/SLAM_AGV/workspace/install/control_msgs/include/control_msgs/control_msgs/msg/detail/mecanum_drive_controller_state__traits.hpp
[170.825s] -- Symlinking: /home/pinet/SLAM_AGV/workspace/install/control_msgs/include/control_msgs/control_msgs/msg/detail/mecanum_drive_controller_state__type_support.hpp
[170.853s] -- Symlinking: /home/pinet/SLAM_AGV/workspace/install/control_msgs/include/control_msgs/control_msgs/msg/detail/multi_dof_command__builder.hpp
[170.884s] -- Symlinking: /home/pinet/SLAM_AGV/workspace/install/control_msgs/include/control_msgs/control_msgs/msg/detail/multi_dof_command__struct.hpp
[170.915s] -- Symlinking: /home/pinet/SLAM_AGV/workspace/install/control_msgs/include/control_msgs/control_msgs/msg/detail/multi_dof_command__traits.hpp
[170.945s] -- Symlinking: /home/pinet/SLAM_AGV/workspace/install/control_msgs/include/control_msgs/control_msgs/msg/detail/multi_dof_command__type_support.hpp
[170.974s] -- Symlinking: /home/pinet/SLAM_AGV/workspace/install/control_msgs/include/control_msgs/control_msgs/msg/detail/multi_dof_state_stamped__builder.hpp
[171.002s] -- Symlinking: /home/pinet/SLAM_AGV/workspace/install/control_msgs/include/control_msgs/control_msgs/msg/detail/multi_dof_state_stamped__struct.hpp
[171.032s] -- Symlinking: /home/pinet/SLAM_AGV/workspace/install/control_msgs/include/control_msgs/control_msgs/msg/detail/multi_dof_state_stamped__traits.hpp
[171.063s] -- Symlinking: /home/pinet/SLAM_AGV/workspace/install/control_msgs/include/control_msgs/control_msgs/msg/detail/multi_dof_state_stamped__type_support.hpp
[171.093s] -- Symlinking: /home/pinet/SLAM_AGV/workspace/install/control_msgs/include/control_msgs/control_msgs/msg/detail/pid_state__builder.hpp
[171.123s] -- Symlinking: /home/pinet/SLAM_AGV/workspace/install/control_msgs/include/control_msgs/control_msgs/msg/detail/pid_state__struct.hpp
[171.152s] -- Symlinking: /home/pinet/SLAM_AGV/workspace/install/control_msgs/include/control_msgs/control_msgs/msg/detail/pid_state__traits.hpp
[171.181s] -- Symlinking: /home/pinet/SLAM_AGV/workspace/install/control_msgs/include/control_msgs/control_msgs/msg/detail/pid_state__type_support.hpp
[171.210s] -- Symlinking: /home/pinet/SLAM_AGV/workspace/install/control_msgs/include/control_msgs/control_msgs/msg/detail/single_dof_state__builder.hpp
[171.242s] -- Symlinking: /home/pinet/SLAM_AGV/workspace/install/control_msgs/include/control_msgs/control_msgs/msg/detail/single_dof_state__struct.hpp
[171.271s] -- Symlinking: /home/pinet/SLAM_AGV/workspace/install/control_msgs/include/control_msgs/control_msgs/msg/detail/single_dof_state__traits.hpp
[171.301s] -- Symlinking: /home/pinet/SLAM_AGV/workspace/install/control_msgs/include/control_msgs/control_msgs/msg/detail/single_dof_state__type_support.hpp
[171.330s] -- Symlinking: /home/pinet/SLAM_AGV/workspace/install/control_msgs/include/control_msgs/control_msgs/msg/detail/single_dof_state_stamped__builder.hpp
[171.362s] -- Symlinking: /home/pinet/SLAM_AGV/workspace/install/control_msgs/include/control_msgs/control_msgs/msg/detail/single_dof_state_stamped__struct.hpp
[171.391s] -- Symlinking: /home/pinet/SLAM_AGV/workspace/install/control_msgs/include/control_msgs/control_msgs/msg/detail/single_dof_state_stamped__traits.hpp
[171.420s] -- Symlinking: /home/pinet/SLAM_AGV/workspace/install/control_msgs/include/control_msgs/control_msgs/msg/detail/single_dof_state_stamped__type_support.hpp
[171.449s] -- Symlinking: /home/pinet/SLAM_AGV/workspace/install/control_msgs/include/control_msgs/control_msgs/msg/detail/steering_controller_status__builder.hpp
[171.480s] -- Symlinking: /home/pinet/SLAM_AGV/workspace/install/control_msgs/include/control_msgs/control_msgs/msg/detail/steering_controller_status__struct.hpp
[171.509s] -- Symlinking: /home/pinet/SLAM_AGV/workspace/install/control_msgs/include/control_msgs/control_msgs/msg/detail/steering_controller_status__traits.hpp
[171.539s] -- Symlinking: /home/pinet/SLAM_AGV/workspace/install/control_msgs/include/control_msgs/control_msgs/msg/detail/steering_controller_status__type_support.hpp
[171.569s] -- Symlinking: /home/pinet/SLAM_AGV/workspace/install/control_msgs/include/control_msgs/control_msgs/msg/dynamic_interface_group_values.hpp
[171.598s] -- Symlinking: /home/pinet/SLAM_AGV/workspace/install/control_msgs/include/control_msgs/control_msgs/msg/dynamic_joint_state.hpp
[171.627s] -- Symlinking: /home/pinet/SLAM_AGV/workspace/install/control_msgs/include/control_msgs/control_msgs/msg/gripper_command.hpp
[171.657s] -- Symlinking: /home/pinet/SLAM_AGV/workspace/install/control_msgs/include/control_msgs/control_msgs/msg/interface_value.hpp
[171.686s] -- Symlinking: /home/pinet/SLAM_AGV/workspace/install/control_msgs/include/control_msgs/control_msgs/msg/joint_component_tolerance.hpp
[171.714s] -- Symlinking: /home/pinet/SLAM_AGV/workspace/install/control_msgs/include/control_msgs/control_msgs/msg/joint_controller_state.hpp
[171.743s] -- Symlinking: /home/pinet/SLAM_AGV/workspace/install/control_msgs/include/control_msgs/control_msgs/msg/joint_jog.hpp
[171.774s] -- Symlinking: /home/pinet/SLAM_AGV/workspace/install/control_msgs/include/control_msgs/control_msgs/msg/joint_tolerance.hpp
[171.803s] -- Symlinking: /home/pinet/SLAM_AGV/workspace/install/control_msgs/include/control_msgs/control_msgs/msg/joint_trajectory_controller_state.hpp
[171.832s] -- Symlinking: /home/pinet/SLAM_AGV/workspace/install/control_msgs/include/control_msgs/control_msgs/msg/mecanum_drive_controller_state.hpp
[171.862s] -- Symlinking: /home/pinet/SLAM_AGV/workspace/install/control_msgs/include/control_msgs/control_msgs/msg/multi_dof_command.hpp
[171.892s] -- Symlinking: /home/pinet/SLAM_AGV/workspace/install/control_msgs/include/control_msgs/control_msgs/msg/multi_dof_state_stamped.hpp
[171.922s] -- Symlinking: /home/pinet/SLAM_AGV/workspace/install/control_msgs/include/control_msgs/control_msgs/msg/pid_state.hpp
[171.951s] -- Symlinking: /home/pinet/SLAM_AGV/workspace/install/control_msgs/include/control_msgs/control_msgs/msg/rosidl_generator_cpp__visibility_control.hpp
[171.981s] -- Symlinking: /home/pinet/SLAM_AGV/workspace/install/control_msgs/include/control_msgs/control_msgs/msg/single_dof_state.hpp
[172.011s] -- Symlinking: /home/pinet/SLAM_AGV/workspace/install/control_msgs/include/control_msgs/control_msgs/msg/single_dof_state_stamped.hpp
[172.040s] -- Symlinking: /home/pinet/SLAM_AGV/workspace/install/control_msgs/include/control_msgs/control_msgs/msg/steering_controller_status.hpp
[172.069s] -- Symlinking: /home/pinet/SLAM_AGV/workspace/install/control_msgs/include/control_msgs/control_msgs/srv/detail/query_calibration_state__builder.hpp
[172.098s] -- Symlinking: /home/pinet/SLAM_AGV/workspace/install/control_msgs/include/control_msgs/control_msgs/srv/detail/query_calibration_state__struct.hpp
[172.127s] -- Symlinking: /home/pinet/SLAM_AGV/workspace/install/control_msgs/include/control_msgs/control_msgs/srv/detail/query_calibration_state__traits.hpp
[172.157s] -- Symlinking: /home/pinet/SLAM_AGV/workspace/install/control_msgs/include/control_msgs/control_msgs/srv/detail/query_calibration_state__type_support.hpp
[172.186s] -- Symlinking: /home/pinet/SLAM_AGV/workspace/install/control_msgs/include/control_msgs/control_msgs/srv/detail/query_trajectory_state__builder.hpp
[172.215s] -- Symlinking: /home/pinet/SLAM_AGV/workspace/install/control_msgs/include/control_msgs/control_msgs/srv/detail/query_trajectory_state__struct.hpp
[172.246s] -- Symlinking: /home/pinet/SLAM_AGV/workspace/install/control_msgs/include/control_msgs/control_msgs/srv/detail/query_trajectory_state__traits.hpp
[172.276s] -- Symlinking: /home/pinet/SLAM_AGV/workspace/install/control_msgs/include/control_msgs/control_msgs/srv/detail/query_trajectory_state__type_support.hpp
[172.304s] -- Symlinking: /home/pinet/SLAM_AGV/workspace/install/control_msgs/include/control_msgs/control_msgs/srv/query_calibration_state.hpp
[172.332s] -- Symlinking: /home/pinet/SLAM_AGV/workspace/install/control_msgs/include/control_msgs/control_msgs/srv/query_trajectory_state.hpp
[172.374s] -- Symlinking: /home/pinet/SLAM_AGV/workspace/install/control_msgs/include/control_msgs/control_msgs/action/detail/follow_joint_trajectory__rosidl_typesupport_fastrtps_cpp.hpp
[172.403s] -- Symlinking: /home/pinet/SLAM_AGV/workspace/install/control_msgs/include/control_msgs/control_msgs/action/detail/gripper_command__rosidl_typesupport_fastrtps_cpp.hpp
[172.435s] -- Symlinking: /home/pinet/SLAM_AGV/workspace/install/control_msgs/include/control_msgs/control_msgs/action/detail/joint_trajectory__rosidl_typesupport_fastrtps_cpp.hpp
[172.464s] -- Symlinking: /home/pinet/SLAM_AGV/workspace/install/control_msgs/include/control_msgs/control_msgs/action/detail/parallel_gripper_command__rosidl_typesupport_fastrtps_cpp.hpp
[172.493s] -- Symlinking: /home/pinet/SLAM_AGV/workspace/install/control_msgs/include/control_msgs/control_msgs/action/detail/point_head__rosidl_typesupport_fastrtps_cpp.hpp
[172.524s] -- Symlinking: /home/pinet/SLAM_AGV/workspace/install/control_msgs/include/control_msgs/control_msgs/action/detail/single_joint_position__rosidl_typesupport_fastrtps_cpp.hpp
[172.553s] -- Symlinking: /home/pinet/SLAM_AGV/workspace/install/control_msgs/include/control_msgs/control_msgs/msg/detail/admittance_controller_state__rosidl_typesupport_fastrtps_cpp.hpp
[172.582s] -- Symlinking: /home/pinet/SLAM_AGV/workspace/install/control_msgs/include/control_msgs/control_msgs/msg/detail/dynamic_interface_group_values__rosidl_typesupport_fastrtps_cpp.hpp
[172.611s] -- Symlinking: /home/pinet/SLAM_AGV/workspace/install/control_msgs/include/control_msgs/control_msgs/msg/detail/dynamic_joint_state__rosidl_typesupport_fastrtps_cpp.hpp
[172.640s] -- Symlinking: /home/pinet/SLAM_AGV/workspace/install/control_msgs/include/control_msgs/control_msgs/msg/detail/gripper_command__rosidl_typesupport_fastrtps_cpp.hpp
[172.669s] -- Symlinking: /home/pinet/SLAM_AGV/workspace/install/control_msgs/include/control_msgs/control_msgs/msg/detail/interface_value__rosidl_typesupport_fastrtps_cpp.hpp
[172.698s] -- Symlinking: /home/pinet/SLAM_AGV/workspace/install/control_msgs/include/control_msgs/control_msgs/msg/detail/joint_component_tolerance__rosidl_typesupport_fastrtps_cpp.hpp
[172.730s] -- Symlinking: /home/pinet/SLAM_AGV/workspace/install/control_msgs/include/control_msgs/control_msgs/msg/detail/joint_controller_state__rosidl_typesupport_fastrtps_cpp.hpp
[172.759s] -- Symlinking: /home/pinet/SLAM_AGV/workspace/install/control_msgs/include/control_msgs/control_msgs/msg/detail/joint_jog__rosidl_typesupport_fastrtps_cpp.hpp
[172.790s] -- Symlinking: /home/pinet/SLAM_AGV/workspace/install/control_msgs/include/control_msgs/control_msgs/msg/detail/joint_tolerance__rosidl_typesupport_fastrtps_cpp.hpp
[172.820s] -- Symlinking: /home/pinet/SLAM_AGV/workspace/install/control_msgs/include/control_msgs/control_msgs/msg/detail/joint_trajectory_controller_state__rosidl_typesupport_fastrtps_cpp.hpp
[172.851s] -- Symlinking: /home/pinet/SLAM_AGV/workspace/install/control_msgs/include/control_msgs/control_msgs/msg/detail/mecanum_drive_controller_state__rosidl_typesupport_fastrtps_cpp.hpp
[172.880s] -- Symlinking: /home/pinet/SLAM_AGV/workspace/install/control_msgs/include/control_msgs/control_msgs/msg/detail/multi_dof_command__rosidl_typesupport_fastrtps_cpp.hpp
[172.910s] -- Symlinking: /home/pinet/SLAM_AGV/workspace/install/control_msgs/include/control_msgs/control_msgs/msg/detail/multi_dof_state_stamped__rosidl_typesupport_fastrtps_cpp.hpp
[172.939s] -- Symlinking: /home/pinet/SLAM_AGV/workspace/install/control_msgs/include/control_msgs/control_msgs/msg/detail/pid_state__rosidl_typesupport_fastrtps_cpp.hpp
[172.970s] -- Symlinking: /home/pinet/SLAM_AGV/workspace/install/control_msgs/include/control_msgs/control_msgs/msg/detail/single_dof_state__rosidl_typesupport_fastrtps_cpp.hpp
[172.999s] -- Symlinking: /home/pinet/SLAM_AGV/workspace/install/control_msgs/include/control_msgs/control_msgs/msg/detail/single_dof_state_stamped__rosidl_typesupport_fastrtps_cpp.hpp
[173.030s] -- Symlinking: /home/pinet/SLAM_AGV/workspace/install/control_msgs/include/control_msgs/control_msgs/msg/detail/steering_controller_status__rosidl_typesupport_fastrtps_cpp.hpp
[173.059s] -- Symlinking: /home/pinet/SLAM_AGV/workspace/install/control_msgs/include/control_msgs/control_msgs/msg/rosidl_typesupport_fastrtps_cpp__visibility_control.h
[173.089s] -- Symlinking: /home/pinet/SLAM_AGV/workspace/install/control_msgs/include/control_msgs/control_msgs/srv/detail/query_calibration_state__rosidl_typesupport_fastrtps_cpp.hpp
[173.118s] -- Symlinking: /home/pinet/SLAM_AGV/workspace/install/control_msgs/include/control_msgs/control_msgs/srv/detail/query_trajectory_state__rosidl_typesupport_fastrtps_cpp.hpp
[173.155s] -- Symlinking: /home/pinet/SLAM_AGV/workspace/install/control_msgs/include/control_msgs/control_msgs/action/detail/follow_joint_trajectory__rosidl_typesupport_introspection_c.h
[173.186s] -- Symlinking: /home/pinet/SLAM_AGV/workspace/install/control_msgs/include/control_msgs/control_msgs/action/detail/gripper_command__rosidl_typesupport_introspection_c.h
[173.216s] -- Symlinking: /home/pinet/SLAM_AGV/workspace/install/control_msgs/include/control_msgs/control_msgs/action/detail/joint_trajectory__rosidl_typesupport_introspection_c.h
[173.244s] -- Symlinking: /home/pinet/SLAM_AGV/workspace/install/control_msgs/include/control_msgs/control_msgs/action/detail/parallel_gripper_command__rosidl_typesupport_introspection_c.h
[173.273s] -- Symlinking: /home/pinet/SLAM_AGV/workspace/install/control_msgs/include/control_msgs/control_msgs/action/detail/point_head__rosidl_typesupport_introspection_c.h
[173.303s] -- Symlinking: /home/pinet/SLAM_AGV/workspace/install/control_msgs/include/control_msgs/control_msgs/action/detail/single_joint_position__rosidl_typesupport_introspection_c.h
[173.332s] -- Symlinking: /home/pinet/SLAM_AGV/workspace/install/control_msgs/include/control_msgs/control_msgs/msg/detail/admittance_controller_state__rosidl_typesupport_introspection_c.h
[173.361s] -- Symlinking: /home/pinet/SLAM_AGV/workspace/install/control_msgs/include/control_msgs/control_msgs/msg/detail/dynamic_interface_group_values__rosidl_typesupport_introspection_c.h
[173.390s] -- Symlinking: /home/pinet/SLAM_AGV/workspace/install/control_msgs/include/control_msgs/control_msgs/msg/detail/dynamic_joint_state__rosidl_typesupport_introspection_c.h
[173.419s] -- Symlinking: /home/pinet/SLAM_AGV/workspace/install/control_msgs/include/control_msgs/control_msgs/msg/detail/gripper_command__rosidl_typesupport_introspection_c.h
[173.448s] -- Symlinking: /home/pinet/SLAM_AGV/workspace/install/control_msgs/include/control_msgs/control_msgs/msg/detail/interface_value__rosidl_typesupport_introspection_c.h
[173.478s] -- Symlinking: /home/pinet/SLAM_AGV/workspace/install/control_msgs/include/control_msgs/control_msgs/msg/detail/joint_component_tolerance__rosidl_typesupport_introspection_c.h
[173.507s] -- Symlinking: /home/pinet/SLAM_AGV/workspace/install/control_msgs/include/control_msgs/control_msgs/msg/detail/joint_controller_state__rosidl_typesupport_introspection_c.h
[173.536s] -- Symlinking: /home/pinet/SLAM_AGV/workspace/install/control_msgs/include/control_msgs/control_msgs/msg/detail/joint_jog__rosidl_typesupport_introspection_c.h
[173.565s] -- Symlinking: /home/pinet/SLAM_AGV/workspace/install/control_msgs/include/control_msgs/control_msgs/msg/detail/joint_tolerance__rosidl_typesupport_introspection_c.h
[173.594s] -- Symlinking: /home/pinet/SLAM_AGV/workspace/install/control_msgs/include/control_msgs/control_msgs/msg/detail/joint_trajectory_controller_state__rosidl_typesupport_introspection_c.h
[173.624s] -- Symlinking: /home/pinet/SLAM_AGV/workspace/install/control_msgs/include/control_msgs/control_msgs/msg/detail/mecanum_drive_controller_state__rosidl_typesupport_introspection_c.h
[173.654s] -- Symlinking: /home/pinet/SLAM_AGV/workspace/install/control_msgs/include/control_msgs/control_msgs/msg/detail/multi_dof_command__rosidl_typesupport_introspection_c.h
[173.684s] -- Symlinking: /home/pinet/SLAM_AGV/workspace/install/control_msgs/include/control_msgs/control_msgs/msg/detail/multi_dof_state_stamped__rosidl_typesupport_introspection_c.h
[173.714s] -- Symlinking: /home/pinet/SLAM_AGV/workspace/install/control_msgs/include/control_msgs/control_msgs/msg/detail/pid_state__rosidl_typesupport_introspection_c.h
[173.744s] -- Symlinking: /home/pinet/SLAM_AGV/workspace/install/control_msgs/include/control_msgs/control_msgs/msg/detail/single_dof_state__rosidl_typesupport_introspection_c.h
[173.774s] -- Symlinking: /home/pinet/SLAM_AGV/workspace/install/control_msgs/include/control_msgs/control_msgs/msg/detail/single_dof_state_stamped__rosidl_typesupport_introspection_c.h
[173.806s] -- Symlinking: /home/pinet/SLAM_AGV/workspace/install/control_msgs/include/control_msgs/control_msgs/msg/detail/steering_controller_status__rosidl_typesupport_introspection_c.h
[173.835s] -- Symlinking: /home/pinet/SLAM_AGV/workspace/install/control_msgs/include/control_msgs/control_msgs/msg/rosidl_typesupport_introspection_c__visibility_control.h
[173.866s] -- Symlinking: /home/pinet/SLAM_AGV/workspace/install/control_msgs/include/control_msgs/control_msgs/srv/detail/query_calibration_state__rosidl_typesupport_introspection_c.h
[173.896s] -- Symlinking: /home/pinet/SLAM_AGV/workspace/install/control_msgs/include/control_msgs/control_msgs/srv/detail/query_trajectory_state__rosidl_typesupport_introspection_c.h
[173.932s] -- Symlinking: /home/pinet/SLAM_AGV/workspace/install/control_msgs/include/control_msgs/control_msgs/action/detail/follow_joint_trajectory__rosidl_typesupport_introspection_cpp.hpp
[173.965s] -- Symlinking: /home/pinet/SLAM_AGV/workspace/install/control_msgs/include/control_msgs/control_msgs/action/detail/gripper_command__rosidl_typesupport_introspection_cpp.hpp
[173.996s] -- Symlinking: /home/pinet/SLAM_AGV/workspace/install/control_msgs/include/control_msgs/control_msgs/action/detail/joint_trajectory__rosidl_typesupport_introspection_cpp.hpp
[174.025s] -- Symlinking: /home/pinet/SLAM_AGV/workspace/install/control_msgs/include/control_msgs/control_msgs/action/detail/parallel_gripper_command__rosidl_typesupport_introspection_cpp.hpp
[174.056s] -- Symlinking: /home/pinet/SLAM_AGV/workspace/install/control_msgs/include/control_msgs/control_msgs/action/detail/point_head__rosidl_typesupport_introspection_cpp.hpp
[174.085s] -- Symlinking: /home/pinet/SLAM_AGV/workspace/install/control_msgs/include/control_msgs/control_msgs/action/detail/single_joint_position__rosidl_typesupport_introspection_cpp.hpp
[174.114s] -- Symlinking: /home/pinet/SLAM_AGV/workspace/install/control_msgs/include/control_msgs/control_msgs/msg/detail/admittance_controller_state__rosidl_typesupport_introspection_cpp.hpp
[174.143s] -- Symlinking: /home/pinet/SLAM_AGV/workspace/install/control_msgs/include/control_msgs/control_msgs/msg/detail/dynamic_interface_group_values__rosidl_typesupport_introspection_cpp.hpp
[174.172s] -- Symlinking: /home/pinet/SLAM_AGV/workspace/install/control_msgs/include/control_msgs/control_msgs/msg/detail/dynamic_joint_state__rosidl_typesupport_introspection_cpp.hpp
[174.201s] -- Symlinking: /home/pinet/SLAM_AGV/workspace/install/control_msgs/include/control_msgs/control_msgs/msg/detail/gripper_command__rosidl_typesupport_introspection_cpp.hpp
[174.231s] -- Symlinking: /home/pinet/SLAM_AGV/workspace/install/control_msgs/include/control_msgs/control_msgs/msg/detail/interface_value__rosidl_typesupport_introspection_cpp.hpp
[174.260s] -- Symlinking: /home/pinet/SLAM_AGV/workspace/install/control_msgs/include/control_msgs/control_msgs/msg/detail/joint_component_tolerance__rosidl_typesupport_introspection_cpp.hpp
[174.290s] -- Symlinking: /home/pinet/SLAM_AGV/workspace/install/control_msgs/include/control_msgs/control_msgs/msg/detail/joint_controller_state__rosidl_typesupport_introspection_cpp.hpp
[174.321s] -- Symlinking: /home/pinet/SLAM_AGV/workspace/install/control_msgs/include/control_msgs/control_msgs/msg/detail/joint_jog__rosidl_typesupport_introspection_cpp.hpp
[174.350s] -- Symlinking: /home/pinet/SLAM_AGV/workspace/install/control_msgs/include/control_msgs/control_msgs/msg/detail/joint_tolerance__rosidl_typesupport_introspection_cpp.hpp
[174.379s] -- Symlinking: /home/pinet/SLAM_AGV/workspace/install/control_msgs/include/control_msgs/control_msgs/msg/detail/joint_trajectory_controller_state__rosidl_typesupport_introspection_cpp.hpp
[174.408s] -- Symlinking: /home/pinet/SLAM_AGV/workspace/install/control_msgs/include/control_msgs/control_msgs/msg/detail/mecanum_drive_controller_state__rosidl_typesupport_introspection_cpp.hpp
[174.437s] -- Symlinking: /home/pinet/SLAM_AGV/workspace/install/control_msgs/include/control_msgs/control_msgs/msg/detail/multi_dof_command__rosidl_typesupport_introspection_cpp.hpp
[174.466s] -- Symlinking: /home/pinet/SLAM_AGV/workspace/install/control_msgs/include/control_msgs/control_msgs/msg/detail/multi_dof_state_stamped__rosidl_typesupport_introspection_cpp.hpp
[174.497s] -- Symlinking: /home/pinet/SLAM_AGV/workspace/install/control_msgs/include/control_msgs/control_msgs/msg/detail/pid_state__rosidl_typesupport_introspection_cpp.hpp
[174.526s] -- Symlinking: /home/pinet/SLAM_AGV/workspace/install/control_msgs/include/control_msgs/control_msgs/msg/detail/single_dof_state__rosidl_typesupport_introspection_cpp.hpp
[174.558s] -- Symlinking: /home/pinet/SLAM_AGV/workspace/install/control_msgs/include/control_msgs/control_msgs/msg/detail/single_dof_state_stamped__rosidl_typesupport_introspection_cpp.hpp
[174.588s] -- Symlinking: /home/pinet/SLAM_AGV/workspace/install/control_msgs/include/control_msgs/control_msgs/msg/detail/steering_controller_status__rosidl_typesupport_introspection_cpp.hpp
[174.618s] -- Symlinking: /home/pinet/SLAM_AGV/workspace/install/control_msgs/include/control_msgs/control_msgs/srv/detail/query_calibration_state__rosidl_typesupport_introspection_cpp.hpp
[174.648s] -- Symlinking: /home/pinet/SLAM_AGV/workspace/install/control_msgs/include/control_msgs/control_msgs/srv/detail/query_trajectory_state__rosidl_typesupport_introspection_cpp.hpp
[174.679s] -- Symlinking: /home/pinet/SLAM_AGV/workspace/install/control_msgs/share/control_msgs/environment/pythonpath.sh
[174.708s] -- Symlinking: /home/pinet/SLAM_AGV/workspace/install/control_msgs/share/control_msgs/environment/pythonpath.dsv
[174.739s] -- Symlinking: /home/pinet/SLAM_AGV/workspace/install/control_msgs/local/lib/python3.10/dist-packages/control_msgs-4.7.0-py3.10.egg-info/PKG-INFO
[174.769s] -- Symlinking: /home/pinet/SLAM_AGV/workspace/install/control_msgs/local/lib/python3.10/dist-packages/control_msgs-4.7.0-py3.10.egg-info/SOURCES.txt
[174.797s] -- Symlinking: /home/pinet/SLAM_AGV/workspace/install/control_msgs/local/lib/python3.10/dist-packages/control_msgs-4.7.0-py3.10.egg-info/dependency_links.txt
[174.826s] -- Symlinking: /home/pinet/SLAM_AGV/workspace/install/control_msgs/local/lib/python3.10/dist-packages/control_msgs-4.7.0-py3.10.egg-info/top_level.txt
[174.873s] -- Symlinking: /home/pinet/SLAM_AGV/workspace/install/control_msgs/local/lib/python3.10/dist-packages/control_msgs/__init__.py
[174.902s] -- Symlinking: /home/pinet/SLAM_AGV/workspace/install/control_msgs/local/lib/python3.10/dist-packages/control_msgs/_control_msgs_s.ep.rosidl_typesupport_c.c
[174.932s] -- Symlinking: /home/pinet/SLAM_AGV/workspace/install/control_msgs/local/lib/python3.10/dist-packages/control_msgs/_control_msgs_s.ep.rosidl_typesupport_fastrtps_c.c
[174.960s] -- Symlinking: /home/pinet/SLAM_AGV/workspace/install/control_msgs/local/lib/python3.10/dist-packages/control_msgs/_control_msgs_s.ep.rosidl_typesupport_introspection_c.c
[174.992s] -- Symlinking: /home/pinet/SLAM_AGV/workspace/install/control_msgs/local/lib/python3.10/dist-packages/control_msgs/action/__init__.py
[175.020s] -- Symlinking: /home/pinet/SLAM_AGV/workspace/install/control_msgs/local/lib/python3.10/dist-packages/control_msgs/action/_follow_joint_trajectory.py
[175.049s] -- Symlinking: /home/pinet/SLAM_AGV/workspace/install/control_msgs/local/lib/python3.10/dist-packages/control_msgs/action/_follow_joint_trajectory_s.c
[175.078s] -- Symlinking: /home/pinet/SLAM_AGV/workspace/install/control_msgs/local/lib/python3.10/dist-packages/control_msgs/action/_gripper_command.py
[175.110s] -- Symlinking: /home/pinet/SLAM_AGV/workspace/install/control_msgs/local/lib/python3.10/dist-packages/control_msgs/action/_gripper_command_s.c
[175.139s] -- Symlinking: /home/pinet/SLAM_AGV/workspace/install/control_msgs/local/lib/python3.10/dist-packages/control_msgs/action/_joint_trajectory.py
[175.169s] -- Symlinking: /home/pinet/SLAM_AGV/workspace/install/control_msgs/local/lib/python3.10/dist-packages/control_msgs/action/_joint_trajectory_s.c
[175.198s] -- Symlinking: /home/pinet/SLAM_AGV/workspace/install/control_msgs/local/lib/python3.10/dist-packages/control_msgs/action/_parallel_gripper_command.py
[175.230s] -- Symlinking: /home/pinet/SLAM_AGV/workspace/install/control_msgs/local/lib/python3.10/dist-packages/control_msgs/action/_parallel_gripper_command_s.c
[175.259s] -- Symlinking: /home/pinet/SLAM_AGV/workspace/install/control_msgs/local/lib/python3.10/dist-packages/control_msgs/action/_point_head.py
[175.308s] -- Symlinking: /home/pinet/SLAM_AGV/workspace/install/control_msgs/local/lib/python3.10/dist-packages/control_msgs/action/_point_head_s.c
[175.344s] -- Symlinking: /home/pinet/SLAM_AGV/workspace/install/control_msgs/local/lib/python3.10/dist-packages/control_msgs/action/_single_joint_position.py
[175.373s] -- Symlinking: /home/pinet/SLAM_AGV/workspace/install/control_msgs/local/lib/python3.10/dist-packages/control_msgs/action/_single_joint_position_s.c
[175.402s] -- Symlinking: /home/pinet/SLAM_AGV/workspace/install/control_msgs/local/lib/python3.10/dist-packages/control_msgs/control_msgs_s__rosidl_typesupport_c.cpython-310-aarch64-linux-gnu.so
[175.431s] -- Symlinking: /home/pinet/SLAM_AGV/workspace/install/control_msgs/local/lib/python3.10/dist-packages/control_msgs/control_msgs_s__rosidl_typesupport_fastrtps_c.cpython-310-aarch64-linux-gnu.so
[175.460s] -- Symlinking: /home/pinet/SLAM_AGV/workspace/install/control_msgs/local/lib/python3.10/dist-packages/control_msgs/control_msgs_s__rosidl_typesupport_introspection_c.cpython-310-aarch64-linux-gnu.so
[175.490s] -- Symlinking: /home/pinet/SLAM_AGV/workspace/install/control_msgs/local/lib/python3.10/dist-packages/control_msgs/libcontrol_msgs__rosidl_generator_py.so
[175.519s] -- Symlinking: /home/pinet/SLAM_AGV/workspace/install/control_msgs/local/lib/python3.10/dist-packages/control_msgs/msg/__init__.py
[175.551s] -- Symlinking: /home/pinet/SLAM_AGV/workspace/install/control_msgs/local/lib/python3.10/dist-packages/control_msgs/msg/_admittance_controller_state.py
[175.580s] -- Symlinking: /home/pinet/SLAM_AGV/workspace/install/control_msgs/local/lib/python3.10/dist-packages/control_msgs/msg/_admittance_controller_state_s.c
[175.610s] -- Symlinking: /home/pinet/SLAM_AGV/workspace/install/control_msgs/local/lib/python3.10/dist-packages/control_msgs/msg/_dynamic_interface_group_values.py
[175.639s] -- Symlinking: /home/pinet/SLAM_AGV/workspace/install/control_msgs/local/lib/python3.10/dist-packages/control_msgs/msg/_dynamic_interface_group_values_s.c
[175.668s] -- Symlinking: /home/pinet/SLAM_AGV/workspace/install/control_msgs/local/lib/python3.10/dist-packages/control_msgs/msg/_dynamic_joint_state.py
[175.697s] -- Symlinking: /home/pinet/SLAM_AGV/workspace/install/control_msgs/local/lib/python3.10/dist-packages/control_msgs/msg/_dynamic_joint_state_s.c
[175.727s] -- Symlinking: /home/pinet/SLAM_AGV/workspace/install/control_msgs/local/lib/python3.10/dist-packages/control_msgs/msg/_gripper_command.py
[175.755s] -- Symlinking: /home/pinet/SLAM_AGV/workspace/install/control_msgs/local/lib/python3.10/dist-packages/control_msgs/msg/_gripper_command_s.c
[175.786s] -- Symlinking: /home/pinet/SLAM_AGV/workspace/install/control_msgs/local/lib/python3.10/dist-packages/control_msgs/msg/_interface_value.py
[175.814s] -- Symlinking: /home/pinet/SLAM_AGV/workspace/install/control_msgs/local/lib/python3.10/dist-packages/control_msgs/msg/_interface_value_s.c
[175.843s] -- Symlinking: /home/pinet/SLAM_AGV/workspace/install/control_msgs/local/lib/python3.10/dist-packages/control_msgs/msg/_joint_component_tolerance.py
[175.873s] -- Symlinking: /home/pinet/SLAM_AGV/workspace/install/control_msgs/local/lib/python3.10/dist-packages/control_msgs/msg/_joint_component_tolerance_s.c
[175.902s] -- Symlinking: /home/pinet/SLAM_AGV/workspace/install/control_msgs/local/lib/python3.10/dist-packages/control_msgs/msg/_joint_controller_state.py
[175.933s] -- Symlinking: /home/pinet/SLAM_AGV/workspace/install/control_msgs/local/lib/python3.10/dist-packages/control_msgs/msg/_joint_controller_state_s.c
[175.962s] -- Symlinking: /home/pinet/SLAM_AGV/workspace/install/control_msgs/local/lib/python3.10/dist-packages/control_msgs/msg/_joint_jog.py
[175.992s] -- Symlinking: /home/pinet/SLAM_AGV/workspace/install/control_msgs/local/lib/python3.10/dist-packages/control_msgs/msg/_joint_jog_s.c
[176.021s] -- Symlinking: /home/pinet/SLAM_AGV/workspace/install/control_msgs/local/lib/python3.10/dist-packages/control_msgs/msg/_joint_tolerance.py
[176.050s] -- Symlinking: /home/pinet/SLAM_AGV/workspace/install/control_msgs/local/lib/python3.10/dist-packages/control_msgs/msg/_joint_tolerance_s.c
[176.079s] -- Symlinking: /home/pinet/SLAM_AGV/workspace/install/control_msgs/local/lib/python3.10/dist-packages/control_msgs/msg/_joint_trajectory_controller_state.py
[176.108s] -- Symlinking: /home/pinet/SLAM_AGV/workspace/install/control_msgs/local/lib/python3.10/dist-packages/control_msgs/msg/_joint_trajectory_controller_state_s.c
[176.137s] -- Symlinking: /home/pinet/SLAM_AGV/workspace/install/control_msgs/local/lib/python3.10/dist-packages/control_msgs/msg/_mecanum_drive_controller_state.py
[176.168s] -- Symlinking: /home/pinet/SLAM_AGV/workspace/install/control_msgs/local/lib/python3.10/dist-packages/control_msgs/msg/_mecanum_drive_controller_state_s.c
[176.197s] -- Symlinking: /home/pinet/SLAM_AGV/workspace/install/control_msgs/local/lib/python3.10/dist-packages/control_msgs/msg/_multi_dof_command.py
[176.225s] -- Symlinking: /home/pinet/SLAM_AGV/workspace/install/control_msgs/local/lib/python3.10/dist-packages/control_msgs/msg/_multi_dof_command_s.c
[176.254s] -- Symlinking: /home/pinet/SLAM_AGV/workspace/install/control_msgs/local/lib/python3.10/dist-packages/control_msgs/msg/_multi_dof_state_stamped.py
[176.286s] -- Symlinking: /home/pinet/SLAM_AGV/workspace/install/control_msgs/local/lib/python3.10/dist-packages/control_msgs/msg/_multi_dof_state_stamped_s.c
[176.316s] -- Symlinking: /home/pinet/SLAM_AGV/workspace/install/control_msgs/local/lib/python3.10/dist-packages/control_msgs/msg/_pid_state.py
[176.345s] -- Symlinking: /home/pinet/SLAM_AGV/workspace/install/control_msgs/local/lib/python3.10/dist-packages/control_msgs/msg/_pid_state_s.c
[176.375s] -- Symlinking: /home/pinet/SLAM_AGV/workspace/install/control_msgs/local/lib/python3.10/dist-packages/control_msgs/msg/_single_dof_state.py
[176.405s] -- Symlinking: /home/pinet/SLAM_AGV/workspace/install/control_msgs/local/lib/python3.10/dist-packages/control_msgs/msg/_single_dof_state_s.c
[176.434s] -- Symlinking: /home/pinet/SLAM_AGV/workspace/install/control_msgs/local/lib/python3.10/dist-packages/control_msgs/msg/_single_dof_state_stamped.py
[176.465s] -- Symlinking: /home/pinet/SLAM_AGV/workspace/install/control_msgs/local/lib/python3.10/dist-packages/control_msgs/msg/_single_dof_state_stamped_s.c
[176.494s] -- Symlinking: /home/pinet/SLAM_AGV/workspace/install/control_msgs/local/lib/python3.10/dist-packages/control_msgs/msg/_steering_controller_status.py
[176.525s] -- Symlinking: /home/pinet/SLAM_AGV/workspace/install/control_msgs/local/lib/python3.10/dist-packages/control_msgs/msg/_steering_controller_status_s.c
[176.557s] -- Symlinking: /home/pinet/SLAM_AGV/workspace/install/control_msgs/local/lib/python3.10/dist-packages/control_msgs/srv/__init__.py
[176.586s] -- Symlinking: /home/pinet/SLAM_AGV/workspace/install/control_msgs/local/lib/python3.10/dist-packages/control_msgs/srv/_query_calibration_state.py
[176.618s] -- Symlinking: /home/pinet/SLAM_AGV/workspace/install/control_msgs/local/lib/python3.10/dist-packages/control_msgs/srv/_query_calibration_state_s.c
[176.647s] -- Symlinking: /home/pinet/SLAM_AGV/workspace/install/control_msgs/local/lib/python3.10/dist-packages/control_msgs/srv/_query_trajectory_state.py
[176.678s] -- Symlinking: /home/pinet/SLAM_AGV/workspace/install/control_msgs/local/lib/python3.10/dist-packages/control_msgs/srv/_query_trajectory_state_s.c
[176.708s] -- Up-to-date symlink: /home/pinet/SLAM_AGV/workspace/install/control_msgs/local/lib/python3.10/dist-packages/control_msgs/control_msgs_s__rosidl_typesupport_fastrtps_c.cpython-310-aarch64-linux-gnu.so
[176.709s] -- Up-to-date symlink: /home/pinet/SLAM_AGV/workspace/install/control_msgs/local/lib/python3.10/dist-packages/control_msgs/control_msgs_s__rosidl_typesupport_introspection_c.cpython-310-aarch64-linux-gnu.so
[176.710s] -- Up-to-date symlink: /home/pinet/SLAM_AGV/workspace/install/control_msgs/local/lib/python3.10/dist-packages/control_msgs/control_msgs_s__rosidl_typesupport_c.cpython-310-aarch64-linux-gnu.so
[176.712s] -- Symlinking: /home/pinet/SLAM_AGV/workspace/install/control_msgs/share/control_msgs/action/ParallelGripperCommand.idl
[176.743s] -- Symlinking: /home/pinet/SLAM_AGV/workspace/install/control_msgs/share/control_msgs/action/FollowJointTrajectory.idl
[176.773s] -- Symlinking: /home/pinet/SLAM_AGV/workspace/install/control_msgs/share/control_msgs/action/GripperCommand.idl
[176.802s] -- Symlinking: /home/pinet/SLAM_AGV/workspace/install/control_msgs/share/control_msgs/action/JointTrajectory.idl
[176.833s] -- Symlinking: /home/pinet/SLAM_AGV/workspace/install/control_msgs/share/control_msgs/action/PointHead.idl
[176.862s] -- Symlinking: /home/pinet/SLAM_AGV/workspace/install/control_msgs/share/control_msgs/action/SingleJointPosition.idl
[176.893s] -- Symlinking: /home/pinet/SLAM_AGV/workspace/install/control_msgs/share/control_msgs/msg/AdmittanceControllerState.idl
[176.923s] -- Symlinking: /home/pinet/SLAM_AGV/workspace/install/control_msgs/share/control_msgs/msg/DynamicInterfaceGroupValues.idl
[176.953s] -- Symlinking: /home/pinet/SLAM_AGV/workspace/install/control_msgs/share/control_msgs/msg/DynamicJointState.idl
[176.984s] -- Symlinking: /home/pinet/SLAM_AGV/workspace/install/control_msgs/share/control_msgs/msg/GripperCommand.idl
[177.014s] -- Symlinking: /home/pinet/SLAM_AGV/workspace/install/control_msgs/share/control_msgs/msg/InterfaceValue.idl
[177.045s] -- Symlinking: /home/pinet/SLAM_AGV/workspace/install/control_msgs/share/control_msgs/msg/JointComponentTolerance.idl
[177.074s] -- Symlinking: /home/pinet/SLAM_AGV/workspace/install/control_msgs/share/control_msgs/msg/JointControllerState.idl
[177.106s] -- Symlinking: /home/pinet/SLAM_AGV/workspace/install/control_msgs/share/control_msgs/msg/JointJog.idl
[177.135s] -- Symlinking: /home/pinet/SLAM_AGV/workspace/install/control_msgs/share/control_msgs/msg/JointTolerance.idl
[177.167s] -- Symlinking: /home/pinet/SLAM_AGV/workspace/install/control_msgs/share/control_msgs/msg/JointTrajectoryControllerState.idl
[177.197s] -- Symlinking: /home/pinet/SLAM_AGV/workspace/install/control_msgs/share/control_msgs/msg/MecanumDriveControllerState.idl
[177.226s] -- Symlinking: /home/pinet/SLAM_AGV/workspace/install/control_msgs/share/control_msgs/msg/MultiDOFCommand.idl
[177.258s] -- Symlinking: /home/pinet/SLAM_AGV/workspace/install/control_msgs/share/control_msgs/msg/MultiDOFStateStamped.idl
[177.287s] -- Symlinking: /home/pinet/SLAM_AGV/workspace/install/control_msgs/share/control_msgs/msg/PidState.idl
[177.317s] -- Symlinking: /home/pinet/SLAM_AGV/workspace/install/control_msgs/share/control_msgs/msg/SingleDOFState.idl
[177.346s] -- Symlinking: /home/pinet/SLAM_AGV/workspace/install/control_msgs/share/control_msgs/msg/SingleDOFStateStamped.idl
[177.375s] -- Symlinking: /home/pinet/SLAM_AGV/workspace/install/control_msgs/share/control_msgs/msg/SteeringControllerStatus.idl
[177.405s] -- Symlinking: /home/pinet/SLAM_AGV/workspace/install/control_msgs/share/control_msgs/srv/QueryCalibrationState.idl
[177.435s] -- Symlinking: /home/pinet/SLAM_AGV/workspace/install/control_msgs/share/control_msgs/srv/QueryTrajectoryState.idl
[177.464s] -- Symlinking: /home/pinet/SLAM_AGV/workspace/install/control_msgs/share/control_msgs/action/ParallelGripperCommand.action
[177.493s] -- Symlinking: /home/pinet/SLAM_AGV/workspace/install/control_msgs/share/control_msgs/action/FollowJointTrajectory.action
[177.524s] -- Symlinking: /home/pinet/SLAM_AGV/workspace/install/control_msgs/share/control_msgs/action/GripperCommand.action
[177.553s] -- Symlinking: /home/pinet/SLAM_AGV/workspace/install/control_msgs/share/control_msgs/action/JointTrajectory.action
[177.582s] -- Symlinking: /home/pinet/SLAM_AGV/workspace/install/control_msgs/share/control_msgs/action/PointHead.action
[177.612s] -- Symlinking: /home/pinet/SLAM_AGV/workspace/install/control_msgs/share/control_msgs/action/SingleJointPosition.action
[177.642s] -- Symlinking: /home/pinet/SLAM_AGV/workspace/install/control_msgs/share/control_msgs/msg/AdmittanceControllerState.msg
[177.672s] -- Symlinking: /home/pinet/SLAM_AGV/workspace/install/control_msgs/share/control_msgs/msg/DynamicInterfaceGroupValues.msg
[177.702s] -- Symlinking: /home/pinet/SLAM_AGV/workspace/install/control_msgs/share/control_msgs/msg/DynamicJointState.msg
[177.732s] -- Symlinking: /home/pinet/SLAM_AGV/workspace/install/control_msgs/share/control_msgs/msg/GripperCommand.msg
[177.763s] -- Symlinking: /home/pinet/SLAM_AGV/workspace/install/control_msgs/share/control_msgs/msg/InterfaceValue.msg
[177.792s] -- Symlinking: /home/pinet/SLAM_AGV/workspace/install/control_msgs/share/control_msgs/msg/JointComponentTolerance.msg
[177.821s] -- Symlinking: /home/pinet/SLAM_AGV/workspace/install/control_msgs/share/control_msgs/msg/JointControllerState.msg
[177.853s] -- Symlinking: /home/pinet/SLAM_AGV/workspace/install/control_msgs/share/control_msgs/msg/JointJog.msg
[177.883s] -- Symlinking: /home/pinet/SLAM_AGV/workspace/install/control_msgs/share/control_msgs/msg/JointTolerance.msg
[177.912s] -- Symlinking: /home/pinet/SLAM_AGV/workspace/install/control_msgs/share/control_msgs/msg/JointTrajectoryControllerState.msg
[177.943s] -- Symlinking: /home/pinet/SLAM_AGV/workspace/install/control_msgs/share/control_msgs/msg/MecanumDriveControllerState.msg
[177.972s] -- Symlinking: /home/pinet/SLAM_AGV/workspace/install/control_msgs/share/control_msgs/msg/MultiDOFCommand.msg
[178.002s] -- Symlinking: /home/pinet/SLAM_AGV/workspace/install/control_msgs/share/control_msgs/msg/MultiDOFStateStamped.msg
[178.031s] -- Symlinking: /home/pinet/SLAM_AGV/workspace/install/control_msgs/share/control_msgs/msg/PidState.msg
[178.062s] -- Symlinking: /home/pinet/SLAM_AGV/workspace/install/control_msgs/share/control_msgs/msg/SingleDOFState.msg
[178.092s] -- Symlinking: /home/pinet/SLAM_AGV/workspace/install/control_msgs/share/control_msgs/msg/SingleDOFStateStamped.msg
[178.122s] -- Symlinking: /home/pinet/SLAM_AGV/workspace/install/control_msgs/share/control_msgs/msg/SteeringControllerStatus.msg
[178.152s] -- Symlinking: /home/pinet/SLAM_AGV/workspace/install/control_msgs/share/control_msgs/srv/QueryCalibrationState.srv
[178.181s] -- Symlinking: /home/pinet/SLAM_AGV/workspace/install/control_msgs/share/control_msgs/srv/QueryCalibrationState_Request.msg
[178.213s] -- Symlinking: /home/pinet/SLAM_AGV/workspace/install/control_msgs/share/control_msgs/srv/QueryCalibrationState_Response.msg
[178.241s] -- Symlinking: /home/pinet/SLAM_AGV/workspace/install/control_msgs/share/control_msgs/srv/QueryTrajectoryState.srv
[178.271s] -- Symlinking: /home/pinet/SLAM_AGV/workspace/install/control_msgs/share/control_msgs/srv/QueryTrajectoryState_Request.msg
[178.300s] -- Symlinking: /home/pinet/SLAM_AGV/workspace/install/control_msgs/share/control_msgs/srv/QueryTrajectoryState_Response.msg
[178.333s] -- Symlinking: /home/pinet/SLAM_AGV/workspace/install/control_msgs/share/ament_index/resource_index/package_run_dependencies/control_msgs
[178.363s] -- Symlinking: /home/pinet/SLAM_AGV/workspace/install/control_msgs/share/ament_index/resource_index/parent_prefix_path/control_msgs
[178.393s] -- Symlinking: /home/pinet/SLAM_AGV/workspace/install/control_msgs/share/control_msgs/environment/ament_prefix_path.sh
[178.422s] -- Symlinking: /home/pinet/SLAM_AGV/workspace/install/control_msgs/share/control_msgs/environment/ament_prefix_path.dsv
[178.452s] -- Symlinking: /home/pinet/SLAM_AGV/workspace/install/control_msgs/share/control_msgs/environment/path.sh
[178.481s] -- Symlinking: /home/pinet/SLAM_AGV/workspace/install/control_msgs/share/control_msgs/environment/path.dsv
[178.511s] -- Symlinking: /home/pinet/SLAM_AGV/workspace/install/control_msgs/share/control_msgs/local_setup.bash
[178.541s] -- Symlinking: /home/pinet/SLAM_AGV/workspace/install/control_msgs/share/control_msgs/local_setup.sh
[178.571s] -- Symlinking: /home/pinet/SLAM_AGV/workspace/install/control_msgs/share/control_msgs/local_setup.zsh
[178.601s] -- Symlinking: /home/pinet/SLAM_AGV/workspace/install/control_msgs/share/control_msgs/local_setup.dsv
[178.631s] -- Symlinking: /home/pinet/SLAM_AGV/workspace/install/control_msgs/share/control_msgs/package.dsv
[178.661s] -- Symlinking: /home/pinet/SLAM_AGV/workspace/install/control_msgs/share/ament_index/resource_index/packages/control_msgs
[178.690s] -- Symlinking: /home/pinet/SLAM_AGV/workspace/install/control_msgs/share/control_msgs/cmake/rosidl_cmake-extras.cmake
[178.722s] -- Symlinking: /home/pinet/SLAM_AGV/workspace/install/control_msgs/share/control_msgs/cmake/ament_cmake_export_dependencies-extras.cmake
[178.752s] -- Symlinking: /home/pinet/SLAM_AGV/workspace/install/control_msgs/share/control_msgs/cmake/ament_cmake_export_include_directories-extras.cmake
[178.781s] -- Symlinking: /home/pinet/SLAM_AGV/workspace/install/control_msgs/share/control_msgs/cmake/ament_cmake_export_libraries-extras.cmake
[178.810s] -- Symlinking: /home/pinet/SLAM_AGV/workspace/install/control_msgs/share/control_msgs/cmake/ament_cmake_export_targets-extras.cmake
[178.842s] -- Symlinking: /home/pinet/SLAM_AGV/workspace/install/control_msgs/share/control_msgs/cmake/rosidl_cmake_export_typesupport_targets-extras.cmake
[178.871s] -- Symlinking: /home/pinet/SLAM_AGV/workspace/install/control_msgs/share/control_msgs/cmake/rosidl_cmake_export_typesupport_libraries-extras.cmake
[178.902s] -- Symlinking: /home/pinet/SLAM_AGV/workspace/install/control_msgs/share/control_msgs/cmake/control_msgsConfig.cmake
[178.931s] -- Symlinking: /home/pinet/SLAM_AGV/workspace/install/control_msgs/share/control_msgs/cmake/control_msgsConfig-version.cmake
[178.962s] -- Symlinking: /home/pinet/SLAM_AGV/workspace/install/control_msgs/share/control_msgs/package.xml
[178.991s] -- Installing: /home/pinet/SLAM_AGV/workspace/install/control_msgs/lib/libcontrol_msgs__rosidl_generator_c.so
[178.998s] -- Set runtime path of "/home/pinet/SLAM_AGV/workspace/install/control_msgs/lib/libcontrol_msgs__rosidl_generator_c.so" to ""
[178.998s] -- Installing: /home/pinet/SLAM_AGV/workspace/install/control_msgs/lib/libcontrol_msgs__rosidl_typesupport_fastrtps_c.so
[179.005s] -- Set runtime path of "/home/pinet/SLAM_AGV/workspace/install/control_msgs/lib/libcontrol_msgs__rosidl_typesupport_fastrtps_c.so" to ""
[179.006s] -- Installing: /home/pinet/SLAM_AGV/workspace/install/control_msgs/lib/libcontrol_msgs__rosidl_typesupport_fastrtps_cpp.so
[179.014s] -- Set runtime path of "/home/pinet/SLAM_AGV/workspace/install/control_msgs/lib/libcontrol_msgs__rosidl_typesupport_fastrtps_cpp.so" to ""
[179.014s] -- Installing: /home/pinet/SLAM_AGV/workspace/install/control_msgs/lib/libcontrol_msgs__rosidl_typesupport_introspection_c.so
[179.019s] -- Set runtime path of "/home/pinet/SLAM_AGV/workspace/install/control_msgs/lib/libcontrol_msgs__rosidl_typesupport_introspection_c.so" to ""
[179.019s] -- Installing: /home/pinet/SLAM_AGV/workspace/install/control_msgs/lib/libcontrol_msgs__rosidl_typesupport_c.so
[179.023s] -- Set runtime path of "/home/pinet/SLAM_AGV/workspace/install/control_msgs/lib/libcontrol_msgs__rosidl_typesupport_c.so" to ""
[179.023s] -- Installing: /home/pinet/SLAM_AGV/workspace/install/control_msgs/lib/libcontrol_msgs__rosidl_typesupport_introspection_cpp.so
[179.031s] -- Set runtime path of "/home/pinet/SLAM_AGV/workspace/install/control_msgs/lib/libcontrol_msgs__rosidl_typesupport_introspection_cpp.so" to ""
[179.031s] -- Installing: /home/pinet/SLAM_AGV/workspace/install/control_msgs/lib/libcontrol_msgs__rosidl_typesupport_cpp.so
[179.035s] -- Set runtime path of "/home/pinet/SLAM_AGV/workspace/install/control_msgs/lib/libcontrol_msgs__rosidl_typesupport_cpp.so" to ""
[179.421s] Listing '/home/pinet/SLAM_AGV/workspace/install/control_msgs/local/lib/python3.10/dist-packages/control_msgs'...
[179.422s] Compiling '/home/pinet/SLAM_AGV/workspace/install/control_msgs/local/lib/python3.10/dist-packages/control_msgs/__init__.py'...
[179.422s] Listing '/home/pinet/SLAM_AGV/workspace/install/control_msgs/local/lib/python3.10/dist-packages/control_msgs/action'...
[179.423s] Compiling '/home/pinet/SLAM_AGV/workspace/install/control_msgs/local/lib/python3.10/dist-packages/control_msgs/action/__init__.py'...
[179.424s] Compiling '/home/pinet/SLAM_AGV/workspace/install/control_msgs/local/lib/python3.10/dist-packages/control_msgs/action/_follow_joint_trajectory.py'...
[179.425s] Compiling '/home/pinet/SLAM_AGV/workspace/install/control_msgs/local/lib/python3.10/dist-packages/control_msgs/action/_gripper_command.py'...
[179.426s] Compiling '/home/pinet/SLAM_AGV/workspace/install/control_msgs/local/lib/python3.10/dist-packages/control_msgs/action/_joint_trajectory.py'...
[179.427s] Compiling '/home/pinet/SLAM_AGV/workspace/install/control_msgs/local/lib/python3.10/dist-packages/control_msgs/action/_parallel_gripper_command.py'...
[179.428s] Compiling '/home/pinet/SLAM_AGV/workspace/install/control_msgs/local/lib/python3.10/dist-packages/control_msgs/action/_point_head.py'...
[179.428s] Compiling '/home/pinet/SLAM_AGV/workspace/install/control_msgs/local/lib/python3.10/dist-packages/control_msgs/action/_single_joint_position.py'...
[179.429s] Listing '/home/pinet/SLAM_AGV/workspace/install/control_msgs/local/lib/python3.10/dist-packages/control_msgs/msg'...
[179.430s] Compiling '/home/pinet/SLAM_AGV/workspace/install/control_msgs/local/lib/python3.10/dist-packages/control_msgs/msg/__init__.py'...
[179.431s] Compiling '/home/pinet/SLAM_AGV/workspace/install/control_msgs/local/lib/python3.10/dist-packages/control_msgs/msg/_admittance_controller_state.py'...
[179.432s] Compiling '/home/pinet/SLAM_AGV/workspace/install/control_msgs/local/lib/python3.10/dist-packages/control_msgs/msg/_dynamic_interface_group_values.py'...
[179.432s] Compiling '/home/pinet/SLAM_AGV/workspace/install/control_msgs/local/lib/python3.10/dist-packages/control_msgs/msg/_dynamic_joint_state.py'...
[179.433s] Compiling '/home/pinet/SLAM_AGV/workspace/install/control_msgs/local/lib/python3.10/dist-packages/control_msgs/msg/_gripper_command.py'...
[179.433s] Compiling '/home/pinet/SLAM_AGV/workspace/install/control_msgs/local/lib/python3.10/dist-packages/control_msgs/msg/_interface_value.py'...
[179.434s] Compiling '/home/pinet/SLAM_AGV/workspace/install/control_msgs/local/lib/python3.10/dist-packages/control_msgs/msg/_joint_component_tolerance.py'...
[179.434s] Compiling '/home/pinet/SLAM_AGV/workspace/install/control_msgs/local/lib/python3.10/dist-packages/control_msgs/msg/_joint_controller_state.py'...
[179.435s] Compiling '/home/pinet/SLAM_AGV/workspace/install/control_msgs/local/lib/python3.10/dist-packages/control_msgs/msg/_joint_jog.py'...
[179.435s] Compiling '/home/pinet/SLAM_AGV/workspace/install/control_msgs/local/lib/python3.10/dist-packages/control_msgs/msg/_joint_tolerance.py'...
[179.436s] Compiling '/home/pinet/SLAM_AGV/workspace/install/control_msgs/local/lib/python3.10/dist-packages/control_msgs/msg/_joint_trajectory_controller_state.py'...
[179.436s] Compiling '/home/pinet/SLAM_AGV/workspace/install/control_msgs/local/lib/python3.10/dist-packages/control_msgs/msg/_mecanum_drive_controller_state.py'...
[179.436s] Compiling '/home/pinet/SLAM_AGV/workspace/install/control_msgs/local/lib/python3.10/dist-packages/control_msgs/msg/_multi_dof_command.py'...
[179.437s] Compiling '/home/pinet/SLAM_AGV/workspace/install/control_msgs/local/lib/python3.10/dist-packages/control_msgs/msg/_multi_dof_state_stamped.py'...
[179.438s] Compiling '/home/pinet/SLAM_AGV/workspace/install/control_msgs/local/lib/python3.10/dist-packages/control_msgs/msg/_pid_state.py'...
[179.438s] Compiling '/home/pinet/SLAM_AGV/workspace/install/control_msgs/local/lib/python3.10/dist-packages/control_msgs/msg/_single_dof_state.py'...
[179.439s] Compiling '/home/pinet/SLAM_AGV/workspace/install/control_msgs/local/lib/python3.10/dist-packages/control_msgs/msg/_single_dof_state_stamped.py'...
[179.440s] Compiling '/home/pinet/SLAM_AGV/workspace/install/control_msgs/local/lib/python3.10/dist-packages/control_msgs/msg/_steering_controller_status.py'...
[179.441s] Listing '/home/pinet/SLAM_AGV/workspace/install/control_msgs/local/lib/python3.10/dist-packages/control_msgs/srv'...
[179.441s] Compiling '/home/pinet/SLAM_AGV/workspace/install/control_msgs/local/lib/python3.10/dist-packages/control_msgs/srv/__init__.py'...
[179.442s] Compiling '/home/pinet/SLAM_AGV/workspace/install/control_msgs/local/lib/python3.10/dist-packages/control_msgs/srv/_query_calibration_state.py'...
[179.443s] Compiling '/home/pinet/SLAM_AGV/workspace/install/control_msgs/local/lib/python3.10/dist-packages/control_msgs/srv/_query_trajectory_state.py'...
[179.447s] -- Installing: /home/pinet/SLAM_AGV/workspace/install/control_msgs/lib/libcontrol_msgs__rosidl_generator_py.so
[179.452s] -- Set runtime path of "/home/pinet/SLAM_AGV/workspace/install/control_msgs/lib/libcontrol_msgs__rosidl_generator_py.so" to ""
[179.452s] -- Installing: /home/pinet/SLAM_AGV/workspace/install/control_msgs/share/control_msgs/cmake/export_control_msgs__rosidl_generator_cExport.cmake
[179.454s] -- Installing: /home/pinet/SLAM_AGV/workspace/install/control_msgs/share/control_msgs/cmake/export_control_msgs__rosidl_generator_cExport-noconfig.cmake
[179.455s] -- Installing: /home/pinet/SLAM_AGV/workspace/install/control_msgs/share/control_msgs/cmake/export_control_msgs__rosidl_typesupport_fastrtps_cExport.cmake
[179.457s] -- Installing: /home/pinet/SLAM_AGV/workspace/install/control_msgs/share/control_msgs/cmake/export_control_msgs__rosidl_typesupport_fastrtps_cExport-noconfig.cmake
[179.458s] -- Installing: /home/pinet/SLAM_AGV/workspace/install/control_msgs/share/control_msgs/cmake/export_control_msgs__rosidl_generator_cppExport.cmake
[179.460s] -- Installing: /home/pinet/SLAM_AGV/workspace/install/control_msgs/share/control_msgs/cmake/export_control_msgs__rosidl_typesupport_fastrtps_cppExport.cmake
[179.461s] -- Installing: /home/pinet/SLAM_AGV/workspace/install/control_msgs/share/control_msgs/cmake/export_control_msgs__rosidl_typesupport_fastrtps_cppExport-noconfig.cmake
[179.463s] -- Installing: /home/pinet/SLAM_AGV/workspace/install/control_msgs/share/control_msgs/cmake/control_msgs__rosidl_typesupport_introspection_cExport.cmake
[179.464s] -- Installing: /home/pinet/SLAM_AGV/workspace/install/control_msgs/share/control_msgs/cmake/control_msgs__rosidl_typesupport_introspection_cExport-noconfig.cmake
[179.465s] -- Installing: /home/pinet/SLAM_AGV/workspace/install/control_msgs/share/control_msgs/cmake/control_msgs__rosidl_typesupport_cExport.cmake
[179.467s] -- Installing: /home/pinet/SLAM_AGV/workspace/install/control_msgs/share/control_msgs/cmake/control_msgs__rosidl_typesupport_cExport-noconfig.cmake
[179.468s] -- Installing: /home/pinet/SLAM_AGV/workspace/install/control_msgs/share/control_msgs/cmake/control_msgs__rosidl_typesupport_introspection_cppExport.cmake
[179.470s] -- Installing: /home/pinet/SLAM_AGV/workspace/install/control_msgs/share/control_msgs/cmake/control_msgs__rosidl_typesupport_introspection_cppExport-noconfig.cmake
[179.471s] -- Installing: /home/pinet/SLAM_AGV/workspace/install/control_msgs/share/control_msgs/cmake/control_msgs__rosidl_typesupport_cppExport.cmake
[179.472s] -- Installing: /home/pinet/SLAM_AGV/workspace/install/control_msgs/share/control_msgs/cmake/control_msgs__rosidl_typesupport_cppExport-noconfig.cmake
[179.474s] -- Installing: /home/pinet/SLAM_AGV/workspace/install/control_msgs/share/control_msgs/cmake/export_control_msgs__rosidl_generator_pyExport.cmake
[179.475s] -- Installing: /home/pinet/SLAM_AGV/workspace/install/control_msgs/share/control_msgs/cmake/export_control_msgs__rosidl_generator_pyExport-noconfig.cmake
[179.483s] Invoked command in '/home/pinet/SLAM_AGV/workspace/build/control_msgs' returned '0': CMAKE_PREFIX_PATH=/opt/ros/humble /usr/bin/cmake --install /home/pinet/SLAM_AGV/workspace/build/control_msgs
