[0.000000] (-) TimerEvent: {}
[0.001670] (-) JobUnselected: {'identifier': 'ackermann_steering_controller'}
[0.002209] (-) JobUnselected: {'identifier': 'admittance_controller'}
[0.002386] (-) JobUnselected: {'identifier': 'bicycle_steering_controller'}
[0.002467] (-) JobUnselected: {'identifier': 'columbus'}
[0.002541] (-) JobUnselected: {'identifier': 'diff_drive_controller'}
[0.002616] (-) JobUnselected: {'identifier': 'effort_controllers'}
[0.002688] (-) JobUnselected: {'identifier': 'force_torque_sensor_broadcaster'}
[0.002760] (-) JobUnselected: {'identifier': 'forward_command_controller'}
[0.002831] (-) JobUnselected: {'identifier': 'gpio_controllers'}
[0.002903] (-) JobUnselected: {'identifier': 'gripper_controllers'}
[0.002974] (-) JobUnselected: {'identifier': 'imu_sensor_broadcaster'}
[0.003046] (-) JobUnselected: {'identifier': 'joint_state_broadcaster'}
[0.003117] (-) JobUnselected: {'identifier': 'joint_trajectory_controller'}
[0.003188] (-) JobUnselected: {'identifier': 'joy_tester'}
[0.003259] (-) JobUnselected: {'identifier': 'mecanum_drive_controller'}
[0.003329] (-) JobUnselected: {'identifier': 'pi2stm_comms'}
[0.003410] (-) JobUnselected: {'identifier': 'pid_controller'}
[0.003485] (-) JobUnselected: {'identifier': 'pose_broadcaster'}
[0.003775] (-) JobUnselected: {'identifier': 'position_controllers'}
[0.003927] (-) JobUnselected: {'identifier': 'range_sensor_broadcaster'}
[0.004003] (-) JobUnselected: {'identifier': 'ros2_controllers'}
[0.004074] (-) JobUnselected: {'identifier': 'ros2_controllers_test_nodes'}
[0.004146] (-) JobUnselected: {'identifier': 'rqt_joint_trajectory_controller'}
[0.004217] (-) JobUnselected: {'identifier': 'steering_controllers_library'}
[0.004288] (-) JobUnselected: {'identifier': 'tricycle_controller'}
[0.004359] (-) JobUnselected: {'identifier': 'tricycle_steering_controller'}
[0.004428] (-) JobUnselected: {'identifier': 'twist_converter'}
[0.004499] (-) JobUnselected: {'identifier': 'velocity_controllers'}
[0.004578] (control_msgs) JobQueued: {'identifier': 'control_msgs', 'dependencies': OrderedDict()}
[0.004661] (control_msgs) JobStarted: {'identifier': 'control_msgs'}
[0.037906] (control_msgs) JobProgress: {'identifier': 'control_msgs', 'progress': 'cmake'}
[0.040193] (control_msgs) Command: {'cmd': ['/usr/bin/cmake', '/home/pinet/SLAM_AGV/workspace/src/control_msgs/control_msgs', '-DAMENT_CMAKE_SYMLINK_INSTALL=1', '-DCMAKE_INSTALL_PREFIX=/home/pinet/SLAM_AGV/workspace/install/control_msgs'], 'cwd': '/home/pinet/SLAM_AGV/workspace/build/control_msgs', 'env': OrderedDict([('LESSOPEN', '| /usr/bin/lesspipe %s'), ('TMUX', '/tmp/tmux-1000/default,1136,1'), ('USER', 'pinet'), ('SSH_CLIENT', '192.168.1.107 48042 22'), ('LC_TIME', 'en_GB.UTF-8'), ('XDG_SESSION_TYPE', 'tty'), ('SHLVL', '2'), ('LD_LIBRARY_PATH', '/opt/ros/humble/lib/aarch64-linux-gnu:/opt/ros/humble/lib'), ('MOTD_SHOWN', 'pam'), ('HOME', '/home/pinet'), ('OLDPWD', '/home/pinet/SLAM_AGV/workspace/src'), ('TERM_PROGRAM_VERSION', '3.2a'), ('SSH_TTY', '/dev/pts/0'), ('ROS_PYTHON_VERSION', '3'), ('LC_MONETARY', 'en_GB.UTF-8'), ('DBUS_SESSION_BUS_ADDRESS', 'unix:path=/run/user/1000/bus'), ('ROS_DISTRO', 'humble'), ('LOGNAME', 'pinet'), ('_', '/usr/bin/colcon'), ('ROS_VERSION', '2'), ('XDG_SESSION_CLASS', 'user'), ('TERM', 'screen'), ('XDG_SESSION_ID', '1'), ('ROS_LOCALHOST_ONLY', '0'), ('PATH', '/opt/ros/humble/bin:/usr/local/sbin:/usr/local/bin:/usr/sbin:/usr/bin:/sbin:/bin:/usr/games:/usr/local/games:/snap/bin'), ('LC_ADDRESS', 'en_GB.UTF-8'), ('XDG_RUNTIME_DIR', '/run/user/1000'), ('LANG', 'en_US.UTF-8'), ('LC_TELEPHONE', 'en_GB.UTF-8'), ('LS_COLORS', 'rs=0:di=01;34:ln=01;36:mh=00:pi=40;33:so=01;35:do=01;35:bd=40;33;01:cd=40;33;01:or=40;31;01:mi=00:su=37;41:sg=30;43:ca=30;41:tw=30;42:ow=34;42:st=37;44:ex=01;32:*.tar=01;31:*.tgz=01;31:*.arc=01;31:*.arj=01;31:*.taz=01;31:*.lha=01;31:*.lz4=01;31:*.lzh=01;31:*.lzma=01;31:*.tlz=01;31:*.txz=01;31:*.tzo=01;31:*.t7z=01;31:*.zip=01;31:*.z=01;31:*.dz=01;31:*.gz=01;31:*.lrz=01;31:*.lz=01;31:*.lzo=01;31:*.xz=01;31:*.zst=01;31:*.tzst=01;31:*.bz2=01;31:*.bz=01;31:*.tbz=01;31:*.tbz2=01;31:*.tz=01;31:*.deb=01;31:*.rpm=01;31:*.jar=01;31:*.war=01;31:*.ear=01;31:*.sar=01;31:*.rar=01;31:*.alz=01;31:*.ace=01;31:*.zoo=01;31:*.cpio=01;31:*.7z=01;31:*.rz=01;31:*.cab=01;31:*.wim=01;31:*.swm=01;31:*.dwm=01;31:*.esd=01;31:*.jpg=01;35:*.jpeg=01;35:*.mjpg=01;35:*.mjpeg=01;35:*.gif=01;35:*.bmp=01;35:*.pbm=01;35:*.pgm=01;35:*.ppm=01;35:*.tga=01;35:*.xbm=01;35:*.xpm=01;35:*.tif=01;35:*.tiff=01;35:*.png=01;35:*.svg=01;35:*.svgz=01;35:*.mng=01;35:*.pcx=01;35:*.mov=01;35:*.mpg=01;35:*.mpeg=01;35:*.m2v=01;35:*.mkv=01;35:*.webm=01;35:*.webp=01;35:*.ogm=01;35:*.mp4=01;35:*.m4v=01;35:*.mp4v=01;35:*.vob=01;35:*.qt=01;35:*.nuv=01;35:*.wmv=01;35:*.asf=01;35:*.rm=01;35:*.rmvb=01;35:*.flc=01;35:*.avi=01;35:*.fli=01;35:*.flv=01;35:*.gl=01;35:*.dl=01;35:*.xcf=01;35:*.xwd=01;35:*.yuv=01;35:*.cgm=01;35:*.emf=01;35:*.ogv=01;35:*.ogx=01;35:*.aac=00;36:*.au=00;36:*.flac=00;36:*.m4a=00;36:*.mid=00;36:*.midi=00;36:*.mka=00;36:*.mp3=00;36:*.mpc=00;36:*.ogg=00;36:*.ra=00;36:*.wav=00;36:*.oga=00;36:*.opus=00;36:*.spx=00;36:*.xspf=00;36:'), ('TERM_PROGRAM', 'tmux'), ('ROS_DOMAIN_ID', '0'), ('AMENT_PREFIX_PATH', '/opt/ros/humble'), ('SHELL', '/bin/bash'), ('LC_NAME', 'en_GB.UTF-8'), ('LESSCLOSE', '/usr/bin/lesspipe %s %s'), ('LC_MEASUREMENT', 'en_GB.UTF-8'), ('LC_IDENTIFICATION', 'en_GB.UTF-8'), ('PWD', '/home/pinet/SLAM_AGV/workspace/build/control_msgs'), ('LC_ALL', 'en_US.UTF-8'), ('SSH_CONNECTION', '192.168.1.107 50810 192.168.1.102 22'), ('XDG_DATA_DIRS', '/usr/local/share:/usr/share:/var/lib/snapd/desktop'), ('PYTHONPATH', '/opt/ros/humble/lib/python3.10/site-packages:/opt/ros/humble/local/lib/python3.10/dist-packages'), ('LC_NUMERIC', 'en_GB.UTF-8'), ('LC_PAPER', 'en_GB.UTF-8'), ('COLCON', '1'), ('TMUX_PANE', '%3'), ('CMAKE_PREFIX_PATH', '/opt/ros/humble')]), 'shell': False}
[0.098607] (-) TimerEvent: {}
[0.199381] (-) TimerEvent: {}
[0.288735] (control_msgs) StdoutLine: {'line': b'-- The C compiler identification is GNU 11.4.0\n'}
[0.299554] (-) TimerEvent: {}
[0.400354] (-) TimerEvent: {}
[0.501088] (-) TimerEvent: {}
[0.527591] (control_msgs) StdoutLine: {'line': b'-- The CXX compiler identification is GNU 11.4.0\n'}
[0.557747] (control_msgs) StdoutLine: {'line': b'-- Detecting C compiler ABI info\n'}
[0.601271] (-) TimerEvent: {}
[0.702096] (-) TimerEvent: {}
[0.802946] (-) TimerEvent: {}
[0.846798] (control_msgs) StdoutLine: {'line': b'-- Detecting C compiler ABI info - done\n'}
[0.873176] (control_msgs) StdoutLine: {'line': b'-- Check for working C compiler: /usr/bin/cc - skipped\n'}
[0.874022] (control_msgs) StdoutLine: {'line': b'-- Detecting C compile features\n'}
[0.875593] (control_msgs) StdoutLine: {'line': b'-- Detecting C compile features - done\n'}
[0.886119] (control_msgs) StdoutLine: {'line': b'-- Detecting CXX compiler ABI info\n'}
[0.903072] (-) TimerEvent: {}
[1.003730] (-) TimerEvent: {}
[1.104475] (-) TimerEvent: {}
[1.205612] (-) TimerEvent: {}
[1.206903] (control_msgs) StdoutLine: {'line': b'-- Detecting CXX compiler ABI info - done\n'}
[1.232812] (control_msgs) StdoutLine: {'line': b'-- Check for working CXX compiler: /usr/bin/c++ - skipped\n'}
[1.233747] (control_msgs) StdoutLine: {'line': b'-- Detecting CXX compile features\n'}
[1.235325] (control_msgs) StdoutLine: {'line': b'-- Detecting CXX compile features - done\n'}
[1.251081] (control_msgs) StdoutLine: {'line': b'-- Found action_msgs: 1.2.1 (/opt/ros/humble/share/action_msgs/cmake)\n'}
[1.305765] (-) TimerEvent: {}
[1.406625] (-) TimerEvent: {}
[1.507671] (-) TimerEvent: {}
[1.608713] (-) TimerEvent: {}
[1.709613] (-) TimerEvent: {}
[1.810345] (-) TimerEvent: {}
[1.908760] (control_msgs) StdoutLine: {'line': b'-- Found Python3: /usr/bin/python3 (found version "3.10.12") found components: Interpreter \n'}
[1.910502] (-) TimerEvent: {}
[2.011125] (-) TimerEvent: {}
[2.111753] (-) TimerEvent: {}
[2.174360] (control_msgs) StdoutLine: {'line': b'-- Override CMake install command with custom implementation using symlinks instead of copying resources\n'}
[2.211915] (-) TimerEvent: {}
[2.312566] (-) TimerEvent: {}
[2.413202] (-) TimerEvent: {}
[2.513954] (-) TimerEvent: {}
[2.605179] (control_msgs) StdoutLine: {'line': b'-- Found rosidl_generator_c: 3.1.6 (/opt/ros/humble/share/rosidl_generator_c/cmake)\n'}
[2.614081] (-) TimerEvent: {}
[2.641607] (control_msgs) StdoutLine: {'line': b'-- Found rosidl_adapter: 3.1.6 (/opt/ros/humble/share/rosidl_adapter/cmake)\n'}
[2.689513] (control_msgs) StdoutLine: {'line': b'-- Found rosidl_generator_cpp: 3.1.6 (/opt/ros/humble/share/rosidl_generator_cpp/cmake)\n'}
[2.714229] (-) TimerEvent: {}
[2.754454] (control_msgs) StdoutLine: {'line': b'-- Using all available rosidl_typesupport_c: rosidl_typesupport_fastrtps_c;rosidl_typesupport_introspection_c\n'}
[2.814382] (-) TimerEvent: {}
[2.841733] (control_msgs) StdoutLine: {'line': b'-- Using all available rosidl_typesupport_cpp: rosidl_typesupport_fastrtps_cpp;rosidl_typesupport_introspection_cpp\n'}
[2.914534] (-) TimerEvent: {}
[3.015164] (-) TimerEvent: {}
[3.018080] (control_msgs) StdoutLine: {'line': b'-- Found geometry_msgs: 4.2.4 (/opt/ros/humble/share/geometry_msgs/cmake)\n'}
[3.115342] (-) TimerEvent: {}
[3.139506] (control_msgs) StdoutLine: {'line': b'-- Found rosidl_default_generators: 1.2.0 (/opt/ros/humble/share/rosidl_default_generators/cmake)\n'}
[3.201815] (control_msgs) StdoutLine: {'line': b'-- Found sensor_msgs: 4.2.4 (/opt/ros/humble/share/sensor_msgs/cmake)\n'}
[3.215480] (-) TimerEvent: {}
[3.277824] (control_msgs) StdoutLine: {'line': b'-- Found trajectory_msgs: 4.2.4 (/opt/ros/humble/share/trajectory_msgs/cmake)\n'}
[3.315655] (-) TimerEvent: {}
[3.416304] (-) TimerEvent: {}
[3.517200] (-) TimerEvent: {}
[3.618230] (-) TimerEvent: {}
[3.718868] (-) TimerEvent: {}
[3.819476] (-) TimerEvent: {}
[3.920458] (-) TimerEvent: {}
[4.021055] (-) TimerEvent: {}
[4.121657] (-) TimerEvent: {}
[4.222267] (-) TimerEvent: {}
[4.322846] (-) TimerEvent: {}
[4.423429] (-) TimerEvent: {}
[4.524005] (-) TimerEvent: {}
[4.624723] (-) TimerEvent: {}
[4.725735] (-) TimerEvent: {}
[4.826363] (-) TimerEvent: {}
[4.927012] (-) TimerEvent: {}
[5.027863] (-) TimerEvent: {}
[5.128942] (-) TimerEvent: {}
[5.229589] (-) TimerEvent: {}
[5.330227] (-) TimerEvent: {}
[5.430843] (-) TimerEvent: {}
[5.503559] (control_msgs) StdoutLine: {'line': b'-- Found ament_cmake_cppcheck: 0.12.11 (/opt/ros/humble/share/ament_cmake_cppcheck/cmake)\n'}
[5.522639] (control_msgs) StdoutLine: {'line': b'-- Found ament_cmake_cpplint: 0.12.11 (/opt/ros/humble/share/ament_cmake_cpplint/cmake)\n'}
[5.531008] (-) TimerEvent: {}
[5.541883] (control_msgs) StdoutLine: {'line': b'-- Found ament_cmake_uncrustify: 0.12.11 (/opt/ros/humble/share/ament_cmake_uncrustify/cmake)\n'}
[5.562525] (control_msgs) StdoutLine: {'line': b'-- Found ament_cmake_ros: 0.10.0 (/opt/ros/humble/share/ament_cmake_ros/cmake)\n'}
[5.631173] (-) TimerEvent: {}
[5.731842] (-) TimerEvent: {}
[5.832524] (-) TimerEvent: {}
[5.933245] (-) TimerEvent: {}
[6.034041] (-) TimerEvent: {}
[6.134750] (-) TimerEvent: {}
[6.235392] (-) TimerEvent: {}
[6.336021] (-) TimerEvent: {}
[6.436642] (-) TimerEvent: {}
[6.537246] (-) TimerEvent: {}
[6.637938] (-) TimerEvent: {}
[6.738581] (-) TimerEvent: {}
[6.839189] (-) TimerEvent: {}
[6.939879] (-) TimerEvent: {}
[7.040519] (-) TimerEvent: {}
[7.141139] (-) TimerEvent: {}
[7.241809] (-) TimerEvent: {}
[7.342602] (-) TimerEvent: {}
[7.443236] (-) TimerEvent: {}
[7.543888] (-) TimerEvent: {}
[7.644508] (-) TimerEvent: {}
[7.745168] (-) TimerEvent: {}
[7.770830] (control_msgs) StdoutLine: {'line': b'-- Using all available rosidl_typesupport_c: rosidl_typesupport_fastrtps_c;rosidl_typesupport_introspection_c\n'}
[7.845340] (-) TimerEvent: {}
[7.946047] (-) TimerEvent: {}
[8.046661] (-) TimerEvent: {}
[8.147344] (-) TimerEvent: {}
[8.248032] (-) TimerEvent: {}
[8.348653] (-) TimerEvent: {}
[8.449260] (-) TimerEvent: {}
[8.550005] (-) TimerEvent: {}
[8.630036] (control_msgs) StdoutLine: {'line': b'-- Using all available rosidl_typesupport_cpp: rosidl_typesupport_fastrtps_cpp;rosidl_typesupport_introspection_cpp\n'}
[8.650162] (-) TimerEvent: {}
[8.736907] (control_msgs) StdoutLine: {'line': b'-- Found PythonInterp: /usr/bin/python3 (found suitable version "3.10.12", minimum required is "3.6") \n'}
[8.750285] (-) TimerEvent: {}
[8.755647] (control_msgs) StdoutLine: {'line': b'-- Found python_cmake_module: 0.10.0 (/opt/ros/humble/share/python_cmake_module/cmake)\n'}
[8.850462] (-) TimerEvent: {}
[8.905906] (control_msgs) StdoutLine: {'line': b'-- Found PythonLibs: /usr/lib/aarch64-linux-gnu/libpython3.10.so (found suitable version "3.10.12", minimum required is "3.5") \n'}
[8.906766] (control_msgs) StdoutLine: {'line': b'-- Using PYTHON_EXECUTABLE: /usr/bin/python3\n'}
[8.907187] (control_msgs) StdoutLine: {'line': b'-- Using PYTHON_INCLUDE_DIRS: /usr/include/python3.10\n'}
[8.907526] (control_msgs) StdoutLine: {'line': b'-- Using PYTHON_LIBRARIES: /usr/lib/aarch64-linux-gnu/libpython3.10.so\n'}
[8.950599] (-) TimerEvent: {}
[8.999933] (control_msgs) StdoutLine: {'line': b'-- Found PythonExtra: .so  \n'}
[9.050762] (-) TimerEvent: {}
[9.151426] (-) TimerEvent: {}
[9.252104] (-) TimerEvent: {}
[9.352807] (-) TimerEvent: {}
[9.376770] (control_msgs) StdoutLine: {'line': b'-- Found ament_cmake_flake8: 0.12.11 (/opt/ros/humble/share/ament_cmake_flake8/cmake)\n'}
[9.396290] (control_msgs) StdoutLine: {'line': b'-- Found ament_cmake_pep257: 0.12.11 (/opt/ros/humble/share/ament_cmake_pep257/cmake)\n'}
[9.453044] (-) TimerEvent: {}
[9.489882] (control_msgs) StdoutLine: {'line': b'-- Configuring done\n'}
[9.553257] (-) TimerEvent: {}
[9.653961] (-) TimerEvent: {}
[9.754598] (-) TimerEvent: {}
[9.855274] (-) TimerEvent: {}
[9.867384] (control_msgs) StdoutLine: {'line': b'-- Generating done\n'}
[9.932834] (control_msgs) StdoutLine: {'line': b'-- Build files have been written to: /home/pinet/SLAM_AGV/workspace/build/control_msgs\n'}
[9.955599] (-) TimerEvent: {}
[9.976575] (control_msgs) CommandEnded: {'returncode': 0}
[9.978477] (control_msgs) JobProgress: {'identifier': 'control_msgs', 'progress': 'build'}
[9.981020] (control_msgs) Command: {'cmd': ['/usr/bin/cmake', '--build', '/home/pinet/SLAM_AGV/workspace/build/control_msgs', '--', '-j4', '-l4'], 'cwd': '/home/pinet/SLAM_AGV/workspace/build/control_msgs', 'env': OrderedDict([('LESSOPEN', '| /usr/bin/lesspipe %s'), ('TMUX', '/tmp/tmux-1000/default,1136,1'), ('USER', 'pinet'), ('SSH_CLIENT', '192.168.1.107 48042 22'), ('LC_TIME', 'en_GB.UTF-8'), ('XDG_SESSION_TYPE', 'tty'), ('SHLVL', '2'), ('LD_LIBRARY_PATH', '/opt/ros/humble/lib/aarch64-linux-gnu:/opt/ros/humble/lib'), ('MOTD_SHOWN', 'pam'), ('HOME', '/home/pinet'), ('OLDPWD', '/home/pinet/SLAM_AGV/workspace/src'), ('TERM_PROGRAM_VERSION', '3.2a'), ('SSH_TTY', '/dev/pts/0'), ('ROS_PYTHON_VERSION', '3'), ('LC_MONETARY', 'en_GB.UTF-8'), ('DBUS_SESSION_BUS_ADDRESS', 'unix:path=/run/user/1000/bus'), ('ROS_DISTRO', 'humble'), ('LOGNAME', 'pinet'), ('_', '/usr/bin/colcon'), ('ROS_VERSION', '2'), ('XDG_SESSION_CLASS', 'user'), ('TERM', 'screen'), ('XDG_SESSION_ID', '1'), ('ROS_LOCALHOST_ONLY', '0'), ('PATH', '/opt/ros/humble/bin:/usr/local/sbin:/usr/local/bin:/usr/sbin:/usr/bin:/sbin:/bin:/usr/games:/usr/local/games:/snap/bin'), ('LC_ADDRESS', 'en_GB.UTF-8'), ('XDG_RUNTIME_DIR', '/run/user/1000'), ('LANG', 'en_US.UTF-8'), ('LC_TELEPHONE', 'en_GB.UTF-8'), ('LS_COLORS', 'rs=0:di=01;34:ln=01;36:mh=00:pi=40;33:so=01;35:do=01;35:bd=40;33;01:cd=40;33;01:or=40;31;01:mi=00:su=37;41:sg=30;43:ca=30;41:tw=30;42:ow=34;42:st=37;44:ex=01;32:*.tar=01;31:*.tgz=01;31:*.arc=01;31:*.arj=01;31:*.taz=01;31:*.lha=01;31:*.lz4=01;31:*.lzh=01;31:*.lzma=01;31:*.tlz=01;31:*.txz=01;31:*.tzo=01;31:*.t7z=01;31:*.zip=01;31:*.z=01;31:*.dz=01;31:*.gz=01;31:*.lrz=01;31:*.lz=01;31:*.lzo=01;31:*.xz=01;31:*.zst=01;31:*.tzst=01;31:*.bz2=01;31:*.bz=01;31:*.tbz=01;31:*.tbz2=01;31:*.tz=01;31:*.deb=01;31:*.rpm=01;31:*.jar=01;31:*.war=01;31:*.ear=01;31:*.sar=01;31:*.rar=01;31:*.alz=01;31:*.ace=01;31:*.zoo=01;31:*.cpio=01;31:*.7z=01;31:*.rz=01;31:*.cab=01;31:*.wim=01;31:*.swm=01;31:*.dwm=01;31:*.esd=01;31:*.jpg=01;35:*.jpeg=01;35:*.mjpg=01;35:*.mjpeg=01;35:*.gif=01;35:*.bmp=01;35:*.pbm=01;35:*.pgm=01;35:*.ppm=01;35:*.tga=01;35:*.xbm=01;35:*.xpm=01;35:*.tif=01;35:*.tiff=01;35:*.png=01;35:*.svg=01;35:*.svgz=01;35:*.mng=01;35:*.pcx=01;35:*.mov=01;35:*.mpg=01;35:*.mpeg=01;35:*.m2v=01;35:*.mkv=01;35:*.webm=01;35:*.webp=01;35:*.ogm=01;35:*.mp4=01;35:*.m4v=01;35:*.mp4v=01;35:*.vob=01;35:*.qt=01;35:*.nuv=01;35:*.wmv=01;35:*.asf=01;35:*.rm=01;35:*.rmvb=01;35:*.flc=01;35:*.avi=01;35:*.fli=01;35:*.flv=01;35:*.gl=01;35:*.dl=01;35:*.xcf=01;35:*.xwd=01;35:*.yuv=01;35:*.cgm=01;35:*.emf=01;35:*.ogv=01;35:*.ogx=01;35:*.aac=00;36:*.au=00;36:*.flac=00;36:*.m4a=00;36:*.mid=00;36:*.midi=00;36:*.mka=00;36:*.mp3=00;36:*.mpc=00;36:*.ogg=00;36:*.ra=00;36:*.wav=00;36:*.oga=00;36:*.opus=00;36:*.spx=00;36:*.xspf=00;36:'), ('TERM_PROGRAM', 'tmux'), ('ROS_DOMAIN_ID', '0'), ('AMENT_PREFIX_PATH', '/opt/ros/humble'), ('SHELL', '/bin/bash'), ('LC_NAME', 'en_GB.UTF-8'), ('LESSCLOSE', '/usr/bin/lesspipe %s %s'), ('LC_MEASUREMENT', 'en_GB.UTF-8'), ('LC_IDENTIFICATION', 'en_GB.UTF-8'), ('PWD', '/home/pinet/SLAM_AGV/workspace/build/control_msgs'), ('LC_ALL', 'en_US.UTF-8'), ('SSH_CONNECTION', '192.168.1.107 50810 192.168.1.102 22'), ('XDG_DATA_DIRS', '/usr/local/share:/usr/share:/var/lib/snapd/desktop'), ('PYTHONPATH', '/opt/ros/humble/lib/python3.10/site-packages:/opt/ros/humble/local/lib/python3.10/dist-packages'), ('LC_NUMERIC', 'en_GB.UTF-8'), ('LC_PAPER', 'en_GB.UTF-8'), ('COLCON', '1'), ('TMUX_PANE', '%3'), ('CMAKE_PREFIX_PATH', '/opt/ros/humble')]), 'shell': False}
[10.055806] (-) TimerEvent: {}
[10.156632] (-) TimerEvent: {}
[10.178376] (control_msgs) StdoutLine: {'line': b'[  1%] \x1b[34m\x1b[1mGenerating C code for ROS interfaces\x1b[0m\n'}
[10.223833] (control_msgs) StdoutLine: {'line': b'[  1%] \x1b[34m\x1b[1mGenerating C++ code for ROS interfaces\x1b[0m\n'}
[10.242258] (control_msgs) StdoutLine: {'line': b'[  1%] Built target ament_cmake_python_symlink_control_msgs\n'}
[10.256808] (-) TimerEvent: {}
[10.357670] (-) TimerEvent: {}
[10.460146] (-) TimerEvent: {}
[10.562969] (-) TimerEvent: {}
[10.663731] (-) TimerEvent: {}
[10.764518] (-) TimerEvent: {}
[10.865316] (-) TimerEvent: {}
[10.966801] (-) TimerEvent: {}
[11.067555] (-) TimerEvent: {}
[11.168312] (-) TimerEvent: {}
[11.269107] (-) TimerEvent: {}
[11.369849] (-) TimerEvent: {}
[11.455537] (control_msgs) StdoutLine: {'line': b'running egg_info\n'}
[11.458714] (control_msgs) StdoutLine: {'line': b'creating control_msgs.egg-info\n'}
[11.460330] (control_msgs) StdoutLine: {'line': b'writing control_msgs.egg-info/PKG-INFO\n'}
[11.462046] (control_msgs) StdoutLine: {'line': b'writing dependency_links to control_msgs.egg-info/dependency_links.txt\n'}
[11.463820] (control_msgs) StdoutLine: {'line': b'writing top-level names to control_msgs.egg-info/top_level.txt\n'}
[11.466230] (control_msgs) StdoutLine: {'line': b"writing manifest file 'control_msgs.egg-info/SOURCES.txt'\n"}
[11.470064] (-) TimerEvent: {}
[11.478796] (control_msgs) StdoutLine: {'line': b"reading manifest file 'control_msgs.egg-info/SOURCES.txt'\n"}
[11.482410] (control_msgs) StdoutLine: {'line': b"writing manifest file 'control_msgs.egg-info/SOURCES.txt'\n"}
[11.570257] (-) TimerEvent: {}
[11.615325] (control_msgs) StdoutLine: {'line': b'[  1%] Built target ament_cmake_python_build_control_msgs_egg\n'}
[11.670432] (-) TimerEvent: {}
[11.772408] (-) TimerEvent: {}
[11.873102] (-) TimerEvent: {}
[11.973791] (-) TimerEvent: {}
[12.074573] (-) TimerEvent: {}
[12.175279] (-) TimerEvent: {}
[12.275984] (-) TimerEvent: {}
[12.376714] (-) TimerEvent: {}
[12.477472] (-) TimerEvent: {}
[12.578192] (-) TimerEvent: {}
[12.678915] (-) TimerEvent: {}
[12.779679] (-) TimerEvent: {}
[12.880358] (-) TimerEvent: {}
[12.981052] (-) TimerEvent: {}
[13.081735] (-) TimerEvent: {}
[13.182457] (-) TimerEvent: {}
[13.283136] (-) TimerEvent: {}
[13.383827] (-) TimerEvent: {}
[13.484536] (-) TimerEvent: {}
[13.585185] (-) TimerEvent: {}
[13.685861] (-) TimerEvent: {}
[13.786562] (-) TimerEvent: {}
[13.887245] (-) TimerEvent: {}
[13.988250] (-) TimerEvent: {}
[14.088961] (-) TimerEvent: {}
[14.189774] (-) TimerEvent: {}
[14.290467] (-) TimerEvent: {}
[14.391074] (-) TimerEvent: {}
[14.491729] (-) TimerEvent: {}
[14.592380] (-) TimerEvent: {}
[14.692997] (-) TimerEvent: {}
[14.793636] (-) TimerEvent: {}
[14.894312] (-) TimerEvent: {}
[14.994969] (-) TimerEvent: {}
[15.095657] (-) TimerEvent: {}
[15.196292] (-) TimerEvent: {}
[15.296955] (-) TimerEvent: {}
[15.397556] (-) TimerEvent: {}
[15.498206] (-) TimerEvent: {}
[15.598820] (-) TimerEvent: {}
[15.699411] (-) TimerEvent: {}
[15.800014] (-) TimerEvent: {}
[15.900685] (-) TimerEvent: {}
[16.001295] (-) TimerEvent: {}
[16.101980] (-) TimerEvent: {}
[16.202653] (-) TimerEvent: {}
[16.303384] (-) TimerEvent: {}
[16.404062] (-) TimerEvent: {}
[16.504765] (-) TimerEvent: {}
[16.605414] (-) TimerEvent: {}
[16.706102] (-) TimerEvent: {}
[16.806759] (-) TimerEvent: {}
[16.907427] (-) TimerEvent: {}
[17.008119] (-) TimerEvent: {}
[17.108883] (-) TimerEvent: {}
[17.209561] (-) TimerEvent: {}
[17.310251] (-) TimerEvent: {}
[17.410977] (-) TimerEvent: {}
[17.511683] (-) TimerEvent: {}
[17.612347] (-) TimerEvent: {}
[17.712974] (-) TimerEvent: {}
[17.813593] (-) TimerEvent: {}
[17.914371] (-) TimerEvent: {}
[18.015330] (-) TimerEvent: {}
[18.116031] (-) TimerEvent: {}
[18.216696] (-) TimerEvent: {}
[18.317412] (-) TimerEvent: {}
[18.418140] (-) TimerEvent: {}
[18.518798] (-) TimerEvent: {}
[18.619446] (-) TimerEvent: {}
[18.720082] (-) TimerEvent: {}
[18.820722] (-) TimerEvent: {}
[18.921411] (-) TimerEvent: {}
[19.022079] (-) TimerEvent: {}
[19.122778] (-) TimerEvent: {}
[19.223438] (-) TimerEvent: {}
[19.324045] (-) TimerEvent: {}
[19.424680] (-) TimerEvent: {}
[19.525368] (-) TimerEvent: {}
[19.626072] (-) TimerEvent: {}
[19.726788] (-) TimerEvent: {}
[19.827374] (-) TimerEvent: {}
[19.928043] (-) TimerEvent: {}
[20.028711] (-) TimerEvent: {}
[20.129382] (-) TimerEvent: {}
[20.230255] (-) TimerEvent: {}
[20.330910] (-) TimerEvent: {}
[20.431529] (-) TimerEvent: {}
[20.532187] (-) TimerEvent: {}
[20.632890] (-) TimerEvent: {}
[20.733561] (-) TimerEvent: {}
[20.834208] (-) TimerEvent: {}
[20.935009] (-) TimerEvent: {}
[21.035823] (-) TimerEvent: {}
[21.136434] (-) TimerEvent: {}
[21.237097] (-) TimerEvent: {}
[21.337742] (-) TimerEvent: {}
[21.438442] (-) TimerEvent: {}
[21.539046] (-) TimerEvent: {}
[21.639690] (-) TimerEvent: {}
[21.740320] (-) TimerEvent: {}
[21.840990] (-) TimerEvent: {}
[21.941643] (-) TimerEvent: {}
[22.042308] (-) TimerEvent: {}
[22.142956] (-) TimerEvent: {}
[22.243692] (-) TimerEvent: {}
[22.344369] (-) TimerEvent: {}
[22.445051] (-) TimerEvent: {}
[22.545721] (-) TimerEvent: {}
[22.646419] (-) TimerEvent: {}
[22.747074] (-) TimerEvent: {}
[22.847728] (-) TimerEvent: {}
[22.948377] (-) TimerEvent: {}
[23.049098] (-) TimerEvent: {}
[23.149877] (-) TimerEvent: {}
[23.250578] (-) TimerEvent: {}
[23.351247] (-) TimerEvent: {}
[23.451927] (-) TimerEvent: {}
[23.552693] (-) TimerEvent: {}
[23.653367] (-) TimerEvent: {}
[23.754055] (-) TimerEvent: {}
[23.854701] (-) TimerEvent: {}
[23.955335] (-) TimerEvent: {}
[24.055999] (-) TimerEvent: {}
[24.178478] (-) TimerEvent: {}
[24.279137] (-) TimerEvent: {}
[24.379761] (-) TimerEvent: {}
[24.480498] (-) TimerEvent: {}
[24.581144] (-) TimerEvent: {}
[24.681797] (-) TimerEvent: {}
[24.782458] (-) TimerEvent: {}
[24.883114] (-) TimerEvent: {}
[24.983784] (-) TimerEvent: {}
[25.084615] (-) TimerEvent: {}
[25.185246] (-) TimerEvent: {}
[25.285904] (-) TimerEvent: {}
[25.386639] (-) TimerEvent: {}
[25.487729] (-) TimerEvent: {}
[25.588613] (-) TimerEvent: {}
[25.689500] (-) TimerEvent: {}
[25.790406] (-) TimerEvent: {}
[25.891735] (-) TimerEvent: {}
[25.993315] (-) TimerEvent: {}
[26.095451] (-) TimerEvent: {}
[26.197199] (-) TimerEvent: {}
[26.299048] (-) TimerEvent: {}
[26.400653] (-) TimerEvent: {}
[26.502258] (-) TimerEvent: {}
[26.603286] (-) TimerEvent: {}
[26.704385] (-) TimerEvent: {}
[26.805415] (-) TimerEvent: {}
[26.906446] (-) TimerEvent: {}
[27.007506] (-) TimerEvent: {}
[27.108714] (-) TimerEvent: {}
[27.209775] (-) TimerEvent: {}
[27.215323] (control_msgs) StdoutLine: {'line': b'[  1%] Built target control_msgs__cpp\n'}
[27.267988] (control_msgs) StdoutLine: {'line': b'[  2%] \x1b[34m\x1b[1mGenerating C++ type support dispatch for ROS interfaces\x1b[0m\n'}
[27.305200] (control_msgs) StdoutLine: {'line': b'[  3%] \x1b[34m\x1b[1mGenerating C++ type support for eProsima Fast-RTPS\x1b[0m\n'}
[27.310073] (-) TimerEvent: {}
[27.387163] (control_msgs) StdoutLine: {'line': b'[  4%] \x1b[34m\x1b[1mGenerating C++ introspection for ROS interfaces\x1b[0m\n'}
[27.410278] (-) TimerEvent: {}
[27.511762] (-) TimerEvent: {}
[27.613220] (-) TimerEvent: {}
[27.715105] (-) TimerEvent: {}
[27.817060] (-) TimerEvent: {}
[27.918415] (-) TimerEvent: {}
[28.020255] (-) TimerEvent: {}
[28.122129] (-) TimerEvent: {}
[28.223059] (-) TimerEvent: {}
[28.323805] (-) TimerEvent: {}
[28.424670] (-) TimerEvent: {}
[28.526040] (-) TimerEvent: {}
[28.627363] (-) TimerEvent: {}
[28.728399] (-) TimerEvent: {}
[28.829618] (-) TimerEvent: {}
[28.930801] (-) TimerEvent: {}
[29.032064] (-) TimerEvent: {}
[29.060654] (control_msgs) StdoutLine: {'line': b'[  4%] \x1b[32mBuilding C object CMakeFiles/control_msgs__rosidl_generator_c.dir/rosidl_generator_c/control_msgs/action/detail/parallel_gripper_command__functions.c.o\x1b[0m\n'}
[29.132260] (-) TimerEvent: {}
[29.233436] (-) TimerEvent: {}
[29.334734] (-) TimerEvent: {}
[29.435483] (-) TimerEvent: {}
[29.536269] (-) TimerEvent: {}
[29.637032] (-) TimerEvent: {}
[29.737778] (-) TimerEvent: {}
[29.838706] (-) TimerEvent: {}
[29.857658] (control_msgs) StdoutLine: {'line': b'[  5%] \x1b[32mBuilding C object CMakeFiles/control_msgs__rosidl_generator_c.dir/rosidl_generator_c/control_msgs/action/detail/follow_joint_trajectory__functions.c.o\x1b[0m\n'}
[29.938902] (-) TimerEvent: {}
[30.039838] (-) TimerEvent: {}
[30.140659] (-) TimerEvent: {}
[30.241480] (-) TimerEvent: {}
[30.342282] (-) TimerEvent: {}
[30.443115] (-) TimerEvent: {}
[30.543908] (-) TimerEvent: {}
[30.625003] (control_msgs) StdoutLine: {'line': b'[  5%] \x1b[32mBuilding C object CMakeFiles/control_msgs__rosidl_generator_c.dir/rosidl_generator_c/control_msgs/action/detail/gripper_command__functions.c.o\x1b[0m\n'}
[30.644154] (-) TimerEvent: {}
[30.745016] (-) TimerEvent: {}
[30.845853] (-) TimerEvent: {}
[30.946829] (-) TimerEvent: {}
[31.047681] (-) TimerEvent: {}
[31.148658] (-) TimerEvent: {}
[31.250037] (-) TimerEvent: {}
[31.288488] (control_msgs) StdoutLine: {'line': b'[  6%] \x1b[32mBuilding C object CMakeFiles/control_msgs__rosidl_generator_c.dir/rosidl_generator_c/control_msgs/action/detail/joint_trajectory__functions.c.o\x1b[0m\n'}
[31.350205] (-) TimerEvent: {}
[31.450932] (-) TimerEvent: {}
[31.551766] (-) TimerEvent: {}
[31.652624] (-) TimerEvent: {}
[31.753481] (-) TimerEvent: {}
[31.854244] (-) TimerEvent: {}
[31.955044] (-) TimerEvent: {}
[31.955839] (control_msgs) StdoutLine: {'line': b'[  6%] \x1b[32mBuilding C object CMakeFiles/control_msgs__rosidl_generator_c.dir/rosidl_generator_c/control_msgs/action/detail/point_head__functions.c.o\x1b[0m\n'}
[32.055363] (-) TimerEvent: {}
[32.156621] (-) TimerEvent: {}
[32.257980] (-) TimerEvent: {}
[32.359298] (-) TimerEvent: {}
[32.460510] (-) TimerEvent: {}
[32.561787] (-) TimerEvent: {}
[32.650830] (control_msgs) StdoutLine: {'line': b'[  7%] \x1b[32mBuilding C object CMakeFiles/control_msgs__rosidl_generator_c.dir/rosidl_generator_c/control_msgs/action/detail/single_joint_position__functions.c.o\x1b[0m\n'}
[32.662007] (-) TimerEvent: {}
[32.763074] (-) TimerEvent: {}
[32.864211] (-) TimerEvent: {}
[32.965588] (-) TimerEvent: {}
[33.066906] (-) TimerEvent: {}
[33.168222] (-) TimerEvent: {}
[33.269546] (-) TimerEvent: {}
[33.326500] (control_msgs) StdoutLine: {'line': b'[  7%] \x1b[32mBuilding C object CMakeFiles/control_msgs__rosidl_generator_c.dir/rosidl_generator_c/control_msgs/msg/detail/admittance_controller_state__functions.c.o\x1b[0m\n'}
[33.369812] (-) TimerEvent: {}
[33.471323] (-) TimerEvent: {}
[33.572489] (-) TimerEvent: {}
[33.673777] (-) TimerEvent: {}
[33.674535] (control_msgs) StdoutLine: {'line': b'[  7%] \x1b[32mBuilding C object CMakeFiles/control_msgs__rosidl_generator_c.dir/rosidl_generator_c/control_msgs/msg/detail/dynamic_interface_group_values__functions.c.o\x1b[0m\n'}
[33.774052] (-) TimerEvent: {}
[33.874813] (-) TimerEvent: {}
[33.960963] (control_msgs) StdoutLine: {'line': b'[  8%] \x1b[32mBuilding C object CMakeFiles/control_msgs__rosidl_generator_c.dir/rosidl_generator_c/control_msgs/msg/detail/dynamic_joint_state__functions.c.o\x1b[0m\n'}
[33.975005] (-) TimerEvent: {}
[34.075821] (-) TimerEvent: {}
[34.185788] (-) TimerEvent: {}
[34.287288] (-) TimerEvent: {}
[34.293306] (control_msgs) StdoutLine: {'line': b'[  8%] \x1b[32mBuilding C object CMakeFiles/control_msgs__rosidl_generator_c.dir/rosidl_generator_c/control_msgs/msg/detail/gripper_command__functions.c.o\x1b[0m\n'}
[34.387520] (-) TimerEvent: {}
[34.488913] (-) TimerEvent: {}
[34.567103] (control_msgs) StdoutLine: {'line': b'[  9%] \x1b[32mBuilding C object CMakeFiles/control_msgs__rosidl_generator_c.dir/rosidl_generator_c/control_msgs/msg/detail/interface_value__functions.c.o\x1b[0m\n'}
[34.589088] (-) TimerEvent: {}
[34.690356] (-) TimerEvent: {}
[34.791416] (-) TimerEvent: {}
[34.852797] (control_msgs) StdoutLine: {'line': b'[  9%] \x1b[32mBuilding C object CMakeFiles/control_msgs__rosidl_generator_c.dir/rosidl_generator_c/control_msgs/msg/detail/joint_component_tolerance__functions.c.o\x1b[0m\n'}
[34.891667] (-) TimerEvent: {}
[34.993003] (-) TimerEvent: {}
[35.094346] (-) TimerEvent: {}
[35.128486] (control_msgs) StdoutLine: {'line': b'[ 10%] \x1b[32mBuilding C object CMakeFiles/control_msgs__rosidl_generator_c.dir/rosidl_generator_c/control_msgs/msg/detail/joint_controller_state__functions.c.o\x1b[0m\n'}
[35.194522] (-) TimerEvent: {}
[35.295696] (-) TimerEvent: {}
[35.397099] (-) TimerEvent: {}
[35.416671] (control_msgs) StdoutLine: {'line': b'[ 10%] \x1b[32mBuilding C object CMakeFiles/control_msgs__rosidl_generator_c.dir/rosidl_generator_c/control_msgs/msg/detail/joint_jog__functions.c.o\x1b[0m\n'}
[35.497285] (-) TimerEvent: {}
[35.598135] (-) TimerEvent: {}
[35.698921] (-) TimerEvent: {}
[35.707187] (control_msgs) StdoutLine: {'line': b'[ 11%] \x1b[32mBuilding C object CMakeFiles/control_msgs__rosidl_generator_c.dir/rosidl_generator_c/control_msgs/msg/detail/joint_tolerance__functions.c.o\x1b[0m\n'}
[35.799187] (-) TimerEvent: {}
[35.900294] (-) TimerEvent: {}
[35.992988] (control_msgs) StdoutLine: {'line': b'[ 11%] \x1b[32mBuilding C object CMakeFiles/control_msgs__rosidl_generator_c.dir/rosidl_generator_c/control_msgs/msg/detail/joint_trajectory_controller_state__functions.c.o\x1b[0m\n'}
[36.000514] (-) TimerEvent: {}
[36.101270] (-) TimerEvent: {}
[36.202013] (-) TimerEvent: {}
[36.302889] (-) TimerEvent: {}
[36.319279] (control_msgs) StdoutLine: {'line': b'[ 11%] \x1b[32mBuilding C object CMakeFiles/control_msgs__rosidl_generator_c.dir/rosidl_generator_c/control_msgs/msg/detail/mecanum_drive_controller_state__functions.c.o\x1b[0m\n'}
[36.403090] (-) TimerEvent: {}
[36.504280] (-) TimerEvent: {}
[36.605579] (-) TimerEvent: {}
[36.606819] (control_msgs) StdoutLine: {'line': b'[ 12%] \x1b[32mBuilding C object CMakeFiles/control_msgs__rosidl_generator_c.dir/rosidl_generator_c/control_msgs/msg/detail/multi_dof_command__functions.c.o\x1b[0m\n'}
[36.705801] (-) TimerEvent: {}
[36.807037] (-) TimerEvent: {}
[36.885512] (control_msgs) StdoutLine: {'line': b'[ 12%] \x1b[32mBuilding C object CMakeFiles/control_msgs__rosidl_generator_c.dir/rosidl_generator_c/control_msgs/msg/detail/multi_dof_state_stamped__functions.c.o\x1b[0m\n'}
[36.907235] (-) TimerEvent: {}
[37.008102] (-) TimerEvent: {}
[37.109170] (-) TimerEvent: {}
[37.168353] (control_msgs) StdoutLine: {'line': b'[ 13%] \x1b[32mBuilding C object CMakeFiles/control_msgs__rosidl_generator_c.dir/rosidl_generator_c/control_msgs/msg/detail/pid_state__functions.c.o\x1b[0m\n'}
[37.209403] (-) TimerEvent: {}
[37.310727] (-) TimerEvent: {}
[37.411928] (-) TimerEvent: {}
[37.454718] (control_msgs) StdoutLine: {'line': b'[ 13%] \x1b[32mBuilding C object CMakeFiles/control_msgs__rosidl_generator_c.dir/rosidl_generator_c/control_msgs/msg/detail/single_dof_state__functions.c.o\x1b[0m\n'}
[37.512168] (-) TimerEvent: {}
[37.613341] (-) TimerEvent: {}
[37.714145] (-) TimerEvent: {}
[37.729442] (control_msgs) StdoutLine: {'line': b'[ 14%] \x1b[32mBuilding C object CMakeFiles/control_msgs__rosidl_generator_c.dir/rosidl_generator_c/control_msgs/msg/detail/single_dof_state_stamped__functions.c.o\x1b[0m\n'}
[37.814309] (-) TimerEvent: {}
[37.915126] (-) TimerEvent: {}
[38.016283] (-) TimerEvent: {}
[38.074990] (control_msgs) StdoutLine: {'line': b'[ 14%] \x1b[32mBuilding C object CMakeFiles/control_msgs__rosidl_generator_c.dir/rosidl_generator_c/control_msgs/msg/detail/steering_controller_status__functions.c.o\x1b[0m\n'}
[38.116498] (-) TimerEvent: {}
[38.217430] (-) TimerEvent: {}
[38.318925] (-) TimerEvent: {}
[38.381754] (control_msgs) StdoutLine: {'line': b'[ 15%] \x1b[32mBuilding C object CMakeFiles/control_msgs__rosidl_generator_c.dir/rosidl_generator_c/control_msgs/srv/detail/query_calibration_state__functions.c.o\x1b[0m\n'}
[38.419203] (-) TimerEvent: {}
[38.520504] (-) TimerEvent: {}
[38.622024] (-) TimerEvent: {}
[38.713343] (control_msgs) StdoutLine: {'line': b'[ 15%] \x1b[32mBuilding C object CMakeFiles/control_msgs__rosidl_generator_c.dir/rosidl_generator_c/control_msgs/srv/detail/query_trajectory_state__functions.c.o\x1b[0m\n'}
[38.722152] (-) TimerEvent: {}
[38.822932] (-) TimerEvent: {}
[38.869668] (control_msgs) StdoutLine: {'line': b'[ 15%] \x1b[32mBuilding CXX object CMakeFiles/control_msgs__rosidl_typesupport_cpp.dir/rosidl_typesupport_cpp/control_msgs/action/parallel_gripper_command__type_support.cpp.o\x1b[0m\n'}
[38.923153] (-) TimerEvent: {}
[39.023948] (-) TimerEvent: {}
[39.106902] (control_msgs) StdoutLine: {'line': b'[ 16%] \x1b[32m\x1b[1mLinking C shared library libcontrol_msgs__rosidl_generator_c.so\x1b[0m\n'}
[39.124157] (-) TimerEvent: {}
[39.225077] (-) TimerEvent: {}
[39.325874] (-) TimerEvent: {}
[39.353265] (control_msgs) StdoutLine: {'line': b'[ 16%] Built target control_msgs__rosidl_generator_c\n'}
[39.389115] (control_msgs) StdoutLine: {'line': b'[ 17%] \x1b[32mBuilding CXX object CMakeFiles/control_msgs__rosidl_typesupport_cpp.dir/rosidl_typesupport_cpp/control_msgs/action/follow_joint_trajectory__type_support.cpp.o\x1b[0m\n'}
[39.426474] (-) TimerEvent: {}
[39.527505] (-) TimerEvent: {}
[39.628281] (-) TimerEvent: {}
[39.729175] (-) TimerEvent: {}
[39.830130] (-) TimerEvent: {}
[39.930967] (-) TimerEvent: {}
[40.031775] (-) TimerEvent: {}
[40.132690] (-) TimerEvent: {}
[40.233633] (-) TimerEvent: {}
[40.334822] (-) TimerEvent: {}
[40.436444] (-) TimerEvent: {}
[40.537483] (-) TimerEvent: {}
[40.638553] (-) TimerEvent: {}
[40.739842] (-) TimerEvent: {}
[40.840870] (-) TimerEvent: {}
[40.941992] (-) TimerEvent: {}
[41.042912] (-) TimerEvent: {}
[41.143898] (-) TimerEvent: {}
[41.245636] (-) TimerEvent: {}
[41.347067] (-) TimerEvent: {}
[41.448474] (-) TimerEvent: {}
[41.549833] (-) TimerEvent: {}
[41.652133] (-) TimerEvent: {}
[41.753120] (-) TimerEvent: {}
[41.816012] (control_msgs) StdoutLine: {'line': b'[ 17%] \x1b[32mBuilding CXX object CMakeFiles/control_msgs__rosidl_typesupport_cpp.dir/rosidl_typesupport_cpp/control_msgs/action/gripper_command__type_support.cpp.o\x1b[0m\n'}
[41.853418] (-) TimerEvent: {}
[41.955094] (-) TimerEvent: {}
[42.056454] (-) TimerEvent: {}
[42.158233] (-) TimerEvent: {}
[42.203058] (control_msgs) StdoutLine: {'line': b'[ 17%] \x1b[32mBuilding CXX object CMakeFiles/control_msgs__rosidl_typesupport_introspection_cpp.dir/rosidl_typesupport_introspection_cpp/control_msgs/action/detail/parallel_gripper_command__type_support.cpp.o\x1b[0m\n'}
[42.258421] (-) TimerEvent: {}
[42.359777] (-) TimerEvent: {}
[42.428878] (control_msgs) StdoutLine: {'line': b'[ 18%] \x1b[32mBuilding CXX object CMakeFiles/control_msgs__rosidl_typesupport_introspection_cpp.dir/rosidl_typesupport_introspection_cpp/control_msgs/action/detail/follow_joint_trajectory__type_support.cpp.o\x1b[0m\n'}
[42.460021] (-) TimerEvent: {}
[42.561571] (-) TimerEvent: {}
[42.663168] (-) TimerEvent: {}
[42.764494] (-) TimerEvent: {}
[42.865902] (-) TimerEvent: {}
[42.967151] (-) TimerEvent: {}
[43.068577] (-) TimerEvent: {}
[43.170158] (-) TimerEvent: {}
[43.271631] (-) TimerEvent: {}
[43.373094] (-) TimerEvent: {}
[43.474509] (-) TimerEvent: {}
[43.575958] (-) TimerEvent: {}
[43.678118] (-) TimerEvent: {}
[43.780482] (-) TimerEvent: {}
[43.882805] (-) TimerEvent: {}
[43.984447] (-) TimerEvent: {}
[44.086074] (-) TimerEvent: {}
[44.210060] (-) TimerEvent: {}
[44.310998] (-) TimerEvent: {}
[44.411916] (-) TimerEvent: {}
[44.513056] (-) TimerEvent: {}
[44.614223] (-) TimerEvent: {}
[44.691130] (control_msgs) StdoutLine: {'line': b'[ 18%] \x1b[32mBuilding CXX object CMakeFiles/control_msgs__rosidl_typesupport_cpp.dir/rosidl_typesupport_cpp/control_msgs/action/joint_trajectory__type_support.cpp.o\x1b[0m\n'}
[44.714428] (-) TimerEvent: {}
[44.816209] (-) TimerEvent: {}
[44.918240] (-) TimerEvent: {}
[45.019987] (-) TimerEvent: {}
[45.121494] (-) TimerEvent: {}
[45.223100] (-) TimerEvent: {}
[45.324902] (-) TimerEvent: {}
[45.426830] (-) TimerEvent: {}
[45.528357] (-) TimerEvent: {}
[45.630593] (-) TimerEvent: {}
[45.732150] (-) TimerEvent: {}
[45.833791] (-) TimerEvent: {}
[45.852376] (control_msgs) StdoutLine: {'line': b'[ 18%] \x1b[32mBuilding CXX object CMakeFiles/control_msgs__rosidl_typesupport_fastrtps_cpp.dir/rosidl_typesupport_fastrtps_cpp/control_msgs/action/detail/dds_fastrtps/parallel_gripper_command__type_support.cpp.o\x1b[0m\n'}
[45.934084] (-) TimerEvent: {}
[46.035662] (-) TimerEvent: {}
[46.137084] (-) TimerEvent: {}
[46.238034] (-) TimerEvent: {}
[46.279034] (control_msgs) StdoutLine: {'line': b'[ 19%] \x1b[32mBuilding CXX object CMakeFiles/control_msgs__rosidl_typesupport_fastrtps_cpp.dir/rosidl_typesupport_fastrtps_cpp/control_msgs/action/detail/dds_fastrtps/follow_joint_trajectory__type_support.cpp.o\x1b[0m\n'}
[46.338244] (-) TimerEvent: {}
[46.439664] (-) TimerEvent: {}
[46.541253] (-) TimerEvent: {}
[46.642992] (-) TimerEvent: {}
[46.744956] (-) TimerEvent: {}
[46.846017] (-) TimerEvent: {}
[46.947132] (-) TimerEvent: {}
[47.048447] (-) TimerEvent: {}
[47.149813] (-) TimerEvent: {}
[47.251432] (-) TimerEvent: {}
[47.353012] (-) TimerEvent: {}
[47.422527] (control_msgs) StdoutLine: {'line': b'[ 19%] \x1b[32mBuilding CXX object CMakeFiles/control_msgs__rosidl_typesupport_introspection_cpp.dir/rosidl_typesupport_introspection_cpp/control_msgs/action/detail/gripper_command__type_support.cpp.o\x1b[0m\n'}
[47.453261] (-) TimerEvent: {}
[47.554936] (-) TimerEvent: {}
[47.656516] (-) TimerEvent: {}
[47.667011] (control_msgs) StdoutLine: {'line': b'[ 20%] \x1b[32mBuilding CXX object CMakeFiles/control_msgs__rosidl_typesupport_cpp.dir/rosidl_typesupport_cpp/control_msgs/action/point_head__type_support.cpp.o\x1b[0m\n'}
[47.756722] (-) TimerEvent: {}
[47.858105] (-) TimerEvent: {}
[47.959416] (-) TimerEvent: {}
[48.061008] (-) TimerEvent: {}
[48.162757] (-) TimerEvent: {}
[48.263816] (-) TimerEvent: {}
[48.364883] (-) TimerEvent: {}
[48.465987] (-) TimerEvent: {}
[48.567005] (-) TimerEvent: {}
[48.668096] (-) TimerEvent: {}
[48.769250] (-) TimerEvent: {}
[48.870417] (-) TimerEvent: {}
[48.971431] (-) TimerEvent: {}
[49.072543] (-) TimerEvent: {}
[49.173878] (-) TimerEvent: {}
[49.276023] (-) TimerEvent: {}
[49.378040] (-) TimerEvent: {}
[49.453716] (control_msgs) StdoutLine: {'line': b'[ 21%] \x1b[32mBuilding CXX object CMakeFiles/control_msgs__rosidl_typesupport_introspection_cpp.dir/rosidl_typesupport_introspection_cpp/control_msgs/action/detail/joint_trajectory__type_support.cpp.o\x1b[0m\n'}
[49.478274] (-) TimerEvent: {}
[49.579948] (-) TimerEvent: {}
[49.681683] (-) TimerEvent: {}
[49.783173] (-) TimerEvent: {}
[49.884770] (-) TimerEvent: {}
[49.986124] (-) TimerEvent: {}
[50.087600] (-) TimerEvent: {}
[50.189024] (-) TimerEvent: {}
[50.290024] (-) TimerEvent: {}
[50.391016] (-) TimerEvent: {}
[50.492130] (-) TimerEvent: {}
[50.593104] (-) TimerEvent: {}
[50.694035] (-) TimerEvent: {}
[50.723102] (control_msgs) StdoutLine: {'line': b'[ 21%] \x1b[32mBuilding CXX object CMakeFiles/control_msgs__rosidl_typesupport_cpp.dir/rosidl_typesupport_cpp/control_msgs/action/single_joint_position__type_support.cpp.o\x1b[0m\n'}
[50.794269] (-) TimerEvent: {}
[50.895703] (-) TimerEvent: {}
[50.925965] (control_msgs) StdoutLine: {'line': b'[ 21%] \x1b[32mBuilding CXX object CMakeFiles/control_msgs__rosidl_typesupport_fastrtps_cpp.dir/rosidl_typesupport_fastrtps_cpp/control_msgs/action/detail/dds_fastrtps/gripper_command__type_support.cpp.o\x1b[0m\n'}
[50.995930] (-) TimerEvent: {}
[51.096953] (-) TimerEvent: {}
[51.183033] (control_msgs) StdoutLine: {'line': b'[ 22%] \x1b[32mBuilding CXX object CMakeFiles/control_msgs__rosidl_typesupport_cpp.dir/rosidl_typesupport_cpp/control_msgs/msg/admittance_controller_state__type_support.cpp.o\x1b[0m\n'}
[51.197157] (-) TimerEvent: {}
[51.298033] (-) TimerEvent: {}
[51.398875] (-) TimerEvent: {}
[51.499657] (-) TimerEvent: {}
[51.600570] (-) TimerEvent: {}
[51.701535] (-) TimerEvent: {}
[51.802776] (-) TimerEvent: {}
[51.903969] (-) TimerEvent: {}
[52.005163] (-) TimerEvent: {}
[52.106433] (-) TimerEvent: {}
[52.208438] (-) TimerEvent: {}
[52.310142] (-) TimerEvent: {}
[52.411660] (-) TimerEvent: {}
[52.514036] (-) TimerEvent: {}
[52.616340] (-) TimerEvent: {}
[52.718140] (-) TimerEvent: {}
[52.820005] (-) TimerEvent: {}
[52.921565] (-) TimerEvent: {}
[52.988220] (control_msgs) StdoutLine: {'line': b'[ 22%] \x1b[32mBuilding CXX object CMakeFiles/control_msgs__rosidl_typesupport_introspection_cpp.dir/rosidl_typesupport_introspection_cpp/control_msgs/action/detail/point_head__type_support.cpp.o\x1b[0m\n'}
[53.021860] (-) TimerEvent: {}
[53.123619] (-) TimerEvent: {}
[53.225150] (-) TimerEvent: {}
[53.326690] (-) TimerEvent: {}
[53.428454] (-) TimerEvent: {}
[53.521513] (control_msgs) StdoutLine: {'line': b'[ 22%] \x1b[32mBuilding CXX object CMakeFiles/control_msgs__rosidl_typesupport_cpp.dir/rosidl_typesupport_cpp/control_msgs/msg/dynamic_interface_group_values__type_support.cpp.o\x1b[0m\n'}
[53.528734] (-) TimerEvent: {}
[53.630167] (-) TimerEvent: {}
[53.715508] (control_msgs) StdoutLine: {'line': b'[ 23%] \x1b[32mBuilding CXX object CMakeFiles/control_msgs__rosidl_typesupport_cpp.dir/rosidl_typesupport_cpp/control_msgs/msg/dynamic_joint_state__type_support.cpp.o\x1b[0m\n'}
[53.730373] (-) TimerEvent: {}
[53.831298] (-) TimerEvent: {}
[53.932341] (-) TimerEvent: {}
[54.033519] (-) TimerEvent: {}
[54.134553] (-) TimerEvent: {}
[54.268474] (-) TimerEvent: {}
[54.370043] (-) TimerEvent: {}
[54.471875] (-) TimerEvent: {}
[54.474399] (control_msgs) StdoutLine: {'line': b'[ 24%] \x1b[32mBuilding CXX object CMakeFiles/control_msgs__rosidl_typesupport_fastrtps_cpp.dir/rosidl_typesupport_fastrtps_cpp/control_msgs/action/detail/dds_fastrtps/joint_trajectory__type_support.cpp.o\x1b[0m\n'}
[54.572494] (-) TimerEvent: {}
[54.674508] (-) TimerEvent: {}
[54.776187] (-) TimerEvent: {}
[54.878625] (-) TimerEvent: {}
[54.980661] (-) TimerEvent: {}
[55.082400] (-) TimerEvent: {}
[55.183861] (control_msgs) StdoutLine: {'line': b'[ 24%] \x1b[32mBuilding CXX object CMakeFiles/control_msgs__rosidl_typesupport_cpp.dir/rosidl_typesupport_cpp/control_msgs/msg/gripper_command__type_support.cpp.o\x1b[0m\n'}
[55.184766] (-) TimerEvent: {}
[55.286293] (-) TimerEvent: {}
[55.380705] (control_msgs) StdoutLine: {'line': b'[ 25%] \x1b[32mBuilding CXX object CMakeFiles/control_msgs__rosidl_typesupport_cpp.dir/rosidl_typesupport_cpp/control_msgs/msg/interface_value__type_support.cpp.o\x1b[0m\n'}
[55.386558] (-) TimerEvent: {}
[55.487628] (-) TimerEvent: {}
[55.588620] (-) TimerEvent: {}
[55.689593] (-) TimerEvent: {}
[55.790550] (-) TimerEvent: {}
[55.891523] (-) TimerEvent: {}
[55.992739] (-) TimerEvent: {}
[56.095534] (-) TimerEvent: {}
[56.198449] (-) TimerEvent: {}
[56.299477] (-) TimerEvent: {}
[56.400739] (-) TimerEvent: {}
[56.501700] (-) TimerEvent: {}
[56.602787] (-) TimerEvent: {}
[56.638004] (control_msgs) StdoutLine: {'line': b'[ 26%] \x1b[32mBuilding CXX object CMakeFiles/control_msgs__rosidl_typesupport_introspection_cpp.dir/rosidl_typesupport_introspection_cpp/control_msgs/action/detail/single_joint_position__type_support.cpp.o\x1b[0m\n'}
[56.703033] (-) TimerEvent: {}
[56.804107] (-) TimerEvent: {}
[56.905267] (-) TimerEvent: {}
[56.917806] (control_msgs) StdoutLine: {'line': b'[ 26%] \x1b[32mBuilding CXX object CMakeFiles/control_msgs__rosidl_typesupport_cpp.dir/rosidl_typesupport_cpp/control_msgs/msg/joint_component_tolerance__type_support.cpp.o\x1b[0m\n'}
[57.005524] (-) TimerEvent: {}
[57.094804] (control_msgs) StdoutLine: {'line': b'[ 26%] \x1b[32mBuilding CXX object CMakeFiles/control_msgs__rosidl_typesupport_fastrtps_cpp.dir/rosidl_typesupport_fastrtps_cpp/control_msgs/action/detail/dds_fastrtps/point_head__type_support.cpp.o\x1b[0m\n'}
[57.105787] (-) TimerEvent: {}
[57.208075] (-) TimerEvent: {}
[57.310220] (-) TimerEvent: {}
[57.412350] (-) TimerEvent: {}
[57.514837] (-) TimerEvent: {}
[57.617274] (-) TimerEvent: {}
[57.718494] (-) TimerEvent: {}
[57.819530] (-) TimerEvent: {}
[57.920661] (-) TimerEvent: {}
[57.977141] (control_msgs) StdoutLine: {'line': b'[ 26%] \x1b[32mBuilding CXX object CMakeFiles/control_msgs__rosidl_typesupport_cpp.dir/rosidl_typesupport_cpp/control_msgs/msg/joint_controller_state__type_support.cpp.o\x1b[0m\n'}
[58.020949] (-) TimerEvent: {}
[58.122069] (-) TimerEvent: {}
[58.223084] (-) TimerEvent: {}
[58.325444] (-) TimerEvent: {}
[58.427926] (-) TimerEvent: {}
[58.530558] (-) TimerEvent: {}
[58.549338] (control_msgs) StdoutLine: {'line': b'[ 26%] \x1b[32mBuilding CXX object CMakeFiles/control_msgs__rosidl_typesupport_fastrtps_cpp.dir/rosidl_typesupport_fastrtps_cpp/control_msgs/action/detail/dds_fastrtps/single_joint_position__type_support.cpp.o\x1b[0m\n'}
[58.630767] (-) TimerEvent: {}
[58.732970] (-) TimerEvent: {}
[58.835296] (-) TimerEvent: {}
[58.937982] (-) TimerEvent: {}
[59.040311] (-) TimerEvent: {}
[59.142828] (-) TimerEvent: {}
[59.245597] (-) TimerEvent: {}
[59.348722] (-) TimerEvent: {}
[59.451400] (-) TimerEvent: {}
[59.554367] (-) TimerEvent: {}
[59.657215] (-) TimerEvent: {}
[59.760111] (-) TimerEvent: {}
[59.776659] (control_msgs) StdoutLine: {'line': b'[ 27%] \x1b[32mBuilding CXX object CMakeFiles/control_msgs__rosidl_typesupport_cpp.dir/rosidl_typesupport_cpp/control_msgs/msg/joint_jog__type_support.cpp.o\x1b[0m\n'}
[59.860394] (-) TimerEvent: {}
[59.961375] (-) TimerEvent: {}
[60.062848] (-) TimerEvent: {}
[60.164055] (-) TimerEvent: {}
[60.265044] (-) TimerEvent: {}
[60.367746] (-) TimerEvent: {}
[60.456617] (control_msgs) StdoutLine: {'line': b'[ 27%] \x1b[32mBuilding CXX object CMakeFiles/control_msgs__rosidl_typesupport_introspection_cpp.dir/rosidl_typesupport_introspection_cpp/control_msgs/msg/detail/admittance_controller_state__type_support.cpp.o\x1b[0m\n'}
[60.467983] (-) TimerEvent: {}
[60.569634] (-) TimerEvent: {}
[60.601303] (control_msgs) StdoutLine: {'line': b'[ 27%] \x1b[32mBuilding CXX object CMakeFiles/control_msgs__rosidl_typesupport_introspection_cpp.dir/rosidl_typesupport_introspection_cpp/control_msgs/msg/detail/dynamic_interface_group_values__type_support.cpp.o\x1b[0m\n'}
[60.669943] (-) TimerEvent: {}
[60.771402] (-) TimerEvent: {}
[60.872958] (-) TimerEvent: {}
[60.974686] (-) TimerEvent: {}
[61.076776] (-) TimerEvent: {}
[61.178239] (-) TimerEvent: {}
[61.280185] (-) TimerEvent: {}
[61.381785] (-) TimerEvent: {}
[61.432523] (control_msgs) StdoutLine: {'line': b'[ 27%] \x1b[32mBuilding CXX object CMakeFiles/control_msgs__rosidl_typesupport_cpp.dir/rosidl_typesupport_cpp/control_msgs/msg/joint_tolerance__type_support.cpp.o\x1b[0m\n'}
[61.482052] (-) TimerEvent: {}
[61.583654] (-) TimerEvent: {}
[61.685124] (-) TimerEvent: {}
[61.786699] (-) TimerEvent: {}
[61.888687] (-) TimerEvent: {}
[61.990399] (-) TimerEvent: {}
[62.074975] (control_msgs) StdoutLine: {'line': b'[ 28%] \x1b[32mBuilding CXX object CMakeFiles/control_msgs__rosidl_typesupport_fastrtps_cpp.dir/rosidl_typesupport_fastrtps_cpp/control_msgs/msg/detail/dds_fastrtps/admittance_controller_state__type_support.cpp.o\x1b[0m\n'}
[62.090617] (-) TimerEvent: {}
[62.192259] (-) TimerEvent: {}
[62.293154] (-) TimerEvent: {}
[62.394207] (-) TimerEvent: {}
[62.495500] (-) TimerEvent: {}
[62.596610] (-) TimerEvent: {}
[62.697665] (-) TimerEvent: {}
[62.798798] (-) TimerEvent: {}
[62.899988] (-) TimerEvent: {}
[63.001280] (-) TimerEvent: {}
[63.102591] (-) TimerEvent: {}
[63.116408] (control_msgs) StdoutLine: {'line': b'[ 29%] \x1b[32mBuilding CXX object CMakeFiles/control_msgs__rosidl_typesupport_cpp.dir/rosidl_typesupport_cpp/control_msgs/msg/joint_trajectory_controller_state__type_support.cpp.o\x1b[0m\n'}
[63.199828] (control_msgs) StdoutLine: {'line': b'[ 29%] \x1b[32mBuilding CXX object CMakeFiles/control_msgs__rosidl_typesupport_fastrtps_cpp.dir/rosidl_typesupport_fastrtps_cpp/control_msgs/msg/detail/dds_fastrtps/dynamic_interface_group_values__type_support.cpp.o\x1b[0m\n'}
[63.202792] (-) TimerEvent: {}
[63.304309] (-) TimerEvent: {}
[63.405722] (-) TimerEvent: {}
[63.507250] (-) TimerEvent: {}
[63.608948] (-) TimerEvent: {}
[63.692489] (control_msgs) StdoutLine: {'line': b'[ 30%] \x1b[32mBuilding CXX object CMakeFiles/control_msgs__rosidl_typesupport_introspection_cpp.dir/rosidl_typesupport_introspection_cpp/control_msgs/msg/detail/dynamic_joint_state__type_support.cpp.o\x1b[0m\n'}
[63.709227] (-) TimerEvent: {}
[63.810727] (-) TimerEvent: {}
[63.912350] (-) TimerEvent: {}
[64.014042] (-) TimerEvent: {}
[64.115090] (-) TimerEvent: {}
[64.216114] (-) TimerEvent: {}
[64.317194] (-) TimerEvent: {}
[64.424936] (-) TimerEvent: {}
[64.526093] (-) TimerEvent: {}
[64.627216] (-) TimerEvent: {}
[64.683132] (control_msgs) StdoutLine: {'line': b'[ 31%] \x1b[32mBuilding CXX object CMakeFiles/control_msgs__rosidl_typesupport_fastrtps_cpp.dir/rosidl_typesupport_fastrtps_cpp/control_msgs/msg/detail/dds_fastrtps/dynamic_joint_state__type_support.cpp.o\x1b[0m\n'}
[64.727512] (-) TimerEvent: {}
[64.828733] (-) TimerEvent: {}
[64.832541] (control_msgs) StdoutLine: {'line': b'[ 31%] \x1b[32mBuilding CXX object CMakeFiles/control_msgs__rosidl_typesupport_cpp.dir/rosidl_typesupport_cpp/control_msgs/msg/mecanum_drive_controller_state__type_support.cpp.o\x1b[0m\n'}
[64.929023] (-) TimerEvent: {}
[65.030037] (-) TimerEvent: {}
[65.131085] (-) TimerEvent: {}
[65.232947] (-) TimerEvent: {}
[65.334526] (-) TimerEvent: {}
[65.436237] (-) TimerEvent: {}
[65.537231] (-) TimerEvent: {}
[65.638297] (-) TimerEvent: {}
[65.739995] (-) TimerEvent: {}
[65.841859] (-) TimerEvent: {}
[65.944057] (-) TimerEvent: {}
[66.045739] (-) TimerEvent: {}
[66.146796] (-) TimerEvent: {}
[66.247919] (-) TimerEvent: {}
[66.349091] (-) TimerEvent: {}
[66.377000] (control_msgs) StdoutLine: {'line': b'[ 31%] \x1b[32mBuilding CXX object CMakeFiles/control_msgs__rosidl_typesupport_fastrtps_cpp.dir/rosidl_typesupport_fastrtps_cpp/control_msgs/msg/detail/dds_fastrtps/gripper_command__type_support.cpp.o\x1b[0m\n'}
[66.449376] (-) TimerEvent: {}
[66.550334] (-) TimerEvent: {}
[66.568091] (control_msgs) StdoutLine: {'line': b'[ 32%] \x1b[32mBuilding CXX object CMakeFiles/control_msgs__rosidl_typesupport_cpp.dir/rosidl_typesupport_cpp/control_msgs/msg/multi_dof_command__type_support.cpp.o\x1b[0m\n'}
[66.650559] (-) TimerEvent: {}
[66.751367] (-) TimerEvent: {}
[66.852320] (-) TimerEvent: {}
[66.912126] (control_msgs) StdoutLine: {'line': b'[ 32%] \x1b[32mBuilding CXX object CMakeFiles/control_msgs__rosidl_typesupport_introspection_cpp.dir/rosidl_typesupport_introspection_cpp/control_msgs/msg/detail/gripper_command__type_support.cpp.o\x1b[0m\n'}
[66.952618] (-) TimerEvent: {}
[67.053813] (-) TimerEvent: {}
[67.154773] (-) TimerEvent: {}
[67.256194] (-) TimerEvent: {}
[67.357119] (-) TimerEvent: {}
[67.458092] (-) TimerEvent: {}
[67.559218] (-) TimerEvent: {}
[67.660220] (-) TimerEvent: {}
[67.761386] (-) TimerEvent: {}
[67.781486] (control_msgs) StdoutLine: {'line': b'[ 33%] \x1b[32mBuilding CXX object CMakeFiles/control_msgs__rosidl_typesupport_fastrtps_cpp.dir/rosidl_typesupport_fastrtps_cpp/control_msgs/msg/detail/dds_fastrtps/interface_value__type_support.cpp.o\x1b[0m\n'}
[67.861625] (-) TimerEvent: {}
[67.962547] (-) TimerEvent: {}
[68.063469] (-) TimerEvent: {}
[68.164375] (-) TimerEvent: {}
[68.215323] (control_msgs) StdoutLine: {'line': b'[ 33%] \x1b[32mBuilding CXX object CMakeFiles/control_msgs__rosidl_typesupport_cpp.dir/rosidl_typesupport_cpp/control_msgs/msg/multi_dof_state_stamped__type_support.cpp.o\x1b[0m\n'}
[68.264646] (-) TimerEvent: {}
[68.365612] (-) TimerEvent: {}
[68.466521] (-) TimerEvent: {}
[68.567492] (-) TimerEvent: {}
[68.668691] (-) TimerEvent: {}
[68.734394] (control_msgs) StdoutLine: {'line': b'[ 33%] \x1b[32mBuilding CXX object CMakeFiles/control_msgs__rosidl_typesupport_fastrtps_cpp.dir/rosidl_typesupport_fastrtps_cpp/control_msgs/msg/detail/dds_fastrtps/joint_component_tolerance__type_support.cpp.o\x1b[0m\n'}
[68.768979] (-) TimerEvent: {}
[68.870971] (-) TimerEvent: {}
[68.972373] (-) TimerEvent: {}
[69.073991] (-) TimerEvent: {}
[69.175554] (-) TimerEvent: {}
[69.233452] (control_msgs) StdoutLine: {'line': b'[ 34%] \x1b[32mBuilding CXX object CMakeFiles/control_msgs__rosidl_typesupport_introspection_cpp.dir/rosidl_typesupport_introspection_cpp/control_msgs/msg/detail/interface_value__type_support.cpp.o\x1b[0m\n'}
[69.275806] (-) TimerEvent: {}
[69.377763] (-) TimerEvent: {}
[69.485767] (-) TimerEvent: {}
[69.586799] (-) TimerEvent: {}
[69.690747] (-) TimerEvent: {}
[69.791902] (-) TimerEvent: {}
[69.886500] (control_msgs) StdoutLine: {'line': b'[ 35%] \x1b[32mBuilding CXX object CMakeFiles/control_msgs__rosidl_typesupport_cpp.dir/rosidl_typesupport_cpp/control_msgs/msg/pid_state__type_support.cpp.o\x1b[0m\n'}
[69.892144] (-) TimerEvent: {}
[69.993155] (-) TimerEvent: {}
[70.094193] (-) TimerEvent: {}
[70.195357] (-) TimerEvent: {}
[70.296726] (-) TimerEvent: {}
[70.397618] (-) TimerEvent: {}
[70.498640] (-) TimerEvent: {}
[70.599699] (-) TimerEvent: {}
[70.701259] (-) TimerEvent: {}
[70.775312] (control_msgs) StdoutLine: {'line': b'[ 36%] \x1b[32mBuilding CXX object CMakeFiles/control_msgs__rosidl_typesupport_fastrtps_cpp.dir/rosidl_typesupport_fastrtps_cpp/control_msgs/msg/detail/dds_fastrtps/joint_controller_state__type_support.cpp.o\x1b[0m\n'}
[70.801554] (-) TimerEvent: {}
[70.902584] (-) TimerEvent: {}
[71.003560] (-) TimerEvent: {}
[71.104662] (-) TimerEvent: {}
[71.206052] (-) TimerEvent: {}
[71.216564] (control_msgs) StdoutLine: {'line': b'[ 36%] \x1b[32mBuilding CXX object CMakeFiles/control_msgs__rosidl_typesupport_fastrtps_cpp.dir/rosidl_typesupport_fastrtps_cpp/control_msgs/msg/detail/dds_fastrtps/joint_jog__type_support.cpp.o\x1b[0m\n'}
[71.306240] (-) TimerEvent: {}
[71.407065] (-) TimerEvent: {}
[71.507979] (-) TimerEvent: {}
[71.567276] (control_msgs) StdoutLine: {'line': b'[ 36%] \x1b[32mBuilding CXX object CMakeFiles/control_msgs__rosidl_typesupport_cpp.dir/rosidl_typesupport_cpp/control_msgs/msg/single_dof_state__type_support.cpp.o\x1b[0m\n'}
[71.608226] (-) TimerEvent: {}
[71.709760] (-) TimerEvent: {}
[71.810583] (-) TimerEvent: {}
[71.888110] (control_msgs) StdoutLine: {'line': b'[ 36%] \x1b[32mBuilding CXX object CMakeFiles/control_msgs__rosidl_typesupport_introspection_cpp.dir/rosidl_typesupport_introspection_cpp/control_msgs/msg/detail/joint_component_tolerance__type_support.cpp.o\x1b[0m\n'}
[71.910891] (-) TimerEvent: {}
[72.011831] (-) TimerEvent: {}
[72.112877] (-) TimerEvent: {}
[72.213850] (-) TimerEvent: {}
[72.315411] (-) TimerEvent: {}
[72.416990] (-) TimerEvent: {}
[72.518153] (-) TimerEvent: {}
[72.619288] (-) TimerEvent: {}
[72.720400] (-) TimerEvent: {}
[72.821416] (-) TimerEvent: {}
[72.922572] (-) TimerEvent: {}
[73.023605] (-) TimerEvent: {}
[73.124638] (-) TimerEvent: {}
[73.224551] (control_msgs) StdoutLine: {'line': b'[ 37%] \x1b[32mBuilding CXX object CMakeFiles/control_msgs__rosidl_typesupport_introspection_cpp.dir/rosidl_typesupport_introspection_cpp/control_msgs/msg/detail/joint_controller_state__type_support.cpp.o\x1b[0m\n'}
[73.225675] (-) TimerEvent: {}
[73.267526] (control_msgs) StdoutLine: {'line': b'[ 37%] \x1b[32mBuilding CXX object CMakeFiles/control_msgs__rosidl_typesupport_cpp.dir/rosidl_typesupport_cpp/control_msgs/msg/single_dof_state_stamped__type_support.cpp.o\x1b[0m\n'}
[73.325956] (-) TimerEvent: {}
[73.426716] (-) TimerEvent: {}
[73.527578] (-) TimerEvent: {}
[73.628472] (-) TimerEvent: {}
[73.729411] (-) TimerEvent: {}
[73.830543] (-) TimerEvent: {}
[73.931663] (-) TimerEvent: {}
[74.032884] (-) TimerEvent: {}
[74.134144] (-) TimerEvent: {}
[74.172779] (control_msgs) StdoutLine: {'line': b'[ 37%] \x1b[32mBuilding CXX object CMakeFiles/control_msgs__rosidl_typesupport_fastrtps_cpp.dir/rosidl_typesupport_fastrtps_cpp/control_msgs/msg/detail/dds_fastrtps/joint_tolerance__type_support.cpp.o\x1b[0m\n'}
[74.234470] (-) TimerEvent: {}
[74.335218] (control_msgs) StdoutLine: {'line': b'[ 38%] \x1b[32mBuilding CXX object CMakeFiles/control_msgs__rosidl_typesupport_fastrtps_cpp.dir/rosidl_typesupport_fastrtps_cpp/control_msgs/msg/detail/dds_fastrtps/joint_trajectory_controller_state__type_support.cpp.o\x1b[0m\n'}
[74.336198] (-) TimerEvent: {}
[74.438149] (-) TimerEvent: {}
[74.539540] (-) TimerEvent: {}
[74.640963] (-) TimerEvent: {}
[74.742709] (-) TimerEvent: {}
[74.844185] (-) TimerEvent: {}
[74.872293] (control_msgs) StdoutLine: {'line': b'[ 39%] \x1b[32mBuilding CXX object CMakeFiles/control_msgs__rosidl_typesupport_cpp.dir/rosidl_typesupport_cpp/control_msgs/msg/steering_controller_status__type_support.cpp.o\x1b[0m\n'}
[74.944423] (-) TimerEvent: {}
[75.045377] (-) TimerEvent: {}
[75.146357] (-) TimerEvent: {}
[75.247527] (-) TimerEvent: {}
[75.349151] (-) TimerEvent: {}
[75.450937] (-) TimerEvent: {}
[75.476683] (control_msgs) StdoutLine: {'line': b'[ 39%] \x1b[32mBuilding CXX object CMakeFiles/control_msgs__rosidl_typesupport_introspection_cpp.dir/rosidl_typesupport_introspection_cpp/control_msgs/msg/detail/joint_jog__type_support.cpp.o\x1b[0m\n'}
[75.551160] (-) TimerEvent: {}
[75.652605] (-) TimerEvent: {}
[75.754357] (-) TimerEvent: {}
[75.855334] (-) TimerEvent: {}
[75.956243] (-) TimerEvent: {}
[76.057189] (-) TimerEvent: {}
[76.158202] (-) TimerEvent: {}
[76.259067] (-) TimerEvent: {}
[76.360663] (-) TimerEvent: {}
[76.462794] (-) TimerEvent: {}
[76.557151] (control_msgs) StdoutLine: {'line': b'[ 39%] \x1b[32mBuilding CXX object CMakeFiles/control_msgs__rosidl_typesupport_cpp.dir/rosidl_typesupport_cpp/control_msgs/srv/query_calibration_state__type_support.cpp.o\x1b[0m\n'}
[76.563033] (-) TimerEvent: {}
[76.629365] (control_msgs) StdoutLine: {'line': b'[ 40%] \x1b[32mBuilding CXX object CMakeFiles/control_msgs__rosidl_typesupport_cpp.dir/rosidl_typesupport_cpp/control_msgs/srv/query_trajectory_state__type_support.cpp.o\x1b[0m\n'}
[76.663270] (-) TimerEvent: {}
[76.764731] (-) TimerEvent: {}
[76.865748] (-) TimerEvent: {}
[76.966784] (-) TimerEvent: {}
[77.067716] (-) TimerEvent: {}
[77.168677] (-) TimerEvent: {}
[77.204379] (control_msgs) StdoutLine: {'line': b'[ 40%] \x1b[32mBuilding CXX object CMakeFiles/control_msgs__rosidl_typesupport_fastrtps_cpp.dir/rosidl_typesupport_fastrtps_cpp/control_msgs/msg/detail/dds_fastrtps/mecanum_drive_controller_state__type_support.cpp.o\x1b[0m\n'}
[77.268927] (-) TimerEvent: {}
[77.370436] (-) TimerEvent: {}
[77.471876] (-) TimerEvent: {}
[77.572888] (-) TimerEvent: {}
[77.674094] (-) TimerEvent: {}
[77.775072] (-) TimerEvent: {}
[77.876021] (-) TimerEvent: {}
[77.977074] (-) TimerEvent: {}
[78.078117] (-) TimerEvent: {}
[78.179051] (-) TimerEvent: {}
[78.242399] (control_msgs) StdoutLine: {'line': b'[ 41%] \x1b[32mBuilding CXX object CMakeFiles/control_msgs__rosidl_typesupport_fastrtps_cpp.dir/rosidl_typesupport_fastrtps_cpp/control_msgs/msg/detail/dds_fastrtps/multi_dof_command__type_support.cpp.o\x1b[0m\n'}
[78.251816] (control_msgs) StdoutLine: {'line': b'[ 42%] \x1b[32mBuilding CXX object CMakeFiles/control_msgs__rosidl_typesupport_introspection_cpp.dir/rosidl_typesupport_introspection_cpp/control_msgs/msg/detail/joint_tolerance__type_support.cpp.o\x1b[0m\n'}
[78.279315] (-) TimerEvent: {}
[78.307240] (control_msgs) StdoutLine: {'line': b'[ 42%] \x1b[32m\x1b[1mLinking CXX shared library libcontrol_msgs__rosidl_typesupport_cpp.so\x1b[0m\n'}
[78.379549] (-) TimerEvent: {}
[78.480542] (-) TimerEvent: {}
[78.523948] (control_msgs) StdoutLine: {'line': b'[ 42%] Built target control_msgs__rosidl_typesupport_cpp\n'}
[78.559634] (control_msgs) StdoutLine: {'line': b'[ 42%] \x1b[32mBuilding CXX object CMakeFiles/control_msgs__rosidl_typesupport_introspection_cpp.dir/rosidl_typesupport_introspection_cpp/control_msgs/msg/detail/joint_trajectory_controller_state__type_support.cpp.o\x1b[0m\n'}
[78.580846] (-) TimerEvent: {}
[78.681775] (-) TimerEvent: {}
[78.782733] (-) TimerEvent: {}
[78.883701] (-) TimerEvent: {}
[78.984762] (-) TimerEvent: {}
[79.085743] (-) TimerEvent: {}
[79.186825] (-) TimerEvent: {}
[79.288612] (-) TimerEvent: {}
[79.390529] (-) TimerEvent: {}
[79.492256] (-) TimerEvent: {}
[79.594195] (-) TimerEvent: {}
[79.673540] (control_msgs) StdoutLine: {'line': b'[ 43%] \x1b[34m\x1b[1mGenerating C type support for eProsima Fast-RTPS\x1b[0m\n'}
[79.694400] (-) TimerEvent: {}
[79.795476] (-) TimerEvent: {}
[79.896405] (-) TimerEvent: {}
[79.997395] (-) TimerEvent: {}
[80.098372] (-) TimerEvent: {}
[80.199465] (-) TimerEvent: {}
[80.300868] (-) TimerEvent: {}
[80.402381] (-) TimerEvent: {}
[80.503938] (-) TimerEvent: {}
[80.605827] (-) TimerEvent: {}
[80.645636] (control_msgs) StdoutLine: {'line': b'[ 44%] \x1b[34m\x1b[1mGenerating C introspection for ROS interfaces\x1b[0m\n'}
[80.706090] (-) TimerEvent: {}
[80.807335] (-) TimerEvent: {}
[80.908309] (-) TimerEvent: {}
[81.009189] (-) TimerEvent: {}
[81.110132] (-) TimerEvent: {}
[81.211635] (-) TimerEvent: {}
[81.299390] (control_msgs) StdoutLine: {'line': b'[ 44%] \x1b[32mBuilding CXX object CMakeFiles/control_msgs__rosidl_typesupport_fastrtps_cpp.dir/rosidl_typesupport_fastrtps_cpp/control_msgs/msg/detail/dds_fastrtps/multi_dof_state_stamped__type_support.cpp.o\x1b[0m\n'}
[81.311869] (-) TimerEvent: {}
[81.413358] (-) TimerEvent: {}
[81.510160] (control_msgs) StdoutLine: {'line': b'[ 44%] \x1b[32mBuilding CXX object CMakeFiles/control_msgs__rosidl_typesupport_introspection_cpp.dir/rosidl_typesupport_introspection_cpp/control_msgs/msg/detail/mecanum_drive_controller_state__type_support.cpp.o\x1b[0m\n'}
[81.513577] (-) TimerEvent: {}
[81.614646] (-) TimerEvent: {}
[81.715362] (-) TimerEvent: {}
[81.816089] (-) TimerEvent: {}
[81.916896] (-) TimerEvent: {}
[82.018108] (-) TimerEvent: {}
[82.119509] (-) TimerEvent: {}
[82.220869] (-) TimerEvent: {}
[82.322363] (-) TimerEvent: {}
[82.423609] (-) TimerEvent: {}
[82.524847] (-) TimerEvent: {}
[82.626145] (-) TimerEvent: {}
[82.727016] (-) TimerEvent: {}
[82.827779] (-) TimerEvent: {}
[82.928766] (-) TimerEvent: {}
[83.029780] (-) TimerEvent: {}
[83.130675] (-) TimerEvent: {}
[83.231553] (-) TimerEvent: {}
[83.333124] (-) TimerEvent: {}
[83.435246] (-) TimerEvent: {}
[83.536669] (-) TimerEvent: {}
[83.638023] (-) TimerEvent: {}
[83.739307] (-) TimerEvent: {}
[83.797430] (control_msgs) StdoutLine: {'line': b'[ 45%] \x1b[32mBuilding CXX object CMakeFiles/control_msgs__rosidl_typesupport_introspection_cpp.dir/rosidl_typesupport_introspection_cpp/control_msgs/msg/detail/multi_dof_command__type_support.cpp.o\x1b[0m\n'}
[83.839547] (-) TimerEvent: {}
[83.922568] (control_msgs) StdoutLine: {'line': b'[ 46%] \x1b[32mBuilding CXX object CMakeFiles/control_msgs__rosidl_typesupport_fastrtps_cpp.dir/rosidl_typesupport_fastrtps_cpp/control_msgs/msg/detail/dds_fastrtps/pid_state__type_support.cpp.o\x1b[0m\n'}
[83.939734] (-) TimerEvent: {}
[84.040864] (-) TimerEvent: {}
[84.142284] (-) TimerEvent: {}
[84.243424] (-) TimerEvent: {}
[84.344600] (-) TimerEvent: {}
[84.446379] (-) TimerEvent: {}
[84.547670] (-) TimerEvent: {}
[84.648938] (-) TimerEvent: {}
[84.750185] (-) TimerEvent: {}
[84.851412] (-) TimerEvent: {}
[84.952650] (-) TimerEvent: {}
[85.054088] (-) TimerEvent: {}
[85.155402] (-) TimerEvent: {}
[85.256746] (-) TimerEvent: {}
[85.358330] (-) TimerEvent: {}
[85.459666] (-) TimerEvent: {}
[85.561305] (-) TimerEvent: {}
[85.662539] (-) TimerEvent: {}
[85.763826] (-) TimerEvent: {}
[85.865021] (-) TimerEvent: {}
[85.966565] (-) TimerEvent: {}
[86.067337] (-) TimerEvent: {}
[86.168102] (-) TimerEvent: {}
[86.269253] (-) TimerEvent: {}
[86.337769] (control_msgs) StdoutLine: {'line': b'[ 46%] \x1b[32mBuilding CXX object CMakeFiles/control_msgs__rosidl_typesupport_introspection_cpp.dir/rosidl_typesupport_introspection_cpp/control_msgs/msg/detail/multi_dof_state_stamped__type_support.cpp.o\x1b[0m\n'}
[86.369514] (-) TimerEvent: {}
[86.390810] (control_msgs) StdoutLine: {'line': b'[ 46%] \x1b[32mBuilding CXX object CMakeFiles/control_msgs__rosidl_typesupport_fastrtps_cpp.dir/rosidl_typesupport_fastrtps_cpp/control_msgs/msg/detail/dds_fastrtps/single_dof_state__type_support.cpp.o\x1b[0m\n'}
[86.469757] (-) TimerEvent: {}
[86.570922] (-) TimerEvent: {}
[86.672038] (-) TimerEvent: {}
[86.773265] (-) TimerEvent: {}
[86.874424] (-) TimerEvent: {}
[86.975850] (-) TimerEvent: {}
[87.077212] (-) TimerEvent: {}
[87.178642] (-) TimerEvent: {}
[87.280036] (-) TimerEvent: {}
[87.381670] (-) TimerEvent: {}
[87.483515] (-) TimerEvent: {}
[87.585006] (-) TimerEvent: {}
[87.686435] (-) TimerEvent: {}
[87.787393] (-) TimerEvent: {}
[87.888310] (-) TimerEvent: {}
[87.989285] (-) TimerEvent: {}
[88.090207] (-) TimerEvent: {}
[88.191186] (-) TimerEvent: {}
[88.292771] (-) TimerEvent: {}
[88.394501] (-) TimerEvent: {}
[88.495900] (-) TimerEvent: {}
[88.597182] (-) TimerEvent: {}
[88.698616] (-) TimerEvent: {}
[88.717292] (control_msgs) StdoutLine: {'line': b'[ 47%] \x1b[32mBuilding CXX object CMakeFiles/control_msgs__rosidl_typesupport_fastrtps_cpp.dir/rosidl_typesupport_fastrtps_cpp/control_msgs/msg/detail/dds_fastrtps/single_dof_state_stamped__type_support.cpp.o\x1b[0m\n'}
[88.746967] (control_msgs) StdoutLine: {'line': b'[ 48%] \x1b[32mBuilding CXX object CMakeFiles/control_msgs__rosidl_typesupport_introspection_cpp.dir/rosidl_typesupport_introspection_cpp/control_msgs/msg/detail/pid_state__type_support.cpp.o\x1b[0m\n'}
[88.798801] (-) TimerEvent: {}
[88.899535] (-) TimerEvent: {}
[89.000222] (-) TimerEvent: {}
[89.100999] (-) TimerEvent: {}
[89.202020] (-) TimerEvent: {}
[89.302895] (-) TimerEvent: {}
[89.403822] (-) TimerEvent: {}
[89.504706] (-) TimerEvent: {}
[89.605650] (-) TimerEvent: {}
[89.706604] (-) TimerEvent: {}
[89.807643] (-) TimerEvent: {}
[89.908647] (-) TimerEvent: {}
[90.009649] (-) TimerEvent: {}
[90.110713] (-) TimerEvent: {}
[90.211726] (-) TimerEvent: {}
[90.312700] (-) TimerEvent: {}
[90.414754] (-) TimerEvent: {}
[90.517025] (-) TimerEvent: {}
[90.618809] (-) TimerEvent: {}
[90.720653] (-) TimerEvent: {}
[90.822140] (-) TimerEvent: {}
[90.923588] (-) TimerEvent: {}
[91.009160] (control_msgs) StdoutLine: {'line': b'[ 48%] \x1b[32mBuilding CXX object CMakeFiles/control_msgs__rosidl_typesupport_introspection_cpp.dir/rosidl_typesupport_introspection_cpp/control_msgs/msg/detail/single_dof_state__type_support.cpp.o\x1b[0m\n'}
[91.023874] (-) TimerEvent: {}
[91.071601] (control_msgs) StdoutLine: {'line': b'[ 48%] \x1b[32mBuilding CXX object CMakeFiles/control_msgs__rosidl_typesupport_fastrtps_cpp.dir/rosidl_typesupport_fastrtps_cpp/control_msgs/msg/detail/dds_fastrtps/steering_controller_status__type_support.cpp.o\x1b[0m\n'}
[91.124233] (-) TimerEvent: {}
[91.225390] (-) TimerEvent: {}
[91.326256] (-) TimerEvent: {}
[91.427021] (-) TimerEvent: {}
[91.527824] (-) TimerEvent: {}
[91.628778] (-) TimerEvent: {}
[91.729655] (-) TimerEvent: {}
[91.830551] (-) TimerEvent: {}
[91.931512] (-) TimerEvent: {}
[92.032515] (-) TimerEvent: {}
[92.133545] (-) TimerEvent: {}
[92.234570] (-) TimerEvent: {}
[92.336383] (-) TimerEvent: {}
[92.438130] (-) TimerEvent: {}
[92.539450] (-) TimerEvent: {}
[92.641059] (-) TimerEvent: {}
[92.742320] (-) TimerEvent: {}
[92.843657] (-) TimerEvent: {}
[92.944522] (-) TimerEvent: {}
[93.045400] (-) TimerEvent: {}
[93.146163] (-) TimerEvent: {}
[93.233058] (control_msgs) StdoutLine: {'line': b'[ 49%] \x1b[32mBuilding CXX object CMakeFiles/control_msgs__rosidl_typesupport_introspection_cpp.dir/rosidl_typesupport_introspection_cpp/control_msgs/msg/detail/single_dof_state_stamped__type_support.cpp.o\x1b[0m\n'}
[93.246397] (-) TimerEvent: {}
[93.347729] (-) TimerEvent: {}
[93.449293] (-) TimerEvent: {}
[93.550475] (-) TimerEvent: {}
[93.651701] (-) TimerEvent: {}
[93.680610] (control_msgs) StdoutLine: {'line': b'[ 49%] \x1b[32mBuilding CXX object CMakeFiles/control_msgs__rosidl_typesupport_fastrtps_cpp.dir/rosidl_typesupport_fastrtps_cpp/control_msgs/srv/detail/dds_fastrtps/query_calibration_state__type_support.cpp.o\x1b[0m\n'}
[93.751962] (-) TimerEvent: {}
[93.853223] (-) TimerEvent: {}
[93.954446] (-) TimerEvent: {}
[94.055852] (-) TimerEvent: {}
[94.157482] (-) TimerEvent: {}
[94.259460] (-) TimerEvent: {}
[94.360510] (-) TimerEvent: {}
[94.461456] (-) TimerEvent: {}
[94.562354] (-) TimerEvent: {}
[94.663278] (-) TimerEvent: {}
[94.769753] (-) TimerEvent: {}
[94.870774] (-) TimerEvent: {}
[94.971668] (-) TimerEvent: {}
[95.072575] (-) TimerEvent: {}
[95.173453] (-) TimerEvent: {}
[95.274370] (-) TimerEvent: {}
[95.375342] (-) TimerEvent: {}
[95.476161] (-) TimerEvent: {}
[95.497283] (control_msgs) StdoutLine: {'line': b'[ 49%] \x1b[32mBuilding CXX object CMakeFiles/control_msgs__rosidl_typesupport_introspection_cpp.dir/rosidl_typesupport_introspection_cpp/control_msgs/msg/detail/steering_controller_status__type_support.cpp.o\x1b[0m\n'}
[95.576418] (-) TimerEvent: {}
[95.677138] (-) TimerEvent: {}
[95.777869] (-) TimerEvent: {}
[95.878692] (-) TimerEvent: {}
[95.979551] (-) TimerEvent: {}
[96.080575] (-) TimerEvent: {}
[96.181410] (-) TimerEvent: {}
[96.261226] (control_msgs) StdoutLine: {'line': b'[ 50%] \x1b[32mBuilding CXX object CMakeFiles/control_msgs__rosidl_typesupport_fastrtps_cpp.dir/rosidl_typesupport_fastrtps_cpp/control_msgs/srv/detail/dds_fastrtps/query_trajectory_state__type_support.cpp.o\x1b[0m\n'}
[96.281607] (-) TimerEvent: {}
[96.383395] (-) TimerEvent: {}
[96.484684] (-) TimerEvent: {}
[96.586160] (-) TimerEvent: {}
[96.687863] (-) TimerEvent: {}
[96.789825] (-) TimerEvent: {}
[96.891811] (-) TimerEvent: {}
[96.993472] (-) TimerEvent: {}
[97.094981] (-) TimerEvent: {}
[97.196652] (-) TimerEvent: {}
[97.255283] (control_msgs) StdoutLine: {'line': b'[ 50%] \x1b[32mBuilding C object CMakeFiles/control_msgs__rosidl_typesupport_introspection_c.dir/rosidl_typesupport_introspection_c/control_msgs/action/detail/parallel_gripper_command__type_support.c.o\x1b[0m\n'}
[97.296980] (-) TimerEvent: {}
[97.398183] (-) TimerEvent: {}
[97.499221] (-) TimerEvent: {}
[97.600378] (-) TimerEvent: {}
[97.637215] (control_msgs) StdoutLine: {'line': b'[ 51%] \x1b[32mBuilding C object CMakeFiles/control_msgs__rosidl_typesupport_introspection_c.dir/rosidl_typesupport_introspection_c/control_msgs/action/detail/follow_joint_trajectory__type_support.c.o\x1b[0m\n'}
[97.700601] (-) TimerEvent: {}
[97.801874] (-) TimerEvent: {}
[97.902840] (-) TimerEvent: {}
[98.003841] (-) TimerEvent: {}
[98.104824] (-) TimerEvent: {}
[98.161452] (control_msgs) StdoutLine: {'line': b'[ 51%] \x1b[32mBuilding C object CMakeFiles/control_msgs__rosidl_typesupport_introspection_c.dir/rosidl_typesupport_introspection_c/control_msgs/action/detail/gripper_command__type_support.c.o\x1b[0m\n'}
[98.186300] (control_msgs) StdoutLine: {'line': b'[ 52%] \x1b[32mBuilding CXX object CMakeFiles/control_msgs__rosidl_typesupport_introspection_cpp.dir/rosidl_typesupport_introspection_cpp/control_msgs/srv/detail/query_calibration_state__type_support.cpp.o\x1b[0m\n'}
[98.205044] (-) TimerEvent: {}
[98.306508] (-) TimerEvent: {}
[98.407306] (-) TimerEvent: {}
[98.485290] (control_msgs) StdoutLine: {'line': b'[ 53%] \x1b[32mBuilding C object CMakeFiles/control_msgs__rosidl_typesupport_introspection_c.dir/rosidl_typesupport_introspection_c/control_msgs/action/detail/joint_trajectory__type_support.c.o\x1b[0m\n'}
[98.507594] (-) TimerEvent: {}
[98.599527] (control_msgs) StdoutLine: {'line': b'[ 53%] \x1b[32mBuilding CXX object CMakeFiles/control_msgs__rosidl_typesupport_fastrtps_c.dir/rosidl_typesupport_fastrtps_c/control_msgs/action/detail/parallel_gripper_command__type_support_c.cpp.o\x1b[0m\n'}
[98.607794] (-) TimerEvent: {}
[98.708577] (-) TimerEvent: {}
[98.793297] (control_msgs) StdoutLine: {'line': b'[ 53%] \x1b[32mBuilding C object CMakeFiles/control_msgs__rosidl_typesupport_introspection_c.dir/rosidl_typesupport_introspection_c/control_msgs/action/detail/point_head__type_support.c.o\x1b[0m\n'}
[98.808789] (-) TimerEvent: {}
[98.909586] (-) TimerEvent: {}
[99.010377] (-) TimerEvent: {}
[99.112075] (-) TimerEvent: {}
[99.123507] (control_msgs) StdoutLine: {'line': b'[ 54%] \x1b[32mBuilding C object CMakeFiles/control_msgs__rosidl_typesupport_introspection_c.dir/rosidl_typesupport_introspection_c/control_msgs/action/detail/single_joint_position__type_support.c.o\x1b[0m\n'}
[99.212288] (-) TimerEvent: {}
[99.313865] (-) TimerEvent: {}
[99.415366] (-) TimerEvent: {}
[99.431326] (control_msgs) StdoutLine: {'line': b'[ 54%] \x1b[32m\x1b[1mLinking CXX shared library libcontrol_msgs__rosidl_typesupport_fastrtps_cpp.so\x1b[0m\n'}
[99.458402] (control_msgs) StdoutLine: {'line': b'[ 54%] \x1b[32mBuilding C object CMakeFiles/control_msgs__rosidl_typesupport_introspection_c.dir/rosidl_typesupport_introspection_c/control_msgs/msg/detail/admittance_controller_state__type_support.c.o\x1b[0m\n'}
[99.515603] (-) TimerEvent: {}
[99.617198] (-) TimerEvent: {}
[99.718734] (-) TimerEvent: {}
[99.806879] (control_msgs) StdoutLine: {'line': b'[ 54%] \x1b[32mBuilding C object CMakeFiles/control_msgs__rosidl_typesupport_introspection_c.dir/rosidl_typesupport_introspection_c/control_msgs/msg/detail/dynamic_interface_group_values__type_support.c.o\x1b[0m\n'}
[99.819059] (-) TimerEvent: {}
[99.920858] (-) TimerEvent: {}
[100.013546] (control_msgs) StdoutLine: {'line': b'[ 54%] Built target control_msgs__rosidl_typesupport_fastrtps_cpp\n'}
[100.021168] (-) TimerEvent: {}
[100.058451] (control_msgs) StdoutLine: {'line': b'[ 55%] \x1b[32mBuilding CXX object CMakeFiles/control_msgs__rosidl_typesupport_fastrtps_c.dir/rosidl_typesupport_fastrtps_c/control_msgs/action/detail/follow_joint_trajectory__type_support_c.cpp.o\x1b[0m\n'}
[100.105571] (control_msgs) StdoutLine: {'line': b'[ 56%] \x1b[32mBuilding C object CMakeFiles/control_msgs__rosidl_typesupport_introspection_c.dir/rosidl_typesupport_introspection_c/control_msgs/msg/detail/dynamic_joint_state__type_support.c.o\x1b[0m\n'}
[100.121409] (-) TimerEvent: {}
[100.222730] (-) TimerEvent: {}
[100.323710] (-) TimerEvent: {}
[100.374321] (control_msgs) StdoutLine: {'line': b'[ 56%] \x1b[32mBuilding C object CMakeFiles/control_msgs__rosidl_typesupport_introspection_c.dir/rosidl_typesupport_introspection_c/control_msgs/msg/detail/gripper_command__type_support.c.o\x1b[0m\n'}
[100.423926] (-) TimerEvent: {}
[100.522638] (control_msgs) StdoutLine: {'line': b'[ 56%] \x1b[32mBuilding CXX object CMakeFiles/control_msgs__rosidl_typesupport_introspection_cpp.dir/rosidl_typesupport_introspection_cpp/control_msgs/srv/detail/query_trajectory_state__type_support.cpp.o\x1b[0m\n'}
[100.524171] (-) TimerEvent: {}
[100.585157] (control_msgs) StdoutLine: {'line': b'[ 57%] \x1b[32mBuilding C object CMakeFiles/control_msgs__rosidl_typesupport_introspection_c.dir/rosidl_typesupport_introspection_c/control_msgs/msg/detail/interface_value__type_support.c.o\x1b[0m\n'}
[100.624413] (-) TimerEvent: {}
[100.725383] (-) TimerEvent: {}
[100.817781] (control_msgs) StdoutLine: {'line': b'[ 57%] \x1b[32mBuilding C object CMakeFiles/control_msgs__rosidl_typesupport_introspection_c.dir/rosidl_typesupport_introspection_c/control_msgs/msg/detail/joint_component_tolerance__type_support.c.o\x1b[0m\n'}
[100.825627] (-) TimerEvent: {}
[100.926528] (-) TimerEvent: {}
[100.998556] (control_msgs) StdoutLine: {'line': b'[ 57%] \x1b[32mBuilding CXX object CMakeFiles/control_msgs__rosidl_typesupport_fastrtps_c.dir/rosidl_typesupport_fastrtps_c/control_msgs/action/detail/gripper_command__type_support_c.cpp.o\x1b[0m\n'}
[101.023672] (control_msgs) StdoutLine: {'line': b'[ 58%] \x1b[32mBuilding C object CMakeFiles/control_msgs__rosidl_typesupport_introspection_c.dir/rosidl_typesupport_introspection_c/control_msgs/msg/detail/joint_controller_state__type_support.c.o\x1b[0m\n'}
[101.026792] (-) TimerEvent: {}
[101.127712] (-) TimerEvent: {}
[101.228700] (-) TimerEvent: {}
[101.244017] (control_msgs) StdoutLine: {'line': b'[ 58%] \x1b[32mBuilding C object CMakeFiles/control_msgs__rosidl_typesupport_introspection_c.dir/rosidl_typesupport_introspection_c/control_msgs/msg/detail/joint_jog__type_support.c.o\x1b[0m\n'}
[101.328953] (-) TimerEvent: {}
[101.429748] (-) TimerEvent: {}
[101.519898] (control_msgs) StdoutLine: {'line': b'[ 59%] \x1b[32mBuilding C object CMakeFiles/control_msgs__rosidl_typesupport_introspection_c.dir/rosidl_typesupport_introspection_c/control_msgs/msg/detail/joint_tolerance__type_support.c.o\x1b[0m\n'}
[101.530048] (-) TimerEvent: {}
[101.630983] (-) TimerEvent: {}
[101.732019] (-) TimerEvent: {}
[101.744934] (control_msgs) StdoutLine: {'line': b'[ 59%] \x1b[32mBuilding C object CMakeFiles/control_msgs__rosidl_typesupport_introspection_c.dir/rosidl_typesupport_introspection_c/control_msgs/msg/detail/joint_trajectory_controller_state__type_support.c.o\x1b[0m\n'}
[101.832268] (-) TimerEvent: {}
[101.933959] (-) TimerEvent: {}
[102.035475] (-) TimerEvent: {}
[102.051619] (control_msgs) StdoutLine: {'line': b'[ 59%] \x1b[32mBuilding C object CMakeFiles/control_msgs__rosidl_typesupport_introspection_c.dir/rosidl_typesupport_introspection_c/control_msgs/msg/detail/mecanum_drive_controller_state__type_support.c.o\x1b[0m\n'}
[102.135713] (-) TimerEvent: {}
[102.237218] (-) TimerEvent: {}
[102.319624] (control_msgs) StdoutLine: {'line': b'[ 60%] \x1b[32mBuilding C object CMakeFiles/control_msgs__rosidl_typesupport_introspection_c.dir/rosidl_typesupport_introspection_c/control_msgs/msg/detail/multi_dof_command__type_support.c.o\x1b[0m\n'}
[102.337522] (-) TimerEvent: {}
[102.438492] (-) TimerEvent: {}
[102.539361] (-) TimerEvent: {}
[102.604036] (control_msgs) StdoutLine: {'line': b'[ 60%] \x1b[32mBuilding C object CMakeFiles/control_msgs__rosidl_typesupport_introspection_c.dir/rosidl_typesupport_introspection_c/control_msgs/msg/detail/multi_dof_state_stamped__type_support.c.o\x1b[0m\n'}
[102.639627] (-) TimerEvent: {}
[102.690368] (control_msgs) StdoutLine: {'line': b'[ 61%] \x1b[32mBuilding CXX object CMakeFiles/control_msgs__rosidl_typesupport_fastrtps_c.dir/rosidl_typesupport_fastrtps_c/control_msgs/action/detail/joint_trajectory__type_support_c.cpp.o\x1b[0m\n'}
[102.739863] (-) TimerEvent: {}
[102.840816] (-) TimerEvent: {}
[102.849308] (control_msgs) StdoutLine: {'line': b'[ 62%] \x1b[32mBuilding C object CMakeFiles/control_msgs__rosidl_typesupport_introspection_c.dir/rosidl_typesupport_introspection_c/control_msgs/msg/detail/pid_state__type_support.c.o\x1b[0m\n'}
[102.941091] (-) TimerEvent: {}
[103.042493] (-) TimerEvent: {}
[103.070484] (control_msgs) StdoutLine: {'line': b'[ 62%] \x1b[32mBuilding C object CMakeFiles/control_msgs__rosidl_typesupport_introspection_c.dir/rosidl_typesupport_introspection_c/control_msgs/msg/detail/single_dof_state__type_support.c.o\x1b[0m\n'}
[103.142727] (-) TimerEvent: {}
[103.228585] (control_msgs) StdoutLine: {'line': b'[ 63%] \x1b[32m\x1b[1mLinking CXX shared library libcontrol_msgs__rosidl_typesupport_introspection_cpp.so\x1b[0m\n'}
[103.242944] (-) TimerEvent: {}
[103.282675] (control_msgs) StdoutLine: {'line': b'[ 64%] \x1b[32mBuilding C object CMakeFiles/control_msgs__rosidl_typesupport_introspection_c.dir/rosidl_typesupport_introspection_c/control_msgs/msg/detail/single_dof_state_stamped__type_support.c.o\x1b[0m\n'}
[103.343181] (-) TimerEvent: {}
[103.413423] (control_msgs) StdoutLine: {'line': b'[ 64%] \x1b[32mBuilding CXX object CMakeFiles/control_msgs__rosidl_typesupport_fastrtps_c.dir/rosidl_typesupport_fastrtps_c/control_msgs/action/detail/point_head__type_support_c.cpp.o\x1b[0m\n'}
[103.443473] (-) TimerEvent: {}
[103.521420] (control_msgs) StdoutLine: {'line': b'[ 64%] \x1b[32mBuilding C object CMakeFiles/control_msgs__rosidl_typesupport_introspection_c.dir/rosidl_typesupport_introspection_c/control_msgs/msg/detail/steering_controller_status__type_support.c.o\x1b[0m\n'}
[103.543695] (-) TimerEvent: {}
[103.644674] (-) TimerEvent: {}
[103.745816] (-) TimerEvent: {}
[103.805010] (control_msgs) StdoutLine: {'line': b'[ 64%] Built target control_msgs__rosidl_typesupport_introspection_cpp\n'}
[103.821668] (control_msgs) StdoutLine: {'line': b'[ 65%] \x1b[32mBuilding C object CMakeFiles/control_msgs__rosidl_typesupport_introspection_c.dir/rosidl_typesupport_introspection_c/control_msgs/srv/detail/query_calibration_state__type_support.c.o\x1b[0m\n'}
[103.842799] (control_msgs) StdoutLine: {'line': b'[ 65%] \x1b[32mBuilding C object CMakeFiles/control_msgs__rosidl_typesupport_introspection_c.dir/rosidl_typesupport_introspection_c/control_msgs/srv/detail/query_trajectory_state__type_support.c.o\x1b[0m\n'}
[103.846326] (-) TimerEvent: {}
[103.947681] (-) TimerEvent: {}
[104.032708] (control_msgs) StdoutLine: {'line': b'[ 65%] \x1b[32mBuilding CXX object CMakeFiles/control_msgs__rosidl_typesupport_fastrtps_c.dir/rosidl_typesupport_fastrtps_c/control_msgs/action/detail/single_joint_position__type_support_c.cpp.o\x1b[0m\n'}
[104.047922] (-) TimerEvent: {}
[104.136328] (control_msgs) StdoutLine: {'line': b'[ 65%] \x1b[32m\x1b[1mLinking C shared library libcontrol_msgs__rosidl_typesupport_introspection_c.so\x1b[0m\n'}
[104.148209] (-) TimerEvent: {}
[104.249665] (-) TimerEvent: {}
[104.353704] (-) TimerEvent: {}
[104.384860] (control_msgs) StdoutLine: {'line': b'[ 65%] Built target control_msgs__rosidl_typesupport_introspection_c\n'}
[104.444721] (control_msgs) StdoutLine: {'line': b'[ 66%] \x1b[34m\x1b[1mGenerating C type support dispatch for ROS interfaces\x1b[0m\n'}
[104.454131] (-) TimerEvent: {}
[104.555789] (-) TimerEvent: {}
[104.657175] (-) TimerEvent: {}
[104.758754] (-) TimerEvent: {}
[104.860515] (-) TimerEvent: {}
[104.998122] (-) TimerEvent: {}
[105.099050] (-) TimerEvent: {}
[105.160006] (control_msgs) StdoutLine: {'line': b'[ 67%] \x1b[32mBuilding CXX object CMakeFiles/control_msgs__rosidl_typesupport_fastrtps_c.dir/rosidl_typesupport_fastrtps_c/control_msgs/msg/detail/admittance_controller_state__type_support_c.cpp.o\x1b[0m\n'}
[105.199290] (-) TimerEvent: {}
[105.300746] (-) TimerEvent: {}
[105.402100] (-) TimerEvent: {}
[105.503370] (-) TimerEvent: {}
[105.604635] (-) TimerEvent: {}
[105.705986] (-) TimerEvent: {}
[105.807257] (-) TimerEvent: {}
[105.908797] (-) TimerEvent: {}
[105.934503] (control_msgs) StdoutLine: {'line': b'[ 67%] \x1b[32mBuilding CXX object CMakeFiles/control_msgs__rosidl_typesupport_fastrtps_c.dir/rosidl_typesupport_fastrtps_c/control_msgs/msg/detail/dynamic_interface_group_values__type_support_c.cpp.o\x1b[0m\n'}
[106.009041] (-) TimerEvent: {}
[106.109879] (-) TimerEvent: {}
[106.210887] (-) TimerEvent: {}
[106.311784] (-) TimerEvent: {}
[106.412760] (-) TimerEvent: {}
[106.415100] (control_msgs) StdoutLine: {'line': b'[ 68%] \x1b[32mBuilding CXX object CMakeFiles/control_msgs__rosidl_typesupport_fastrtps_c.dir/rosidl_typesupport_fastrtps_c/control_msgs/msg/detail/dynamic_joint_state__type_support_c.cpp.o\x1b[0m\n'}
[106.513022] (-) TimerEvent: {}
[106.614111] (-) TimerEvent: {}
[106.715380] (-) TimerEvent: {}
[106.816272] (-) TimerEvent: {}
[106.917277] (-) TimerEvent: {}
[107.018374] (-) TimerEvent: {}
[107.119272] (-) TimerEvent: {}
[107.220276] (-) TimerEvent: {}
[107.299460] (control_msgs) StdoutLine: {'line': b'[ 68%] \x1b[32mBuilding CXX object CMakeFiles/control_msgs__rosidl_typesupport_fastrtps_c.dir/rosidl_typesupport_fastrtps_c/control_msgs/msg/detail/gripper_command__type_support_c.cpp.o\x1b[0m\n'}
[107.320503] (-) TimerEvent: {}
[107.421629] (-) TimerEvent: {}
[107.522518] (-) TimerEvent: {}
[107.623361] (-) TimerEvent: {}
[107.724221] (-) TimerEvent: {}
[107.825238] (-) TimerEvent: {}
[107.926792] (-) TimerEvent: {}
[108.012492] (control_msgs) StdoutLine: {'line': b'[ 69%] \x1b[32mBuilding CXX object CMakeFiles/control_msgs__rosidl_typesupport_fastrtps_c.dir/rosidl_typesupport_fastrtps_c/control_msgs/msg/detail/interface_value__type_support_c.cpp.o\x1b[0m\n'}
[108.026997] (-) TimerEvent: {}
[108.128240] (-) TimerEvent: {}
[108.234112] (-) TimerEvent: {}
[108.334861] (-) TimerEvent: {}
[108.435697] (-) TimerEvent: {}
[108.450233] (control_msgs) StdoutLine: {'line': b'[ 69%] \x1b[32mBuilding CXX object CMakeFiles/control_msgs__rosidl_typesupport_fastrtps_c.dir/rosidl_typesupport_fastrtps_c/control_msgs/msg/detail/joint_component_tolerance__type_support_c.cpp.o\x1b[0m\n'}
[108.535905] (-) TimerEvent: {}
[108.636770] (-) TimerEvent: {}
[108.737556] (-) TimerEvent: {}
[108.838386] (-) TimerEvent: {}
[108.939202] (-) TimerEvent: {}
[109.040099] (-) TimerEvent: {}
[109.141068] (-) TimerEvent: {}
[109.241903] (-) TimerEvent: {}
[109.304097] (control_msgs) StdoutLine: {'line': b'[ 70%] \x1b[32mBuilding CXX object CMakeFiles/control_msgs__rosidl_typesupport_fastrtps_c.dir/rosidl_typesupport_fastrtps_c/control_msgs/msg/detail/joint_controller_state__type_support_c.cpp.o\x1b[0m\n'}
[109.342172] (-) TimerEvent: {}
[109.444236] (-) TimerEvent: {}
[109.545201] (-) TimerEvent: {}
[109.646270] (-) TimerEvent: {}
[109.747176] (-) TimerEvent: {}
[109.848041] (-) TimerEvent: {}
[109.948907] (-) TimerEvent: {}
[110.033087] (control_msgs) StdoutLine: {'line': b'[ 70%] \x1b[32mBuilding CXX object CMakeFiles/control_msgs__rosidl_typesupport_fastrtps_c.dir/rosidl_typesupport_fastrtps_c/control_msgs/msg/detail/joint_jog__type_support_c.cpp.o\x1b[0m\n'}
[110.049160] (-) TimerEvent: {}
[110.150606] (-) TimerEvent: {}
[110.251861] (-) TimerEvent: {}
[110.352693] (-) TimerEvent: {}
[110.453535] (-) TimerEvent: {}
[110.460228] (control_msgs) StdoutLine: {'line': b'[ 70%] \x1b[32mBuilding CXX object CMakeFiles/control_msgs__rosidl_typesupport_fastrtps_c.dir/rosidl_typesupport_fastrtps_c/control_msgs/msg/detail/joint_tolerance__type_support_c.cpp.o\x1b[0m\n'}
[110.553773] (-) TimerEvent: {}
[110.654557] (-) TimerEvent: {}
[110.755300] (-) TimerEvent: {}
[110.856057] (-) TimerEvent: {}
[110.956948] (-) TimerEvent: {}
[111.058142] (-) TimerEvent: {}
[111.159070] (-) TimerEvent: {}
[111.260065] (-) TimerEvent: {}
[111.361078] (-) TimerEvent: {}
[111.410635] (control_msgs) StdoutLine: {'line': b'[ 71%] \x1b[32mBuilding CXX object CMakeFiles/control_msgs__rosidl_typesupport_fastrtps_c.dir/rosidl_typesupport_fastrtps_c/control_msgs/msg/detail/joint_trajectory_controller_state__type_support_c.cpp.o\x1b[0m\n'}
[111.461375] (-) TimerEvent: {}
[111.562306] (-) TimerEvent: {}
[111.663100] (-) TimerEvent: {}
[111.763844] (-) TimerEvent: {}
[111.864675] (-) TimerEvent: {}
[111.965554] (-) TimerEvent: {}
[112.066604] (-) TimerEvent: {}
[112.141560] (control_msgs) StdoutLine: {'line': b'[ 71%] \x1b[32mBuilding CXX object CMakeFiles/control_msgs__rosidl_typesupport_fastrtps_c.dir/rosidl_typesupport_fastrtps_c/control_msgs/msg/detail/mecanum_drive_controller_state__type_support_c.cpp.o\x1b[0m\n'}
[112.166809] (-) TimerEvent: {}
[112.268198] (-) TimerEvent: {}
[112.369783] (-) TimerEvent: {}
[112.471198] (-) TimerEvent: {}
[112.508671] (control_msgs) StdoutLine: {'line': b'[ 72%] \x1b[32mBuilding CXX object CMakeFiles/control_msgs__rosidl_typesupport_fastrtps_c.dir/rosidl_typesupport_fastrtps_c/control_msgs/msg/detail/multi_dof_command__type_support_c.cpp.o\x1b[0m\n'}
[112.571420] (-) TimerEvent: {}
[112.672750] (-) TimerEvent: {}
[112.774407] (-) TimerEvent: {}
[112.875944] (-) TimerEvent: {}
[112.977523] (-) TimerEvent: {}
[113.079455] (-) TimerEvent: {}
[113.181145] (-) TimerEvent: {}
[113.282625] (-) TimerEvent: {}
[113.384033] (-) TimerEvent: {}
[113.485058] (-) TimerEvent: {}
[113.586082] (-) TimerEvent: {}
[113.620127] (control_msgs) StdoutLine: {'line': b'[ 72%] \x1b[32mBuilding CXX object CMakeFiles/control_msgs__rosidl_typesupport_fastrtps_c.dir/rosidl_typesupport_fastrtps_c/control_msgs/msg/detail/multi_dof_state_stamped__type_support_c.cpp.o\x1b[0m\n'}
[113.686272] (-) TimerEvent: {}
[113.787073] (-) TimerEvent: {}
[113.887843] (-) TimerEvent: {}
[113.988643] (-) TimerEvent: {}
[114.089436] (-) TimerEvent: {}
[114.157647] (control_msgs) StdoutLine: {'line': b'[ 73%] \x1b[32mBuilding CXX object CMakeFiles/control_msgs__rosidl_typesupport_fastrtps_c.dir/rosidl_typesupport_fastrtps_c/control_msgs/msg/detail/pid_state__type_support_c.cpp.o\x1b[0m\n'}
[114.189675] (-) TimerEvent: {}
[114.290572] (-) TimerEvent: {}
[114.391434] (-) TimerEvent: {}
[114.493053] (-) TimerEvent: {}
[114.594472] (-) TimerEvent: {}
[114.596246] (control_msgs) StdoutLine: {'line': b'[ 73%] \x1b[32mBuilding CXX object CMakeFiles/control_msgs__rosidl_typesupport_fastrtps_c.dir/rosidl_typesupport_fastrtps_c/control_msgs/msg/detail/single_dof_state__type_support_c.cpp.o\x1b[0m\n'}
[114.694667] (-) TimerEvent: {}
[114.796094] (-) TimerEvent: {}
[114.897642] (-) TimerEvent: {}
[114.999270] (-) TimerEvent: {}
[115.100684] (-) TimerEvent: {}
[115.202135] (-) TimerEvent: {}
[115.304000] (-) TimerEvent: {}
[115.405415] (-) TimerEvent: {}
[115.506886] (-) TimerEvent: {}
[115.608303] (-) TimerEvent: {}
[115.661251] (control_msgs) StdoutLine: {'line': b'[ 74%] \x1b[32mBuilding CXX object CMakeFiles/control_msgs__rosidl_typesupport_fastrtps_c.dir/rosidl_typesupport_fastrtps_c/control_msgs/msg/detail/single_dof_state_stamped__type_support_c.cpp.o\x1b[0m\n'}
[115.708661] (-) TimerEvent: {}
[115.809629] (-) TimerEvent: {}
[115.910595] (-) TimerEvent: {}
[116.011350] (-) TimerEvent: {}
[116.112201] (-) TimerEvent: {}
[116.213154] (-) TimerEvent: {}
[116.240130] (control_msgs) StdoutLine: {'line': b'[ 74%] \x1b[32mBuilding CXX object CMakeFiles/control_msgs__rosidl_typesupport_fastrtps_c.dir/rosidl_typesupport_fastrtps_c/control_msgs/msg/detail/steering_controller_status__type_support_c.cpp.o\x1b[0m\n'}
[116.313567] (-) TimerEvent: {}
[116.417394] (-) TimerEvent: {}
[116.518898] (-) TimerEvent: {}
[116.620247] (-) TimerEvent: {}
[116.722269] (-) TimerEvent: {}
[116.733632] (control_msgs) StdoutLine: {'line': b'[ 74%] \x1b[32mBuilding CXX object CMakeFiles/control_msgs__rosidl_typesupport_fastrtps_c.dir/rosidl_typesupport_fastrtps_c/control_msgs/srv/detail/query_calibration_state__type_support_c.cpp.o\x1b[0m\n'}
[116.822462] (-) TimerEvent: {}
[116.923790] (-) TimerEvent: {}
[117.025277] (-) TimerEvent: {}
[117.126973] (-) TimerEvent: {}
[117.219665] (control_msgs) StdoutLine: {'line': b'[ 74%] \x1b[32mBuilding CXX object CMakeFiles/control_msgs__rosidl_typesupport_c.dir/rosidl_typesupport_c/control_msgs/action/parallel_gripper_command__type_support.cpp.o\x1b[0m\n'}
[117.227178] (-) TimerEvent: {}
[117.328818] (-) TimerEvent: {}
[117.430059] (-) TimerEvent: {}
[117.531126] (-) TimerEvent: {}
[117.556351] (control_msgs) StdoutLine: {'line': b'[ 75%] \x1b[32mBuilding CXX object CMakeFiles/control_msgs__rosidl_typesupport_c.dir/rosidl_typesupport_c/control_msgs/action/follow_joint_trajectory__type_support.cpp.o\x1b[0m\n'}
[117.631364] (-) TimerEvent: {}
[117.732420] (-) TimerEvent: {}
[117.760198] (control_msgs) StdoutLine: {'line': b'[ 75%] \x1b[32mBuilding CXX object CMakeFiles/control_msgs__rosidl_typesupport_c.dir/rosidl_typesupport_c/control_msgs/action/gripper_command__type_support.cpp.o\x1b[0m\n'}
[117.832724] (-) TimerEvent: {}
[117.890683] (control_msgs) StdoutLine: {'line': b'[ 76%] \x1b[32mBuilding CXX object CMakeFiles/control_msgs__rosidl_typesupport_fastrtps_c.dir/rosidl_typesupport_fastrtps_c/control_msgs/srv/detail/query_trajectory_state__type_support_c.cpp.o\x1b[0m\n'}
[117.932979] (-) TimerEvent: {}
[118.034465] (-) TimerEvent: {}
[118.068528] (control_msgs) StdoutLine: {'line': b'[ 76%] \x1b[32mBuilding CXX object CMakeFiles/control_msgs__rosidl_typesupport_c.dir/rosidl_typesupport_c/control_msgs/action/joint_trajectory__type_support.cpp.o\x1b[0m\n'}
[118.134686] (-) TimerEvent: {}
[118.235547] (-) TimerEvent: {}
[118.336488] (-) TimerEvent: {}
[118.368744] (control_msgs) StdoutLine: {'line': b'[ 77%] \x1b[32mBuilding CXX object CMakeFiles/control_msgs__rosidl_typesupport_c.dir/rosidl_typesupport_c/control_msgs/action/point_head__type_support.cpp.o\x1b[0m\n'}
[118.382069] (control_msgs) StdoutLine: {'line': b'[ 77%] \x1b[32mBuilding CXX object CMakeFiles/control_msgs__rosidl_typesupport_c.dir/rosidl_typesupport_c/control_msgs/action/single_joint_position__type_support.cpp.o\x1b[0m\n'}
[118.436756] (-) TimerEvent: {}
[118.537798] (-) TimerEvent: {}
[118.638750] (-) TimerEvent: {}
[118.675436] (control_msgs) StdoutLine: {'line': b'[ 78%] \x1b[32mBuilding CXX object CMakeFiles/control_msgs__rosidl_typesupport_c.dir/rosidl_typesupport_c/control_msgs/msg/admittance_controller_state__type_support.cpp.o\x1b[0m\n'}
[118.689684] (control_msgs) StdoutLine: {'line': b'[ 78%] \x1b[32mBuilding CXX object CMakeFiles/control_msgs__rosidl_typesupport_c.dir/rosidl_typesupport_c/control_msgs/msg/dynamic_interface_group_values__type_support.cpp.o\x1b[0m\n'}
[118.739039] (-) TimerEvent: {}
[118.801783] (control_msgs) StdoutLine: {'line': b'[ 79%] \x1b[32mBuilding CXX object CMakeFiles/control_msgs__rosidl_typesupport_c.dir/rosidl_typesupport_c/control_msgs/msg/dynamic_joint_state__type_support.cpp.o\x1b[0m\n'}
[118.839309] (-) TimerEvent: {}
[118.871255] (control_msgs) StdoutLine: {'line': b'[ 79%] \x1b[32mBuilding CXX object CMakeFiles/control_msgs__rosidl_typesupport_c.dir/rosidl_typesupport_c/control_msgs/msg/gripper_command__type_support.cpp.o\x1b[0m\n'}
[118.882370] (control_msgs) StdoutLine: {'line': b'[ 80%] \x1b[32mBuilding CXX object CMakeFiles/control_msgs__rosidl_typesupport_c.dir/rosidl_typesupport_c/control_msgs/msg/interface_value__type_support.cpp.o\x1b[0m\n'}
[118.939541] (-) TimerEvent: {}
[118.984134] (control_msgs) StdoutLine: {'line': b'[ 80%] \x1b[32mBuilding CXX object CMakeFiles/control_msgs__rosidl_typesupport_c.dir/rosidl_typesupport_c/control_msgs/msg/joint_component_tolerance__type_support.cpp.o\x1b[0m\n'}
[119.039836] (-) TimerEvent: {}
[119.051374] (control_msgs) StdoutLine: {'line': b'[ 80%] \x1b[32mBuilding CXX object CMakeFiles/control_msgs__rosidl_typesupport_c.dir/rosidl_typesupport_c/control_msgs/msg/joint_controller_state__type_support.cpp.o\x1b[0m\n'}
[119.064573] (control_msgs) StdoutLine: {'line': b'[ 81%] \x1b[32mBuilding CXX object CMakeFiles/control_msgs__rosidl_typesupport_c.dir/rosidl_typesupport_c/control_msgs/msg/joint_jog__type_support.cpp.o\x1b[0m\n'}
[119.140061] (-) TimerEvent: {}
[119.160502] (control_msgs) StdoutLine: {'line': b'[ 81%] \x1b[32mBuilding CXX object CMakeFiles/control_msgs__rosidl_typesupport_c.dir/rosidl_typesupport_c/control_msgs/msg/joint_tolerance__type_support.cpp.o\x1b[0m\n'}
[119.230568] (control_msgs) StdoutLine: {'line': b'[ 82%] \x1b[32mBuilding CXX object CMakeFiles/control_msgs__rosidl_typesupport_c.dir/rosidl_typesupport_c/control_msgs/msg/joint_trajectory_controller_state__type_support.cpp.o\x1b[0m\n'}
[119.240310] (-) TimerEvent: {}
[119.248285] (control_msgs) StdoutLine: {'line': b'[ 82%] \x1b[32mBuilding CXX object CMakeFiles/control_msgs__rosidl_typesupport_c.dir/rosidl_typesupport_c/control_msgs/msg/mecanum_drive_controller_state__type_support.cpp.o\x1b[0m\n'}
[119.336069] (control_msgs) StdoutLine: {'line': b'[ 83%] \x1b[32mBuilding CXX object CMakeFiles/control_msgs__rosidl_typesupport_c.dir/rosidl_typesupport_c/control_msgs/msg/multi_dof_command__type_support.cpp.o\x1b[0m\n'}
[119.340567] (-) TimerEvent: {}
[119.424447] (control_msgs) StdoutLine: {'line': b'[ 83%] \x1b[32mBuilding CXX object CMakeFiles/control_msgs__rosidl_typesupport_c.dir/rosidl_typesupport_c/control_msgs/msg/multi_dof_state_stamped__type_support.cpp.o\x1b[0m\n'}
[119.435256] (control_msgs) StdoutLine: {'line': b'[ 84%] \x1b[32mBuilding CXX object CMakeFiles/control_msgs__rosidl_typesupport_c.dir/rosidl_typesupport_c/control_msgs/msg/pid_state__type_support.cpp.o\x1b[0m\n'}
[119.440809] (-) TimerEvent: {}
[119.512042] (control_msgs) StdoutLine: {'line': b'[ 84%] \x1b[32mBuilding CXX object CMakeFiles/control_msgs__rosidl_typesupport_c.dir/rosidl_typesupport_c/control_msgs/msg/single_dof_state__type_support.cpp.o\x1b[0m\n'}
[119.541088] (-) TimerEvent: {}
[119.611286] (control_msgs) StdoutLine: {'line': b'[ 84%] \x1b[32mBuilding CXX object CMakeFiles/control_msgs__rosidl_typesupport_c.dir/rosidl_typesupport_c/control_msgs/msg/single_dof_state_stamped__type_support.cpp.o\x1b[0m\n'}
[119.622671] (control_msgs) StdoutLine: {'line': b'[ 85%] \x1b[32mBuilding CXX object CMakeFiles/control_msgs__rosidl_typesupport_c.dir/rosidl_typesupport_c/control_msgs/msg/steering_controller_status__type_support.cpp.o\x1b[0m\n'}
[119.641349] (-) TimerEvent: {}
[119.688567] (control_msgs) StdoutLine: {'line': b'[ 85%] \x1b[32mBuilding CXX object CMakeFiles/control_msgs__rosidl_typesupport_c.dir/rosidl_typesupport_c/control_msgs/srv/query_calibration_state__type_support.cpp.o\x1b[0m\n'}
[119.741618] (-) TimerEvent: {}
[119.787796] (control_msgs) StdoutLine: {'line': b'[ 86%] \x1b[32mBuilding CXX object CMakeFiles/control_msgs__rosidl_typesupport_c.dir/rosidl_typesupport_c/control_msgs/srv/query_trajectory_state__type_support.cpp.o\x1b[0m\n'}
[119.841843] (-) TimerEvent: {}
[119.944333] (-) TimerEvent: {}
[119.957615] (control_msgs) StdoutLine: {'line': b'[ 86%] \x1b[32m\x1b[1mLinking CXX shared library libcontrol_msgs__rosidl_typesupport_c.so\x1b[0m\n'}
[120.025676] (control_msgs) StdoutLine: {'line': b'[ 86%] \x1b[32m\x1b[1mLinking CXX shared library libcontrol_msgs__rosidl_typesupport_fastrtps_c.so\x1b[0m\n'}
[120.044599] (-) TimerEvent: {}
[120.145776] (-) TimerEvent: {}
[120.162848] (control_msgs) StdoutLine: {'line': b'[ 86%] Built target control_msgs__rosidl_typesupport_c\n'}
[120.246069] (-) TimerEvent: {}
[120.346821] (-) TimerEvent: {}
[120.404641] (control_msgs) StdoutLine: {'line': b'[ 86%] Built target control_msgs__rosidl_typesupport_fastrtps_c\n'}
[120.447018] (-) TimerEvent: {}
[120.488753] (control_msgs) StdoutLine: {'line': b'[ 86%] Built target control_msgs\n'}
[120.547187] (-) TimerEvent: {}
[120.573634] (control_msgs) StdoutLine: {'line': b'[ 86%] \x1b[34m\x1b[1mGenerating Python code for ROS interfaces\x1b[0m\n'}
[120.647325] (-) TimerEvent: {}
[120.747896] (-) TimerEvent: {}
[120.848487] (-) TimerEvent: {}
[120.949072] (-) TimerEvent: {}
[121.049674] (-) TimerEvent: {}
[121.150288] (-) TimerEvent: {}
[121.250854] (-) TimerEvent: {}
[121.351440] (-) TimerEvent: {}
[121.452030] (-) TimerEvent: {}
[121.552624] (-) TimerEvent: {}
[121.653172] (-) TimerEvent: {}
[121.753760] (-) TimerEvent: {}
[121.854332] (-) TimerEvent: {}
[121.954870] (-) TimerEvent: {}
[122.055402] (-) TimerEvent: {}
[122.155947] (-) TimerEvent: {}
[122.256553] (-) TimerEvent: {}
[122.357125] (-) TimerEvent: {}
[122.457728] (-) TimerEvent: {}
[122.558334] (-) TimerEvent: {}
[122.658886] (-) TimerEvent: {}
[122.759438] (-) TimerEvent: {}
[122.860011] (-) TimerEvent: {}
[122.960602] (-) TimerEvent: {}
[123.061190] (-) TimerEvent: {}
[123.161811] (-) TimerEvent: {}
[123.262428] (-) TimerEvent: {}
[123.363151] (-) TimerEvent: {}
[123.463744] (-) TimerEvent: {}
[123.564315] (-) TimerEvent: {}
[123.664898] (-) TimerEvent: {}
[123.765480] (-) TimerEvent: {}
[123.866063] (-) TimerEvent: {}
[123.966643] (-) TimerEvent: {}
[124.067221] (-) TimerEvent: {}
[124.167781] (-) TimerEvent: {}
[124.268353] (-) TimerEvent: {}
[124.368955] (-) TimerEvent: {}
[124.469533] (-) TimerEvent: {}
[124.570131] (-) TimerEvent: {}
[124.670707] (-) TimerEvent: {}
[124.771298] (-) TimerEvent: {}
[124.871912] (-) TimerEvent: {}
[124.972494] (-) TimerEvent: {}
[125.073076] (-) TimerEvent: {}
[125.173855] (-) TimerEvent: {}
[125.274493] (-) TimerEvent: {}
[125.375108] (-) TimerEvent: {}
[125.475691] (-) TimerEvent: {}
[125.576295] (-) TimerEvent: {}
[125.676869] (-) TimerEvent: {}
[125.777471] (-) TimerEvent: {}
[125.878047] (-) TimerEvent: {}
[125.978619] (-) TimerEvent: {}
[126.079190] (-) TimerEvent: {}
[126.179755] (-) TimerEvent: {}
[126.280376] (-) TimerEvent: {}
[126.381588] (-) TimerEvent: {}
[126.482235] (-) TimerEvent: {}
[126.582813] (-) TimerEvent: {}
[126.683398] (-) TimerEvent: {}
[126.784020] (-) TimerEvent: {}
[126.884628] (-) TimerEvent: {}
[126.985194] (-) TimerEvent: {}
[127.085808] (-) TimerEvent: {}
[127.186424] (-) TimerEvent: {}
[127.286999] (-) TimerEvent: {}
[127.387564] (-) TimerEvent: {}
[127.488122] (-) TimerEvent: {}
[127.588703] (-) TimerEvent: {}
[127.689285] (-) TimerEvent: {}
[127.789892] (-) TimerEvent: {}
[127.890490] (-) TimerEvent: {}
[127.991091] (-) TimerEvent: {}
[128.091663] (-) TimerEvent: {}
[128.192260] (-) TimerEvent: {}
[128.292914] (-) TimerEvent: {}
[128.393566] (-) TimerEvent: {}
[128.494201] (-) TimerEvent: {}
[128.594776] (-) TimerEvent: {}
[128.695345] (-) TimerEvent: {}
[128.795941] (-) TimerEvent: {}
[128.896541] (-) TimerEvent: {}
[128.997122] (-) TimerEvent: {}
[129.097705] (-) TimerEvent: {}
[129.198345] (-) TimerEvent: {}
[129.298920] (-) TimerEvent: {}
[129.399488] (-) TimerEvent: {}
[129.500075] (-) TimerEvent: {}
[129.600680] (-) TimerEvent: {}
[129.701288] (-) TimerEvent: {}
[129.801903] (-) TimerEvent: {}
[129.902508] (-) TimerEvent: {}
[130.003111] (-) TimerEvent: {}
[130.103698] (-) TimerEvent: {}
[130.204342] (-) TimerEvent: {}
[130.319058] (-) TimerEvent: {}
[130.419655] (-) TimerEvent: {}
[130.520306] (-) TimerEvent: {}
[130.620890] (-) TimerEvent: {}
[130.721493] (-) TimerEvent: {}
[130.822067] (-) TimerEvent: {}
[130.922634] (-) TimerEvent: {}
[131.023223] (-) TimerEvent: {}
[131.123813] (-) TimerEvent: {}
[131.224375] (-) TimerEvent: {}
[131.325018] (-) TimerEvent: {}
[131.425714] (-) TimerEvent: {}
[131.526535] (-) TimerEvent: {}
[131.627153] (-) TimerEvent: {}
[131.727761] (-) TimerEvent: {}
[131.828354] (-) TimerEvent: {}
[131.928959] (-) TimerEvent: {}
[132.029562] (-) TimerEvent: {}
[132.130197] (-) TimerEvent: {}
[132.230766] (-) TimerEvent: {}
[132.331355] (-) TimerEvent: {}
[132.431953] (-) TimerEvent: {}
[132.532528] (-) TimerEvent: {}
[132.633098] (-) TimerEvent: {}
[132.733697] (-) TimerEvent: {}
[132.834306] (-) TimerEvent: {}
[132.934888] (-) TimerEvent: {}
[133.035463] (-) TimerEvent: {}
[133.136158] (-) TimerEvent: {}
[133.236991] (-) TimerEvent: {}
[133.337609] (-) TimerEvent: {}
[133.438234] (-) TimerEvent: {}
[133.538792] (-) TimerEvent: {}
[133.639385] (-) TimerEvent: {}
[133.740001] (-) TimerEvent: {}
[133.840603] (-) TimerEvent: {}
[133.941232] (-) TimerEvent: {}
[134.041862] (-) TimerEvent: {}
[134.142482] (-) TimerEvent: {}
[134.243078] (-) TimerEvent: {}
[134.343770] (-) TimerEvent: {}
[134.444557] (-) TimerEvent: {}
[134.545194] (-) TimerEvent: {}
[134.645775] (-) TimerEvent: {}
[134.746426] (-) TimerEvent: {}
[134.847035] (-) TimerEvent: {}
[134.947643] (-) TimerEvent: {}
[135.048242] (-) TimerEvent: {}
[135.148832] (-) TimerEvent: {}
[135.249464] (-) TimerEvent: {}
[135.350272] (-) TimerEvent: {}
[135.450890] (-) TimerEvent: {}
[135.551502] (-) TimerEvent: {}
[135.652120] (-) TimerEvent: {}
[135.752740] (-) TimerEvent: {}
[135.853305] (-) TimerEvent: {}
[135.953973] (-) TimerEvent: {}
[136.054573] (-) TimerEvent: {}
[136.155149] (-) TimerEvent: {}
[136.255746] (-) TimerEvent: {}
[136.356364] (-) TimerEvent: {}
[136.457296] (-) TimerEvent: {}
[136.557879] (-) TimerEvent: {}
[136.658480] (-) TimerEvent: {}
[136.759088] (-) TimerEvent: {}
[136.859673] (-) TimerEvent: {}
[136.960241] (-) TimerEvent: {}
[137.060855] (-) TimerEvent: {}
[137.161470] (-) TimerEvent: {}
[137.262060] (-) TimerEvent: {}
[137.362655] (-) TimerEvent: {}
[137.463253] (-) TimerEvent: {}
[137.563838] (-) TimerEvent: {}
[137.664419] (-) TimerEvent: {}
[137.765040] (-) TimerEvent: {}
[137.865640] (-) TimerEvent: {}
[137.966275] (-) TimerEvent: {}
[138.066857] (-) TimerEvent: {}
[138.167451] (-) TimerEvent: {}
[138.268049] (-) TimerEvent: {}
[138.368682] (-) TimerEvent: {}
[138.469360] (-) TimerEvent: {}
[138.569987] (-) TimerEvent: {}
[138.670583] (-) TimerEvent: {}
[138.771184] (-) TimerEvent: {}
[138.871765] (-) TimerEvent: {}
[138.972356] (-) TimerEvent: {}
[139.072957] (-) TimerEvent: {}
[139.173546] (-) TimerEvent: {}
[139.274146] (-) TimerEvent: {}
[139.374731] (-) TimerEvent: {}
[139.475334] (-) TimerEvent: {}
[139.575945] (-) TimerEvent: {}
[139.676533] (-) TimerEvent: {}
[139.777132] (-) TimerEvent: {}
[139.877712] (-) TimerEvent: {}
[139.978328] (-) TimerEvent: {}
[140.078947] (-) TimerEvent: {}
[140.179556] (-) TimerEvent: {}
[140.280173] (-) TimerEvent: {}
[140.380936] (-) TimerEvent: {}
[140.481569] (-) TimerEvent: {}
[140.582242] (-) TimerEvent: {}
[140.682884] (-) TimerEvent: {}
[140.783509] (-) TimerEvent: {}
[140.884135] (-) TimerEvent: {}
[140.984789] (-) TimerEvent: {}
[141.085418] (-) TimerEvent: {}
[141.186094] (-) TimerEvent: {}
[141.286728] (-) TimerEvent: {}
[141.387333] (-) TimerEvent: {}
[141.487947] (-) TimerEvent: {}
[141.588580] (-) TimerEvent: {}
[141.689202] (-) TimerEvent: {}
[141.789862] (-) TimerEvent: {}
[141.890536] (-) TimerEvent: {}
[141.991174] (-) TimerEvent: {}
[142.091764] (-) TimerEvent: {}
[142.192404] (-) TimerEvent: {}
[142.293075] (-) TimerEvent: {}
[142.393801] (-) TimerEvent: {}
[142.494608] (-) TimerEvent: {}
[142.595233] (-) TimerEvent: {}
[142.695851] (-) TimerEvent: {}
[142.796459] (-) TimerEvent: {}
[142.897069] (-) TimerEvent: {}
[142.997668] (-) TimerEvent: {}
[143.098309] (-) TimerEvent: {}
[143.198913] (-) TimerEvent: {}
[143.299534] (-) TimerEvent: {}
[143.400253] (-) TimerEvent: {}
[143.500903] (-) TimerEvent: {}
[143.601536] (-) TimerEvent: {}
[143.702174] (-) TimerEvent: {}
[143.802794] (-) TimerEvent: {}
[143.903425] (-) TimerEvent: {}
[144.004038] (-) TimerEvent: {}
[144.104714] (-) TimerEvent: {}
[144.205336] (-) TimerEvent: {}
[144.306015] (-) TimerEvent: {}
[144.406685] (-) TimerEvent: {}
[144.507287] (-) TimerEvent: {}
[144.607958] (-) TimerEvent: {}
[144.708728] (-) TimerEvent: {}
[144.809379] (-) TimerEvent: {}
[144.909977] (-) TimerEvent: {}
[145.010588] (-) TimerEvent: {}
[145.111207] (-) TimerEvent: {}
[145.211814] (-) TimerEvent: {}
[145.312450] (-) TimerEvent: {}
[145.413173] (-) TimerEvent: {}
[145.513825] (-) TimerEvent: {}
[145.614461] (-) TimerEvent: {}
[145.714990] (-) TimerEvent: {}
[145.815562] (-) TimerEvent: {}
[145.916128] (-) TimerEvent: {}
[146.016716] (-) TimerEvent: {}
[146.117294] (-) TimerEvent: {}
[146.217897] (-) TimerEvent: {}
[146.318517] (-) TimerEvent: {}
[146.419128] (-) TimerEvent: {}
[146.519699] (-) TimerEvent: {}
[146.620278] (-) TimerEvent: {}
[146.720839] (-) TimerEvent: {}
[146.821415] (-) TimerEvent: {}
[146.922007] (-) TimerEvent: {}
[147.022690] (-) TimerEvent: {}
[147.123259] (-) TimerEvent: {}
[147.223826] (-) TimerEvent: {}
[147.324404] (-) TimerEvent: {}
[147.424984] (-) TimerEvent: {}
[147.525591] (-) TimerEvent: {}
[147.626197] (-) TimerEvent: {}
[147.726740] (-) TimerEvent: {}
[147.827285] (-) TimerEvent: {}
[147.927838] (-) TimerEvent: {}
[148.028423] (-) TimerEvent: {}
[148.128985] (-) TimerEvent: {}
[148.229675] (-) TimerEvent: {}
[148.330381] (-) TimerEvent: {}
[148.430964] (-) TimerEvent: {}
[148.531541] (-) TimerEvent: {}
[148.632124] (-) TimerEvent: {}
[148.732699] (-) TimerEvent: {}
[148.833280] (-) TimerEvent: {}
[148.933854] (-) TimerEvent: {}
[149.034427] (-) TimerEvent: {}
[149.134987] (-) TimerEvent: {}
[149.235544] (-) TimerEvent: {}
[149.336123] (-) TimerEvent: {}
[149.436729] (-) TimerEvent: {}
[149.537316] (-) TimerEvent: {}
[149.637973] (-) TimerEvent: {}
[149.738635] (-) TimerEvent: {}
[149.839480] (-) TimerEvent: {}
[149.941878] (-) TimerEvent: {}
[150.044274] (-) TimerEvent: {}
[150.139000] (control_msgs) StdoutLine: {'line': b'[ 86%] Built target control_msgs__py\n'}
[150.144418] (-) TimerEvent: {}
[150.226222] (control_msgs) StdoutLine: {'line': b'[ 86%] \x1b[32mBuilding C object CMakeFiles/control_msgs__rosidl_generator_py.dir/rosidl_generator_py/control_msgs/action/_parallel_gripper_command_s.c.o\x1b[0m\n'}
[150.228182] (control_msgs) StdoutLine: {'line': b'[ 86%] \x1b[32mBuilding C object CMakeFiles/control_msgs__rosidl_generator_py.dir/rosidl_generator_py/control_msgs/action/_follow_joint_trajectory_s.c.o\x1b[0m\n'}
[150.230931] (control_msgs) StdoutLine: {'line': b'[ 87%] \x1b[32mBuilding C object CMakeFiles/control_msgs__rosidl_generator_py.dir/rosidl_generator_py/control_msgs/action/_gripper_command_s.c.o\x1b[0m\n'}
[150.234298] (control_msgs) StdoutLine: {'line': b'[ 87%] \x1b[32mBuilding C object CMakeFiles/control_msgs__rosidl_generator_py.dir/rosidl_generator_py/control_msgs/action/_joint_trajectory_s.c.o\x1b[0m\n'}
[150.244620] (-) TimerEvent: {}
[150.346907] (-) TimerEvent: {}
[150.447866] (-) TimerEvent: {}
[150.550320] (-) TimerEvent: {}
[150.653401] (-) TimerEvent: {}
[150.755485] (-) TimerEvent: {}
[150.858255] (-) TimerEvent: {}
[150.961638] (-) TimerEvent: {}
[151.064849] (-) TimerEvent: {}
[151.078465] (control_msgs) StdoutLine: {'line': b'[ 88%] \x1b[32mBuilding C object CMakeFiles/control_msgs__rosidl_generator_py.dir/rosidl_generator_py/control_msgs/action/_point_head_s.c.o\x1b[0m\n'}
[151.092398] (control_msgs) StdoutLine: {'line': b'[ 88%] \x1b[32mBuilding C object CMakeFiles/control_msgs__rosidl_generator_py.dir/rosidl_generator_py/control_msgs/action/_single_joint_position_s.c.o\x1b[0m\n'}
[151.104837] (control_msgs) StdoutLine: {'line': b'[ 89%] \x1b[32mBuilding C object CMakeFiles/control_msgs__rosidl_generator_py.dir/rosidl_generator_py/control_msgs/msg/_admittance_controller_state_s.c.o\x1b[0m\n'}
[151.165109] (-) TimerEvent: {}
[151.267202] (-) TimerEvent: {}
[151.277803] (control_msgs) StdoutLine: {'line': b'[ 89%] \x1b[32mBuilding C object CMakeFiles/control_msgs__rosidl_generator_py.dir/rosidl_generator_py/control_msgs/msg/_dynamic_interface_group_values_s.c.o\x1b[0m\n'}
[151.367419] (-) TimerEvent: {}
[151.468216] (-) TimerEvent: {}
[151.569073] (-) TimerEvent: {}
[151.669984] (-) TimerEvent: {}
[151.726613] (control_msgs) StdoutLine: {'line': b'[ 90%] \x1b[32mBuilding C object CMakeFiles/control_msgs__rosidl_generator_py.dir/rosidl_generator_py/control_msgs/msg/_dynamic_joint_state_s.c.o\x1b[0m\n'}
[151.770246] (-) TimerEvent: {}
[151.865832] (control_msgs) StdoutLine: {'line': b'[ 90%] \x1b[32mBuilding C object CMakeFiles/control_msgs__rosidl_generator_py.dir/rosidl_generator_py/control_msgs/msg/_gripper_command_s.c.o\x1b[0m\n'}
[151.868244] (control_msgs) StdoutLine: {'line': b'[ 90%] \x1b[32mBuilding C object CMakeFiles/control_msgs__rosidl_generator_py.dir/rosidl_generator_py/control_msgs/msg/_interface_value_s.c.o\x1b[0m\n'}
[151.870371] (-) TimerEvent: {}
[151.910041] (control_msgs) StdoutLine: {'line': b'[ 91%] \x1b[32mBuilding C object CMakeFiles/control_msgs__rosidl_generator_py.dir/rosidl_generator_py/control_msgs/msg/_joint_component_tolerance_s.c.o\x1b[0m\n'}
[151.970582] (-) TimerEvent: {}
[152.071432] (-) TimerEvent: {}
[152.172377] (-) TimerEvent: {}
[152.273406] (-) TimerEvent: {}
[152.322634] (control_msgs) StdoutLine: {'line': b'[ 91%] \x1b[32mBuilding C object CMakeFiles/control_msgs__rosidl_generator_py.dir/rosidl_generator_py/control_msgs/msg/_joint_controller_state_s.c.o\x1b[0m\n'}
[152.373727] (-) TimerEvent: {}
[152.442423] (control_msgs) StdoutLine: {'line': b'[ 92%] \x1b[32mBuilding C object CMakeFiles/control_msgs__rosidl_generator_py.dir/rosidl_generator_py/control_msgs/msg/_joint_jog_s.c.o\x1b[0m\n'}
[152.474012] (-) TimerEvent: {}
[152.501442] (control_msgs) StdoutLine: {'line': b'[ 92%] \x1b[32mBuilding C object CMakeFiles/control_msgs__rosidl_generator_py.dir/rosidl_generator_py/control_msgs/msg/_joint_tolerance_s.c.o\x1b[0m\n'}
[152.513611] (control_msgs) StdoutLine: {'line': b'[ 93%] \x1b[32mBuilding C object CMakeFiles/control_msgs__rosidl_generator_py.dir/rosidl_generator_py/control_msgs/msg/_joint_trajectory_controller_state_s.c.o\x1b[0m\n'}
[152.574122] (-) TimerEvent: {}
[152.676015] (-) TimerEvent: {}
[152.778209] (-) TimerEvent: {}
[152.880479] (-) TimerEvent: {}
[152.920969] (control_msgs) StdoutLine: {'line': b'[ 93%] \x1b[32mBuilding C object CMakeFiles/control_msgs__rosidl_generator_py.dir/rosidl_generator_py/control_msgs/msg/_mecanum_drive_controller_state_s.c.o\x1b[0m\n'}
[152.981109] (-) TimerEvent: {}
[153.085433] (-) TimerEvent: {}
[153.100611] (control_msgs) StdoutLine: {'line': b'[ 94%] \x1b[32mBuilding C object CMakeFiles/control_msgs__rosidl_generator_py.dir/rosidl_generator_py/control_msgs/msg/_multi_dof_command_s.c.o\x1b[0m\n'}
[153.107380] (control_msgs) StdoutLine: {'line': b'[ 94%] \x1b[32mBuilding C object CMakeFiles/control_msgs__rosidl_generator_py.dir/rosidl_generator_py/control_msgs/msg/_multi_dof_state_stamped_s.c.o\x1b[0m\n'}
[153.171619] (control_msgs) StdoutLine: {'line': b'[ 94%] \x1b[32mBuilding C object CMakeFiles/control_msgs__rosidl_generator_py.dir/rosidl_generator_py/control_msgs/msg/_pid_state_s.c.o\x1b[0m\n'}
[153.185670] (-) TimerEvent: {}
[153.287917] (-) TimerEvent: {}
[153.390127] (-) TimerEvent: {}
[153.490533] (control_msgs) StdoutLine: {'line': b'[ 95%] \x1b[32mBuilding C object CMakeFiles/control_msgs__rosidl_generator_py.dir/rosidl_generator_py/control_msgs/msg/_single_dof_state_s.c.o\x1b[0m\n'}
[153.491483] (-) TimerEvent: {}
[153.594345] (-) TimerEvent: {}
[153.697144] (-) TimerEvent: {}
[153.709438] (control_msgs) StdoutLine: {'line': b'[ 95%] \x1b[32mBuilding C object CMakeFiles/control_msgs__rosidl_generator_py.dir/rosidl_generator_py/control_msgs/msg/_single_dof_state_stamped_s.c.o\x1b[0m\n'}
[153.742011] (control_msgs) StdoutLine: {'line': b'[ 96%] \x1b[32mBuilding C object CMakeFiles/control_msgs__rosidl_generator_py.dir/rosidl_generator_py/control_msgs/msg/_steering_controller_status_s.c.o\x1b[0m\n'}
[153.775852] (control_msgs) StdoutLine: {'line': b'[ 96%] \x1b[32mBuilding C object CMakeFiles/control_msgs__rosidl_generator_py.dir/rosidl_generator_py/control_msgs/srv/_query_calibration_state_s.c.o\x1b[0m\n'}
[153.797345] (-) TimerEvent: {}
[153.899521] (-) TimerEvent: {}
[154.001645] (-) TimerEvent: {}
[154.093532] (control_msgs) StdoutLine: {'line': b'[ 97%] \x1b[32mBuilding C object CMakeFiles/control_msgs__rosidl_generator_py.dir/rosidl_generator_py/control_msgs/srv/_query_trajectory_state_s.c.o\x1b[0m\n'}
[154.101897] (-) TimerEvent: {}
[154.204365] (-) TimerEvent: {}
[154.307132] (-) TimerEvent: {}
[154.409238] (-) TimerEvent: {}
[154.509965] (-) TimerEvent: {}
[154.610667] (-) TimerEvent: {}
[154.711449] (-) TimerEvent: {}
[154.753609] (control_msgs) StdoutLine: {'line': b'[ 97%] \x1b[32m\x1b[1mLinking C shared library rosidl_generator_py/control_msgs/libcontrol_msgs__rosidl_generator_py.so\x1b[0m\n'}
[154.811690] (-) TimerEvent: {}
[154.912392] (-) TimerEvent: {}
[155.013237] (-) TimerEvent: {}
[155.020963] (control_msgs) StdoutLine: {'line': b'[ 97%] Built target control_msgs__rosidl_generator_py\n'}
[155.102956] (control_msgs) StdoutLine: {'line': b'[ 98%] \x1b[32mBuilding C object CMakeFiles/control_msgs__rosidl_typesupport_fastrtps_c__pyext.dir/rosidl_generator_py/control_msgs/_control_msgs_s.ep.rosidl_typesupport_fastrtps_c.c.o\x1b[0m\n'}
[155.104311] (control_msgs) StdoutLine: {'line': b'[ 99%] \x1b[32mBuilding C object CMakeFiles/control_msgs__rosidl_typesupport_introspection_c__pyext.dir/rosidl_generator_py/control_msgs/_control_msgs_s.ep.rosidl_typesupport_introspection_c.c.o\x1b[0m\n'}
[155.106386] (control_msgs) StdoutLine: {'line': b'[100%] \x1b[32mBuilding C object CMakeFiles/control_msgs__rosidl_typesupport_c__pyext.dir/rosidl_generator_py/control_msgs/_control_msgs_s.ep.rosidl_typesupport_c.c.o\x1b[0m\n'}
[155.113502] (-) TimerEvent: {}
[155.214594] (-) TimerEvent: {}
[155.315700] (-) TimerEvent: {}
[155.416429] (-) TimerEvent: {}
[155.517153] (-) TimerEvent: {}
[155.618078] (-) TimerEvent: {}
[155.718802] (-) TimerEvent: {}
[155.819631] (-) TimerEvent: {}
[155.920637] (-) TimerEvent: {}
[156.021472] (-) TimerEvent: {}
[156.122343] (-) TimerEvent: {}
[156.223151] (-) TimerEvent: {}
[156.323988] (-) TimerEvent: {}
[156.424887] (-) TimerEvent: {}
[156.525750] (-) TimerEvent: {}
[156.626732] (-) TimerEvent: {}
[156.677544] (control_msgs) StdoutLine: {'line': b'[100%] \x1b[32m\x1b[1mLinking C shared library rosidl_generator_py/control_msgs/control_msgs_s__rosidl_typesupport_c.cpython-310-aarch64-linux-gnu.so\x1b[0m\n'}
[156.688690] (control_msgs) StdoutLine: {'line': b'[100%] \x1b[32m\x1b[1mLinking C shared library rosidl_generator_py/control_msgs/control_msgs_s__rosidl_typesupport_fastrtps_c.cpython-310-aarch64-linux-gnu.so\x1b[0m\n'}
[156.698371] (control_msgs) StdoutLine: {'line': b'[100%] \x1b[32m\x1b[1mLinking C shared library rosidl_generator_py/control_msgs/control_msgs_s__rosidl_typesupport_introspection_c.cpython-310-aarch64-linux-gnu.so\x1b[0m\n'}
[156.726939] (-) TimerEvent: {}
[156.828894] (-) TimerEvent: {}
[156.932636] (-) TimerEvent: {}
[157.037695] (-) TimerEvent: {}
[157.128282] (control_msgs) StdoutLine: {'line': b'[100%] Built target control_msgs__rosidl_typesupport_c__pyext\n'}
[157.137264] (control_msgs) StdoutLine: {'line': b'[100%] Built target control_msgs__rosidl_typesupport_fastrtps_c__pyext\n'}
[157.138075] (-) TimerEvent: {}
[157.147140] (control_msgs) StdoutLine: {'line': b'[100%] Built target control_msgs__rosidl_typesupport_introspection_c__pyext\n'}
[157.192329] (control_msgs) CommandEnded: {'returncode': 0}
[157.194432] (control_msgs) JobProgress: {'identifier': 'control_msgs', 'progress': 'install'}
[157.227167] (control_msgs) Command: {'cmd': ['/usr/bin/cmake', '--install', '/home/pinet/SLAM_AGV/workspace/build/control_msgs'], 'cwd': '/home/pinet/SLAM_AGV/workspace/build/control_msgs', 'env': OrderedDict([('LESSOPEN', '| /usr/bin/lesspipe %s'), ('TMUX', '/tmp/tmux-1000/default,1136,1'), ('USER', 'pinet'), ('SSH_CLIENT', '192.168.1.107 48042 22'), ('LC_TIME', 'en_GB.UTF-8'), ('XDG_SESSION_TYPE', 'tty'), ('SHLVL', '2'), ('LD_LIBRARY_PATH', '/opt/ros/humble/lib/aarch64-linux-gnu:/opt/ros/humble/lib'), ('MOTD_SHOWN', 'pam'), ('HOME', '/home/pinet'), ('OLDPWD', '/home/pinet/SLAM_AGV/workspace/src'), ('TERM_PROGRAM_VERSION', '3.2a'), ('SSH_TTY', '/dev/pts/0'), ('ROS_PYTHON_VERSION', '3'), ('LC_MONETARY', 'en_GB.UTF-8'), ('DBUS_SESSION_BUS_ADDRESS', 'unix:path=/run/user/1000/bus'), ('ROS_DISTRO', 'humble'), ('LOGNAME', 'pinet'), ('_', '/usr/bin/colcon'), ('ROS_VERSION', '2'), ('XDG_SESSION_CLASS', 'user'), ('TERM', 'screen'), ('XDG_SESSION_ID', '1'), ('ROS_LOCALHOST_ONLY', '0'), ('PATH', '/opt/ros/humble/bin:/usr/local/sbin:/usr/local/bin:/usr/sbin:/usr/bin:/sbin:/bin:/usr/games:/usr/local/games:/snap/bin'), ('LC_ADDRESS', 'en_GB.UTF-8'), ('XDG_RUNTIME_DIR', '/run/user/1000'), ('LANG', 'en_US.UTF-8'), ('LC_TELEPHONE', 'en_GB.UTF-8'), ('LS_COLORS', 'rs=0:di=01;34:ln=01;36:mh=00:pi=40;33:so=01;35:do=01;35:bd=40;33;01:cd=40;33;01:or=40;31;01:mi=00:su=37;41:sg=30;43:ca=30;41:tw=30;42:ow=34;42:st=37;44:ex=01;32:*.tar=01;31:*.tgz=01;31:*.arc=01;31:*.arj=01;31:*.taz=01;31:*.lha=01;31:*.lz4=01;31:*.lzh=01;31:*.lzma=01;31:*.tlz=01;31:*.txz=01;31:*.tzo=01;31:*.t7z=01;31:*.zip=01;31:*.z=01;31:*.dz=01;31:*.gz=01;31:*.lrz=01;31:*.lz=01;31:*.lzo=01;31:*.xz=01;31:*.zst=01;31:*.tzst=01;31:*.bz2=01;31:*.bz=01;31:*.tbz=01;31:*.tbz2=01;31:*.tz=01;31:*.deb=01;31:*.rpm=01;31:*.jar=01;31:*.war=01;31:*.ear=01;31:*.sar=01;31:*.rar=01;31:*.alz=01;31:*.ace=01;31:*.zoo=01;31:*.cpio=01;31:*.7z=01;31:*.rz=01;31:*.cab=01;31:*.wim=01;31:*.swm=01;31:*.dwm=01;31:*.esd=01;31:*.jpg=01;35:*.jpeg=01;35:*.mjpg=01;35:*.mjpeg=01;35:*.gif=01;35:*.bmp=01;35:*.pbm=01;35:*.pgm=01;35:*.ppm=01;35:*.tga=01;35:*.xbm=01;35:*.xpm=01;35:*.tif=01;35:*.tiff=01;35:*.png=01;35:*.svg=01;35:*.svgz=01;35:*.mng=01;35:*.pcx=01;35:*.mov=01;35:*.mpg=01;35:*.mpeg=01;35:*.m2v=01;35:*.mkv=01;35:*.webm=01;35:*.webp=01;35:*.ogm=01;35:*.mp4=01;35:*.m4v=01;35:*.mp4v=01;35:*.vob=01;35:*.qt=01;35:*.nuv=01;35:*.wmv=01;35:*.asf=01;35:*.rm=01;35:*.rmvb=01;35:*.flc=01;35:*.avi=01;35:*.fli=01;35:*.flv=01;35:*.gl=01;35:*.dl=01;35:*.xcf=01;35:*.xwd=01;35:*.yuv=01;35:*.cgm=01;35:*.emf=01;35:*.ogv=01;35:*.ogx=01;35:*.aac=00;36:*.au=00;36:*.flac=00;36:*.m4a=00;36:*.mid=00;36:*.midi=00;36:*.mka=00;36:*.mp3=00;36:*.mpc=00;36:*.ogg=00;36:*.ra=00;36:*.wav=00;36:*.oga=00;36:*.opus=00;36:*.spx=00;36:*.xspf=00;36:'), ('TERM_PROGRAM', 'tmux'), ('ROS_DOMAIN_ID', '0'), ('AMENT_PREFIX_PATH', '/opt/ros/humble'), ('SHELL', '/bin/bash'), ('LC_NAME', 'en_GB.UTF-8'), ('LESSCLOSE', '/usr/bin/lesspipe %s %s'), ('LC_MEASUREMENT', 'en_GB.UTF-8'), ('LC_IDENTIFICATION', 'en_GB.UTF-8'), ('PWD', '/home/pinet/SLAM_AGV/workspace/build/control_msgs'), ('LC_ALL', 'en_US.UTF-8'), ('SSH_CONNECTION', '192.168.1.107 50810 192.168.1.102 22'), ('XDG_DATA_DIRS', '/usr/local/share:/usr/share:/var/lib/snapd/desktop'), ('PYTHONPATH', '/opt/ros/humble/lib/python3.10/site-packages:/opt/ros/humble/local/lib/python3.10/dist-packages'), ('LC_NUMERIC', 'en_GB.UTF-8'), ('LC_PAPER', 'en_GB.UTF-8'), ('COLCON', '1'), ('TMUX_PANE', '%3'), ('CMAKE_PREFIX_PATH', '/opt/ros/humble')]), 'shell': False}
[157.238254] (-) TimerEvent: {}
[157.258635] (control_msgs) StdoutLine: {'line': b'-- Install configuration: ""\n'}
[157.261072] (control_msgs) StdoutLine: {'line': b'-- Execute custom install script\n'}
[157.263871] (control_msgs) StdoutLine: {'line': b'-- Up-to-date symlink: /home/pinet/SLAM_AGV/workspace/install/control_msgs/share/ament_index/resource_index/rosidl_interfaces/control_msgs\n'}
[157.278810] (control_msgs) StdoutLine: {'line': b'-- Up-to-date symlink: /home/pinet/SLAM_AGV/workspace/install/control_msgs/include/control_msgs/control_msgs/action/detail/follow_joint_trajectory__functions.h\n'}
[157.280211] (control_msgs) StdoutLine: {'line': b'-- Up-to-date symlink: /home/pinet/SLAM_AGV/workspace/install/control_msgs/include/control_msgs/control_msgs/action/detail/follow_joint_trajectory__struct.h\n'}
[157.281645] (control_msgs) StdoutLine: {'line': b'-- Up-to-date symlink: /home/pinet/SLAM_AGV/workspace/install/control_msgs/include/control_msgs/control_msgs/action/detail/follow_joint_trajectory__type_support.h\n'}
[157.283140] (control_msgs) StdoutLine: {'line': b'-- Up-to-date symlink: /home/pinet/SLAM_AGV/workspace/install/control_msgs/include/control_msgs/control_msgs/action/detail/gripper_command__functions.h\n'}
[157.284557] (control_msgs) StdoutLine: {'line': b'-- Up-to-date symlink: /home/pinet/SLAM_AGV/workspace/install/control_msgs/include/control_msgs/control_msgs/action/detail/gripper_command__struct.h\n'}
[157.286018] (control_msgs) StdoutLine: {'line': b'-- Up-to-date symlink: /home/pinet/SLAM_AGV/workspace/install/control_msgs/include/control_msgs/control_msgs/action/detail/gripper_command__type_support.h\n'}
[157.287479] (control_msgs) StdoutLine: {'line': b'-- Up-to-date symlink: /home/pinet/SLAM_AGV/workspace/install/control_msgs/include/control_msgs/control_msgs/action/detail/joint_trajectory__functions.h\n'}
[157.289119] (control_msgs) StdoutLine: {'line': b'-- Up-to-date symlink: /home/pinet/SLAM_AGV/workspace/install/control_msgs/include/control_msgs/control_msgs/action/detail/joint_trajectory__struct.h\n'}
[157.290776] (control_msgs) StdoutLine: {'line': b'-- Up-to-date symlink: /home/pinet/SLAM_AGV/workspace/install/control_msgs/include/control_msgs/control_msgs/action/detail/joint_trajectory__type_support.h\n'}
[157.292389] (control_msgs) StdoutLine: {'line': b'-- Up-to-date symlink: /home/pinet/SLAM_AGV/workspace/install/control_msgs/include/control_msgs/control_msgs/action/detail/parallel_gripper_command__functions.h\n'}
[157.294029] (control_msgs) StdoutLine: {'line': b'-- Up-to-date symlink: /home/pinet/SLAM_AGV/workspace/install/control_msgs/include/control_msgs/control_msgs/action/detail/parallel_gripper_command__struct.h\n'}
[157.295691] (control_msgs) StdoutLine: {'line': b'-- Up-to-date symlink: /home/pinet/SLAM_AGV/workspace/install/control_msgs/include/control_msgs/control_msgs/action/detail/parallel_gripper_command__type_support.h\n'}
[157.297298] (control_msgs) StdoutLine: {'line': b'-- Up-to-date symlink: /home/pinet/SLAM_AGV/workspace/install/control_msgs/include/control_msgs/control_msgs/action/detail/point_head__functions.h\n'}
[157.298893] (control_msgs) StdoutLine: {'line': b'-- Up-to-date symlink: /home/pinet/SLAM_AGV/workspace/install/control_msgs/include/control_msgs/control_msgs/action/detail/point_head__struct.h\n'}
[157.300492] (control_msgs) StdoutLine: {'line': b'-- Up-to-date symlink: /home/pinet/SLAM_AGV/workspace/install/control_msgs/include/control_msgs/control_msgs/action/detail/point_head__type_support.h\n'}
[157.302146] (control_msgs) StdoutLine: {'line': b'-- Up-to-date symlink: /home/pinet/SLAM_AGV/workspace/install/control_msgs/include/control_msgs/control_msgs/action/detail/single_joint_position__functions.h\n'}
[157.303754] (control_msgs) StdoutLine: {'line': b'-- Up-to-date symlink: /home/pinet/SLAM_AGV/workspace/install/control_msgs/include/control_msgs/control_msgs/action/detail/single_joint_position__struct.h\n'}
[157.305533] (control_msgs) StdoutLine: {'line': b'-- Up-to-date symlink: /home/pinet/SLAM_AGV/workspace/install/control_msgs/include/control_msgs/control_msgs/action/detail/single_joint_position__type_support.h\n'}
[157.307092] (control_msgs) StdoutLine: {'line': b'-- Up-to-date symlink: /home/pinet/SLAM_AGV/workspace/install/control_msgs/include/control_msgs/control_msgs/action/follow_joint_trajectory.h\n'}
[157.308613] (control_msgs) StdoutLine: {'line': b'-- Up-to-date symlink: /home/pinet/SLAM_AGV/workspace/install/control_msgs/include/control_msgs/control_msgs/action/gripper_command.h\n'}
[157.310139] (control_msgs) StdoutLine: {'line': b'-- Up-to-date symlink: /home/pinet/SLAM_AGV/workspace/install/control_msgs/include/control_msgs/control_msgs/action/joint_trajectory.h\n'}
[157.311606] (control_msgs) StdoutLine: {'line': b'-- Up-to-date symlink: /home/pinet/SLAM_AGV/workspace/install/control_msgs/include/control_msgs/control_msgs/action/parallel_gripper_command.h\n'}
[157.313048] (control_msgs) StdoutLine: {'line': b'-- Up-to-date symlink: /home/pinet/SLAM_AGV/workspace/install/control_msgs/include/control_msgs/control_msgs/action/point_head.h\n'}
[157.314532] (control_msgs) StdoutLine: {'line': b'-- Up-to-date symlink: /home/pinet/SLAM_AGV/workspace/install/control_msgs/include/control_msgs/control_msgs/action/single_joint_position.h\n'}
[157.316400] (control_msgs) StdoutLine: {'line': b'-- Up-to-date symlink: /home/pinet/SLAM_AGV/workspace/install/control_msgs/include/control_msgs/control_msgs/msg/admittance_controller_state.h\n'}
[157.318875] (control_msgs) StdoutLine: {'line': b'-- Up-to-date symlink: /home/pinet/SLAM_AGV/workspace/install/control_msgs/include/control_msgs/control_msgs/msg/detail/admittance_controller_state__functions.h\n'}
[157.320885] (control_msgs) StdoutLine: {'line': b'-- Up-to-date symlink: /home/pinet/SLAM_AGV/workspace/install/control_msgs/include/control_msgs/control_msgs/msg/detail/admittance_controller_state__struct.h\n'}
[157.322569] (control_msgs) StdoutLine: {'line': b'-- Up-to-date symlink: /home/pinet/SLAM_AGV/workspace/install/control_msgs/include/control_msgs/control_msgs/msg/detail/admittance_controller_state__type_support.h\n'}
[157.324658] (control_msgs) StdoutLine: {'line': b'-- Up-to-date symlink: /home/pinet/SLAM_AGV/workspace/install/control_msgs/include/control_msgs/control_msgs/msg/detail/dynamic_interface_group_values__functions.h\n'}
[157.326355] (control_msgs) StdoutLine: {'line': b'-- Up-to-date symlink: /home/pinet/SLAM_AGV/workspace/install/control_msgs/include/control_msgs/control_msgs/msg/detail/dynamic_interface_group_values__struct.h\n'}
[157.328087] (control_msgs) StdoutLine: {'line': b'-- Up-to-date symlink: /home/pinet/SLAM_AGV/workspace/install/control_msgs/include/control_msgs/control_msgs/msg/detail/dynamic_interface_group_values__type_support.h\n'}
[157.329707] (control_msgs) StdoutLine: {'line': b'-- Up-to-date symlink: /home/pinet/SLAM_AGV/workspace/install/control_msgs/include/control_msgs/control_msgs/msg/detail/dynamic_joint_state__functions.h\n'}
[157.331361] (control_msgs) StdoutLine: {'line': b'-- Up-to-date symlink: /home/pinet/SLAM_AGV/workspace/install/control_msgs/include/control_msgs/control_msgs/msg/detail/dynamic_joint_state__struct.h\n'}
[157.332984] (control_msgs) StdoutLine: {'line': b'-- Up-to-date symlink: /home/pinet/SLAM_AGV/workspace/install/control_msgs/include/control_msgs/control_msgs/msg/detail/dynamic_joint_state__type_support.h\n'}
[157.334632] (control_msgs) StdoutLine: {'line': b'-- Up-to-date symlink: /home/pinet/SLAM_AGV/workspace/install/control_msgs/include/control_msgs/control_msgs/msg/detail/gripper_command__functions.h\n'}
[157.336682] (control_msgs) StdoutLine: {'line': b'-- Up-to-date symlink: /home/pinet/SLAM_AGV/workspace/install/control_msgs/include/control_msgs/control_msgs/msg/detail/gripper_command__struct.h\n'}
[157.338311] (control_msgs) StdoutLine: {'line': b'-- Up-to-date symlink: /home/pinet/SLAM_AGV/workspace/install/control_msgs/include/control_msgs/control_msgs/msg/detail/gripper_command__type_support.h\n'}
[157.338818] (-) TimerEvent: {}
[157.340012] (control_msgs) StdoutLine: {'line': b'-- Up-to-date symlink: /home/pinet/SLAM_AGV/workspace/install/control_msgs/include/control_msgs/control_msgs/msg/detail/interface_value__functions.h\n'}
[157.341606] (control_msgs) StdoutLine: {'line': b'-- Up-to-date symlink: /home/pinet/SLAM_AGV/workspace/install/control_msgs/include/control_msgs/control_msgs/msg/detail/interface_value__struct.h\n'}
[157.343248] (control_msgs) StdoutLine: {'line': b'-- Up-to-date symlink: /home/pinet/SLAM_AGV/workspace/install/control_msgs/include/control_msgs/control_msgs/msg/detail/interface_value__type_support.h\n'}
[157.344821] (control_msgs) StdoutLine: {'line': b'-- Up-to-date symlink: /home/pinet/SLAM_AGV/workspace/install/control_msgs/include/control_msgs/control_msgs/msg/detail/joint_component_tolerance__functions.h\n'}
[157.346462] (control_msgs) StdoutLine: {'line': b'-- Up-to-date symlink: /home/pinet/SLAM_AGV/workspace/install/control_msgs/include/control_msgs/control_msgs/msg/detail/joint_component_tolerance__struct.h\n'}
[157.348054] (control_msgs) StdoutLine: {'line': b'-- Up-to-date symlink: /home/pinet/SLAM_AGV/workspace/install/control_msgs/include/control_msgs/control_msgs/msg/detail/joint_component_tolerance__type_support.h\n'}
[157.349634] (control_msgs) StdoutLine: {'line': b'-- Up-to-date symlink: /home/pinet/SLAM_AGV/workspace/install/control_msgs/include/control_msgs/control_msgs/msg/detail/joint_controller_state__functions.h\n'}
[157.351220] (control_msgs) StdoutLine: {'line': b'-- Up-to-date symlink: /home/pinet/SLAM_AGV/workspace/install/control_msgs/include/control_msgs/control_msgs/msg/detail/joint_controller_state__struct.h\n'}
[157.352803] (control_msgs) StdoutLine: {'line': b'-- Up-to-date symlink: /home/pinet/SLAM_AGV/workspace/install/control_msgs/include/control_msgs/control_msgs/msg/detail/joint_controller_state__type_support.h\n'}
[157.354394] (control_msgs) StdoutLine: {'line': b'-- Up-to-date symlink: /home/pinet/SLAM_AGV/workspace/install/control_msgs/include/control_msgs/control_msgs/msg/detail/joint_jog__functions.h\n'}
[157.355925] (control_msgs) StdoutLine: {'line': b'-- Up-to-date symlink: /home/pinet/SLAM_AGV/workspace/install/control_msgs/include/control_msgs/control_msgs/msg/detail/joint_jog__struct.h\n'}
[157.357440] (control_msgs) StdoutLine: {'line': b'-- Up-to-date symlink: /home/pinet/SLAM_AGV/workspace/install/control_msgs/include/control_msgs/control_msgs/msg/detail/joint_jog__type_support.h\n'}
[157.359005] (control_msgs) StdoutLine: {'line': b'-- Up-to-date symlink: /home/pinet/SLAM_AGV/workspace/install/control_msgs/include/control_msgs/control_msgs/msg/detail/joint_tolerance__functions.h\n'}
[157.360534] (control_msgs) StdoutLine: {'line': b'-- Up-to-date symlink: /home/pinet/SLAM_AGV/workspace/install/control_msgs/include/control_msgs/control_msgs/msg/detail/joint_tolerance__struct.h\n'}
[157.362066] (control_msgs) StdoutLine: {'line': b'-- Up-to-date symlink: /home/pinet/SLAM_AGV/workspace/install/control_msgs/include/control_msgs/control_msgs/msg/detail/joint_tolerance__type_support.h\n'}
[157.363675] (control_msgs) StdoutLine: {'line': b'-- Up-to-date symlink: /home/pinet/SLAM_AGV/workspace/install/control_msgs/include/control_msgs/control_msgs/msg/detail/joint_trajectory_controller_state__functions.h\n'}
[157.365227] (control_msgs) StdoutLine: {'line': b'-- Up-to-date symlink: /home/pinet/SLAM_AGV/workspace/install/control_msgs/include/control_msgs/control_msgs/msg/detail/joint_trajectory_controller_state__struct.h\n'}
[157.366813] (control_msgs) StdoutLine: {'line': b'-- Up-to-date symlink: /home/pinet/SLAM_AGV/workspace/install/control_msgs/include/control_msgs/control_msgs/msg/detail/joint_trajectory_controller_state__type_support.h\n'}
[157.368396] (control_msgs) StdoutLine: {'line': b'-- Up-to-date symlink: /home/pinet/SLAM_AGV/workspace/install/control_msgs/include/control_msgs/control_msgs/msg/detail/mecanum_drive_controller_state__functions.h\n'}
[157.369948] (control_msgs) StdoutLine: {'line': b'-- Up-to-date symlink: /home/pinet/SLAM_AGV/workspace/install/control_msgs/include/control_msgs/control_msgs/msg/detail/mecanum_drive_controller_state__struct.h\n'}
[157.371511] (control_msgs) StdoutLine: {'line': b'-- Up-to-date symlink: /home/pinet/SLAM_AGV/workspace/install/control_msgs/include/control_msgs/control_msgs/msg/detail/mecanum_drive_controller_state__type_support.h\n'}
[157.373034] (control_msgs) StdoutLine: {'line': b'-- Up-to-date symlink: /home/pinet/SLAM_AGV/workspace/install/control_msgs/include/control_msgs/control_msgs/msg/detail/multi_dof_command__functions.h\n'}
[157.374650] (control_msgs) StdoutLine: {'line': b'-- Up-to-date symlink: /home/pinet/SLAM_AGV/workspace/install/control_msgs/include/control_msgs/control_msgs/msg/detail/multi_dof_command__struct.h\n'}
[157.376200] (control_msgs) StdoutLine: {'line': b'-- Up-to-date symlink: /home/pinet/SLAM_AGV/workspace/install/control_msgs/include/control_msgs/control_msgs/msg/detail/multi_dof_command__type_support.h\n'}
[157.377772] (control_msgs) StdoutLine: {'line': b'-- Up-to-date symlink: /home/pinet/SLAM_AGV/workspace/install/control_msgs/include/control_msgs/control_msgs/msg/detail/multi_dof_state_stamped__functions.h\n'}
[157.379376] (control_msgs) StdoutLine: {'line': b'-- Up-to-date symlink: /home/pinet/SLAM_AGV/workspace/install/control_msgs/include/control_msgs/control_msgs/msg/detail/multi_dof_state_stamped__struct.h\n'}
[157.380960] (control_msgs) StdoutLine: {'line': b'-- Up-to-date symlink: /home/pinet/SLAM_AGV/workspace/install/control_msgs/include/control_msgs/control_msgs/msg/detail/multi_dof_state_stamped__type_support.h\n'}
[157.382604] (control_msgs) StdoutLine: {'line': b'-- Up-to-date symlink: /home/pinet/SLAM_AGV/workspace/install/control_msgs/include/control_msgs/control_msgs/msg/detail/pid_state__functions.h\n'}
[157.384148] (control_msgs) StdoutLine: {'line': b'-- Up-to-date symlink: /home/pinet/SLAM_AGV/workspace/install/control_msgs/include/control_msgs/control_msgs/msg/detail/pid_state__struct.h\n'}
[157.385696] (control_msgs) StdoutLine: {'line': b'-- Up-to-date symlink: /home/pinet/SLAM_AGV/workspace/install/control_msgs/include/control_msgs/control_msgs/msg/detail/pid_state__type_support.h\n'}
[157.387276] (control_msgs) StdoutLine: {'line': b'-- Up-to-date symlink: /home/pinet/SLAM_AGV/workspace/install/control_msgs/include/control_msgs/control_msgs/msg/detail/single_dof_state__functions.h\n'}
[157.388823] (control_msgs) StdoutLine: {'line': b'-- Up-to-date symlink: /home/pinet/SLAM_AGV/workspace/install/control_msgs/include/control_msgs/control_msgs/msg/detail/single_dof_state__struct.h\n'}
[157.390406] (control_msgs) StdoutLine: {'line': b'-- Up-to-date symlink: /home/pinet/SLAM_AGV/workspace/install/control_msgs/include/control_msgs/control_msgs/msg/detail/single_dof_state__type_support.h\n'}
[157.391947] (control_msgs) StdoutLine: {'line': b'-- Up-to-date symlink: /home/pinet/SLAM_AGV/workspace/install/control_msgs/include/control_msgs/control_msgs/msg/detail/single_dof_state_stamped__functions.h\n'}
[157.393477] (control_msgs) StdoutLine: {'line': b'-- Up-to-date symlink: /home/pinet/SLAM_AGV/workspace/install/control_msgs/include/control_msgs/control_msgs/msg/detail/single_dof_state_stamped__struct.h\n'}
[157.395031] (control_msgs) StdoutLine: {'line': b'-- Up-to-date symlink: /home/pinet/SLAM_AGV/workspace/install/control_msgs/include/control_msgs/control_msgs/msg/detail/single_dof_state_stamped__type_support.h\n'}
[157.396575] (control_msgs) StdoutLine: {'line': b'-- Up-to-date symlink: /home/pinet/SLAM_AGV/workspace/install/control_msgs/include/control_msgs/control_msgs/msg/detail/steering_controller_status__functions.h\n'}
[157.398165] (control_msgs) StdoutLine: {'line': b'-- Up-to-date symlink: /home/pinet/SLAM_AGV/workspace/install/control_msgs/include/control_msgs/control_msgs/msg/detail/steering_controller_status__struct.h\n'}
[157.399711] (control_msgs) StdoutLine: {'line': b'-- Up-to-date symlink: /home/pinet/SLAM_AGV/workspace/install/control_msgs/include/control_msgs/control_msgs/msg/detail/steering_controller_status__type_support.h\n'}
[157.401178] (control_msgs) StdoutLine: {'line': b'-- Up-to-date symlink: /home/pinet/SLAM_AGV/workspace/install/control_msgs/include/control_msgs/control_msgs/msg/dynamic_interface_group_values.h\n'}
[157.402686] (control_msgs) StdoutLine: {'line': b'-- Up-to-date symlink: /home/pinet/SLAM_AGV/workspace/install/control_msgs/include/control_msgs/control_msgs/msg/dynamic_joint_state.h\n'}
[157.404200] (control_msgs) StdoutLine: {'line': b'-- Up-to-date symlink: /home/pinet/SLAM_AGV/workspace/install/control_msgs/include/control_msgs/control_msgs/msg/gripper_command.h\n'}
[157.405600] (control_msgs) StdoutLine: {'line': b'-- Up-to-date symlink: /home/pinet/SLAM_AGV/workspace/install/control_msgs/include/control_msgs/control_msgs/msg/interface_value.h\n'}
[157.407102] (control_msgs) StdoutLine: {'line': b'-- Up-to-date symlink: /home/pinet/SLAM_AGV/workspace/install/control_msgs/include/control_msgs/control_msgs/msg/joint_component_tolerance.h\n'}
[157.408539] (control_msgs) StdoutLine: {'line': b'-- Up-to-date symlink: /home/pinet/SLAM_AGV/workspace/install/control_msgs/include/control_msgs/control_msgs/msg/joint_controller_state.h\n'}
[157.410010] (control_msgs) StdoutLine: {'line': b'-- Up-to-date symlink: /home/pinet/SLAM_AGV/workspace/install/control_msgs/include/control_msgs/control_msgs/msg/joint_jog.h\n'}
[157.411463] (control_msgs) StdoutLine: {'line': b'-- Up-to-date symlink: /home/pinet/SLAM_AGV/workspace/install/control_msgs/include/control_msgs/control_msgs/msg/joint_tolerance.h\n'}
[157.412902] (control_msgs) StdoutLine: {'line': b'-- Up-to-date symlink: /home/pinet/SLAM_AGV/workspace/install/control_msgs/include/control_msgs/control_msgs/msg/joint_trajectory_controller_state.h\n'}
[157.414389] (control_msgs) StdoutLine: {'line': b'-- Up-to-date symlink: /home/pinet/SLAM_AGV/workspace/install/control_msgs/include/control_msgs/control_msgs/msg/mecanum_drive_controller_state.h\n'}
[157.415816] (control_msgs) StdoutLine: {'line': b'-- Up-to-date symlink: /home/pinet/SLAM_AGV/workspace/install/control_msgs/include/control_msgs/control_msgs/msg/multi_dof_command.h\n'}
[157.417250] (control_msgs) StdoutLine: {'line': b'-- Up-to-date symlink: /home/pinet/SLAM_AGV/workspace/install/control_msgs/include/control_msgs/control_msgs/msg/multi_dof_state_stamped.h\n'}
[157.418729] (control_msgs) StdoutLine: {'line': b'-- Up-to-date symlink: /home/pinet/SLAM_AGV/workspace/install/control_msgs/include/control_msgs/control_msgs/msg/pid_state.h\n'}
[157.420225] (control_msgs) StdoutLine: {'line': b'-- Up-to-date symlink: /home/pinet/SLAM_AGV/workspace/install/control_msgs/include/control_msgs/control_msgs/msg/rosidl_generator_c__visibility_control.h\n'}
[157.421719] (control_msgs) StdoutLine: {'line': b'-- Up-to-date symlink: /home/pinet/SLAM_AGV/workspace/install/control_msgs/include/control_msgs/control_msgs/msg/single_dof_state.h\n'}
[157.423234] (control_msgs) StdoutLine: {'line': b'-- Up-to-date symlink: /home/pinet/SLAM_AGV/workspace/install/control_msgs/include/control_msgs/control_msgs/msg/single_dof_state_stamped.h\n'}
[157.424669] (control_msgs) StdoutLine: {'line': b'-- Up-to-date symlink: /home/pinet/SLAM_AGV/workspace/install/control_msgs/include/control_msgs/control_msgs/msg/steering_controller_status.h\n'}
[157.427055] (control_msgs) StdoutLine: {'line': b'-- Up-to-date symlink: /home/pinet/SLAM_AGV/workspace/install/control_msgs/include/control_msgs/control_msgs/srv/detail/query_calibration_state__functions.h\n'}
[157.428549] (control_msgs) StdoutLine: {'line': b'-- Up-to-date symlink: /home/pinet/SLAM_AGV/workspace/install/control_msgs/include/control_msgs/control_msgs/srv/detail/query_calibration_state__struct.h\n'}
[157.430256] (control_msgs) StdoutLine: {'line': b'-- Up-to-date symlink: /home/pinet/SLAM_AGV/workspace/install/control_msgs/include/control_msgs/control_msgs/srv/detail/query_calibration_state__type_support.h\n'}
[157.431846] (control_msgs) StdoutLine: {'line': b'-- Up-to-date symlink: /home/pinet/SLAM_AGV/workspace/install/control_msgs/include/control_msgs/control_msgs/srv/detail/query_trajectory_state__functions.h\n'}
[157.433459] (control_msgs) StdoutLine: {'line': b'-- Up-to-date symlink: /home/pinet/SLAM_AGV/workspace/install/control_msgs/include/control_msgs/control_msgs/srv/detail/query_trajectory_state__struct.h\n'}
[157.435075] (control_msgs) StdoutLine: {'line': b'-- Up-to-date symlink: /home/pinet/SLAM_AGV/workspace/install/control_msgs/include/control_msgs/control_msgs/srv/detail/query_trajectory_state__type_support.h\n'}
[157.436579] (control_msgs) StdoutLine: {'line': b'-- Up-to-date symlink: /home/pinet/SLAM_AGV/workspace/install/control_msgs/include/control_msgs/control_msgs/srv/query_calibration_state.h\n'}
[157.438080] (control_msgs) StdoutLine: {'line': b'-- Up-to-date symlink: /home/pinet/SLAM_AGV/workspace/install/control_msgs/include/control_msgs/control_msgs/srv/query_trajectory_state.h\n'}
[157.438939] (-) TimerEvent: {}
[157.440483] (control_msgs) StdoutLine: {'line': b'-- Up-to-date symlink: /home/pinet/SLAM_AGV/workspace/install/control_msgs/share/control_msgs/environment/library_path.sh\n'}
[157.442170] (control_msgs) StdoutLine: {'line': b'-- Up-to-date symlink: /home/pinet/SLAM_AGV/workspace/install/control_msgs/share/control_msgs/environment/library_path.dsv\n'}
[157.456043] (control_msgs) StdoutLine: {'line': b'-- Up-to-date symlink: /home/pinet/SLAM_AGV/workspace/install/control_msgs/include/control_msgs/control_msgs/action/detail/follow_joint_trajectory__rosidl_typesupport_fastrtps_c.h\n'}
[157.457503] (control_msgs) StdoutLine: {'line': b'-- Up-to-date symlink: /home/pinet/SLAM_AGV/workspace/install/control_msgs/include/control_msgs/control_msgs/action/detail/gripper_command__rosidl_typesupport_fastrtps_c.h\n'}
[157.459046] (control_msgs) StdoutLine: {'line': b'-- Up-to-date symlink: /home/pinet/SLAM_AGV/workspace/install/control_msgs/include/control_msgs/control_msgs/action/detail/joint_trajectory__rosidl_typesupport_fastrtps_c.h\n'}
[157.460651] (control_msgs) StdoutLine: {'line': b'-- Up-to-date symlink: /home/pinet/SLAM_AGV/workspace/install/control_msgs/include/control_msgs/control_msgs/action/detail/parallel_gripper_command__rosidl_typesupport_fastrtps_c.h\n'}
[157.462316] (control_msgs) StdoutLine: {'line': b'-- Up-to-date symlink: /home/pinet/SLAM_AGV/workspace/install/control_msgs/include/control_msgs/control_msgs/action/detail/point_head__rosidl_typesupport_fastrtps_c.h\n'}
[157.463909] (control_msgs) StdoutLine: {'line': b'-- Up-to-date symlink: /home/pinet/SLAM_AGV/workspace/install/control_msgs/include/control_msgs/control_msgs/action/detail/single_joint_position__rosidl_typesupport_fastrtps_c.h\n'}
[157.465505] (control_msgs) StdoutLine: {'line': b'-- Up-to-date symlink: /home/pinet/SLAM_AGV/workspace/install/control_msgs/include/control_msgs/control_msgs/msg/detail/admittance_controller_state__rosidl_typesupport_fastrtps_c.h\n'}
[157.467108] (control_msgs) StdoutLine: {'line': b'-- Up-to-date symlink: /home/pinet/SLAM_AGV/workspace/install/control_msgs/include/control_msgs/control_msgs/msg/detail/dynamic_interface_group_values__rosidl_typesupport_fastrtps_c.h\n'}
[157.468672] (control_msgs) StdoutLine: {'line': b'-- Up-to-date symlink: /home/pinet/SLAM_AGV/workspace/install/control_msgs/include/control_msgs/control_msgs/msg/detail/dynamic_joint_state__rosidl_typesupport_fastrtps_c.h\n'}
[157.470358] (control_msgs) StdoutLine: {'line': b'-- Up-to-date symlink: /home/pinet/SLAM_AGV/workspace/install/control_msgs/include/control_msgs/control_msgs/msg/detail/gripper_command__rosidl_typesupport_fastrtps_c.h\n'}
[157.471953] (control_msgs) StdoutLine: {'line': b'-- Up-to-date symlink: /home/pinet/SLAM_AGV/workspace/install/control_msgs/include/control_msgs/control_msgs/msg/detail/interface_value__rosidl_typesupport_fastrtps_c.h\n'}
[157.473571] (control_msgs) StdoutLine: {'line': b'-- Up-to-date symlink: /home/pinet/SLAM_AGV/workspace/install/control_msgs/include/control_msgs/control_msgs/msg/detail/joint_component_tolerance__rosidl_typesupport_fastrtps_c.h\n'}
[157.475242] (control_msgs) StdoutLine: {'line': b'-- Up-to-date symlink: /home/pinet/SLAM_AGV/workspace/install/control_msgs/include/control_msgs/control_msgs/msg/detail/joint_controller_state__rosidl_typesupport_fastrtps_c.h\n'}
[157.476820] (control_msgs) StdoutLine: {'line': b'-- Up-to-date symlink: /home/pinet/SLAM_AGV/workspace/install/control_msgs/include/control_msgs/control_msgs/msg/detail/joint_jog__rosidl_typesupport_fastrtps_c.h\n'}
[157.478431] (control_msgs) StdoutLine: {'line': b'-- Up-to-date symlink: /home/pinet/SLAM_AGV/workspace/install/control_msgs/include/control_msgs/control_msgs/msg/detail/joint_tolerance__rosidl_typesupport_fastrtps_c.h\n'}
[157.480069] (control_msgs) StdoutLine: {'line': b'-- Up-to-date symlink: /home/pinet/SLAM_AGV/workspace/install/control_msgs/include/control_msgs/control_msgs/msg/detail/joint_trajectory_controller_state__rosidl_typesupport_fastrtps_c.h\n'}
[157.481628] (control_msgs) StdoutLine: {'line': b'-- Up-to-date symlink: /home/pinet/SLAM_AGV/workspace/install/control_msgs/include/control_msgs/control_msgs/msg/detail/mecanum_drive_controller_state__rosidl_typesupport_fastrtps_c.h\n'}
[157.483229] (control_msgs) StdoutLine: {'line': b'-- Up-to-date symlink: /home/pinet/SLAM_AGV/workspace/install/control_msgs/include/control_msgs/control_msgs/msg/detail/multi_dof_command__rosidl_typesupport_fastrtps_c.h\n'}
[157.484808] (control_msgs) StdoutLine: {'line': b'-- Up-to-date symlink: /home/pinet/SLAM_AGV/workspace/install/control_msgs/include/control_msgs/control_msgs/msg/detail/multi_dof_state_stamped__rosidl_typesupport_fastrtps_c.h\n'}
[157.486405] (control_msgs) StdoutLine: {'line': b'-- Up-to-date symlink: /home/pinet/SLAM_AGV/workspace/install/control_msgs/include/control_msgs/control_msgs/msg/detail/pid_state__rosidl_typesupport_fastrtps_c.h\n'}
[157.488025] (control_msgs) StdoutLine: {'line': b'-- Up-to-date symlink: /home/pinet/SLAM_AGV/workspace/install/control_msgs/include/control_msgs/control_msgs/msg/detail/single_dof_state__rosidl_typesupport_fastrtps_c.h\n'}
[157.489626] (control_msgs) StdoutLine: {'line': b'-- Up-to-date symlink: /home/pinet/SLAM_AGV/workspace/install/control_msgs/include/control_msgs/control_msgs/msg/detail/single_dof_state_stamped__rosidl_typesupport_fastrtps_c.h\n'}
[157.491270] (control_msgs) StdoutLine: {'line': b'-- Up-to-date symlink: /home/pinet/SLAM_AGV/workspace/install/control_msgs/include/control_msgs/control_msgs/msg/detail/steering_controller_status__rosidl_typesupport_fastrtps_c.h\n'}
[157.492785] (control_msgs) StdoutLine: {'line': b'-- Up-to-date symlink: /home/pinet/SLAM_AGV/workspace/install/control_msgs/include/control_msgs/control_msgs/msg/rosidl_typesupport_fastrtps_c__visibility_control.h\n'}
[157.494424] (control_msgs) StdoutLine: {'line': b'-- Up-to-date symlink: /home/pinet/SLAM_AGV/workspace/install/control_msgs/include/control_msgs/control_msgs/srv/detail/query_calibration_state__rosidl_typesupport_fastrtps_c.h\n'}
[157.496002] (control_msgs) StdoutLine: {'line': b'-- Up-to-date symlink: /home/pinet/SLAM_AGV/workspace/install/control_msgs/include/control_msgs/control_msgs/srv/detail/query_trajectory_state__rosidl_typesupport_fastrtps_c.h\n'}
[157.510299] (control_msgs) StdoutLine: {'line': b'-- Up-to-date symlink: /home/pinet/SLAM_AGV/workspace/install/control_msgs/include/control_msgs/control_msgs/action/detail/follow_joint_trajectory__builder.hpp\n'}
[157.511747] (control_msgs) StdoutLine: {'line': b'-- Up-to-date symlink: /home/pinet/SLAM_AGV/workspace/install/control_msgs/include/control_msgs/control_msgs/action/detail/follow_joint_trajectory__struct.hpp\n'}
[157.513251] (control_msgs) StdoutLine: {'line': b'-- Up-to-date symlink: /home/pinet/SLAM_AGV/workspace/install/control_msgs/include/control_msgs/control_msgs/action/detail/follow_joint_trajectory__traits.hpp\n'}
[157.514793] (control_msgs) StdoutLine: {'line': b'-- Up-to-date symlink: /home/pinet/SLAM_AGV/workspace/install/control_msgs/include/control_msgs/control_msgs/action/detail/follow_joint_trajectory__type_support.hpp\n'}
[157.516287] (control_msgs) StdoutLine: {'line': b'-- Up-to-date symlink: /home/pinet/SLAM_AGV/workspace/install/control_msgs/include/control_msgs/control_msgs/action/detail/gripper_command__builder.hpp\n'}
[157.517749] (control_msgs) StdoutLine: {'line': b'-- Up-to-date symlink: /home/pinet/SLAM_AGV/workspace/install/control_msgs/include/control_msgs/control_msgs/action/detail/gripper_command__struct.hpp\n'}
[157.519380] (control_msgs) StdoutLine: {'line': b'-- Up-to-date symlink: /home/pinet/SLAM_AGV/workspace/install/control_msgs/include/control_msgs/control_msgs/action/detail/gripper_command__traits.hpp\n'}
[157.520897] (control_msgs) StdoutLine: {'line': b'-- Up-to-date symlink: /home/pinet/SLAM_AGV/workspace/install/control_msgs/include/control_msgs/control_msgs/action/detail/gripper_command__type_support.hpp\n'}
[157.522473] (control_msgs) StdoutLine: {'line': b'-- Up-to-date symlink: /home/pinet/SLAM_AGV/workspace/install/control_msgs/include/control_msgs/control_msgs/action/detail/joint_trajectory__builder.hpp\n'}
[157.523968] (control_msgs) StdoutLine: {'line': b'-- Up-to-date symlink: /home/pinet/SLAM_AGV/workspace/install/control_msgs/include/control_msgs/control_msgs/action/detail/joint_trajectory__struct.hpp\n'}
[157.525513] (control_msgs) StdoutLine: {'line': b'-- Up-to-date symlink: /home/pinet/SLAM_AGV/workspace/install/control_msgs/include/control_msgs/control_msgs/action/detail/joint_trajectory__traits.hpp\n'}
[157.527056] (control_msgs) StdoutLine: {'line': b'-- Up-to-date symlink: /home/pinet/SLAM_AGV/workspace/install/control_msgs/include/control_msgs/control_msgs/action/detail/joint_trajectory__type_support.hpp\n'}
[157.528615] (control_msgs) StdoutLine: {'line': b'-- Up-to-date symlink: /home/pinet/SLAM_AGV/workspace/install/control_msgs/include/control_msgs/control_msgs/action/detail/parallel_gripper_command__builder.hpp\n'}
[157.530185] (control_msgs) StdoutLine: {'line': b'-- Up-to-date symlink: /home/pinet/SLAM_AGV/workspace/install/control_msgs/include/control_msgs/control_msgs/action/detail/parallel_gripper_command__struct.hpp\n'}
[157.531771] (control_msgs) StdoutLine: {'line': b'-- Up-to-date symlink: /home/pinet/SLAM_AGV/workspace/install/control_msgs/include/control_msgs/control_msgs/action/detail/parallel_gripper_command__traits.hpp\n'}
[157.533390] (control_msgs) StdoutLine: {'line': b'-- Up-to-date symlink: /home/pinet/SLAM_AGV/workspace/install/control_msgs/include/control_msgs/control_msgs/action/detail/parallel_gripper_command__type_support.hpp\n'}
[157.534982] (control_msgs) StdoutLine: {'line': b'-- Up-to-date symlink: /home/pinet/SLAM_AGV/workspace/install/control_msgs/include/control_msgs/control_msgs/action/detail/point_head__builder.hpp\n'}
[157.536584] (control_msgs) StdoutLine: {'line': b'-- Up-to-date symlink: /home/pinet/SLAM_AGV/workspace/install/control_msgs/include/control_msgs/control_msgs/action/detail/point_head__struct.hpp\n'}
[157.538217] (control_msgs) StdoutLine: {'line': b'-- Up-to-date symlink: /home/pinet/SLAM_AGV/workspace/install/control_msgs/include/control_msgs/control_msgs/action/detail/point_head__traits.hpp\n'}
[157.539052] (-) TimerEvent: {}
[157.539990] (control_msgs) StdoutLine: {'line': b'-- Up-to-date symlink: /home/pinet/SLAM_AGV/workspace/install/control_msgs/include/control_msgs/control_msgs/action/detail/point_head__type_support.hpp\n'}
[157.541648] (control_msgs) StdoutLine: {'line': b'-- Up-to-date symlink: /home/pinet/SLAM_AGV/workspace/install/control_msgs/include/control_msgs/control_msgs/action/detail/single_joint_position__builder.hpp\n'}
[157.543387] (control_msgs) StdoutLine: {'line': b'-- Up-to-date symlink: /home/pinet/SLAM_AGV/workspace/install/control_msgs/include/control_msgs/control_msgs/action/detail/single_joint_position__struct.hpp\n'}
[157.545059] (control_msgs) StdoutLine: {'line': b'-- Up-to-date symlink: /home/pinet/SLAM_AGV/workspace/install/control_msgs/include/control_msgs/control_msgs/action/detail/single_joint_position__traits.hpp\n'}
[157.546677] (control_msgs) StdoutLine: {'line': b'-- Up-to-date symlink: /home/pinet/SLAM_AGV/workspace/install/control_msgs/include/control_msgs/control_msgs/action/detail/single_joint_position__type_support.hpp\n'}
[157.548160] (control_msgs) StdoutLine: {'line': b'-- Up-to-date symlink: /home/pinet/SLAM_AGV/workspace/install/control_msgs/include/control_msgs/control_msgs/action/follow_joint_trajectory.hpp\n'}
[157.549680] (control_msgs) StdoutLine: {'line': b'-- Up-to-date symlink: /home/pinet/SLAM_AGV/workspace/install/control_msgs/include/control_msgs/control_msgs/action/gripper_command.hpp\n'}
[157.551228] (control_msgs) StdoutLine: {'line': b'-- Up-to-date symlink: /home/pinet/SLAM_AGV/workspace/install/control_msgs/include/control_msgs/control_msgs/action/joint_trajectory.hpp\n'}
[157.552733] (control_msgs) StdoutLine: {'line': b'-- Up-to-date symlink: /home/pinet/SLAM_AGV/workspace/install/control_msgs/include/control_msgs/control_msgs/action/parallel_gripper_command.hpp\n'}
[157.554229] (control_msgs) StdoutLine: {'line': b'-- Up-to-date symlink: /home/pinet/SLAM_AGV/workspace/install/control_msgs/include/control_msgs/control_msgs/action/point_head.hpp\n'}
[157.555691] (control_msgs) StdoutLine: {'line': b'-- Up-to-date symlink: /home/pinet/SLAM_AGV/workspace/install/control_msgs/include/control_msgs/control_msgs/action/single_joint_position.hpp\n'}
[157.557155] (control_msgs) StdoutLine: {'line': b'-- Up-to-date symlink: /home/pinet/SLAM_AGV/workspace/install/control_msgs/include/control_msgs/control_msgs/msg/admittance_controller_state.hpp\n'}
[157.558783] (control_msgs) StdoutLine: {'line': b'-- Up-to-date symlink: /home/pinet/SLAM_AGV/workspace/install/control_msgs/include/control_msgs/control_msgs/msg/detail/admittance_controller_state__builder.hpp\n'}
[157.560371] (control_msgs) StdoutLine: {'line': b'-- Up-to-date symlink: /home/pinet/SLAM_AGV/workspace/install/control_msgs/include/control_msgs/control_msgs/msg/detail/admittance_controller_state__struct.hpp\n'}
[157.561967] (control_msgs) StdoutLine: {'line': b'-- Up-to-date symlink: /home/pinet/SLAM_AGV/workspace/install/control_msgs/include/control_msgs/control_msgs/msg/detail/admittance_controller_state__traits.hpp\n'}
[157.563656] (control_msgs) StdoutLine: {'line': b'-- Up-to-date symlink: /home/pinet/SLAM_AGV/workspace/install/control_msgs/include/control_msgs/control_msgs/msg/detail/admittance_controller_state__type_support.hpp\n'}
[157.565195] (control_msgs) StdoutLine: {'line': b'-- Up-to-date symlink: /home/pinet/SLAM_AGV/workspace/install/control_msgs/include/control_msgs/control_msgs/msg/detail/dynamic_interface_group_values__builder.hpp\n'}
[157.566866] (control_msgs) StdoutLine: {'line': b'-- Up-to-date symlink: /home/pinet/SLAM_AGV/workspace/install/control_msgs/include/control_msgs/control_msgs/msg/detail/dynamic_interface_group_values__struct.hpp\n'}
[157.568492] (control_msgs) StdoutLine: {'line': b'-- Up-to-date symlink: /home/pinet/SLAM_AGV/workspace/install/control_msgs/include/control_msgs/control_msgs/msg/detail/dynamic_interface_group_values__traits.hpp\n'}
[157.570163] (control_msgs) StdoutLine: {'line': b'-- Up-to-date symlink: /home/pinet/SLAM_AGV/workspace/install/control_msgs/include/control_msgs/control_msgs/msg/detail/dynamic_interface_group_values__type_support.hpp\n'}
[157.571773] (control_msgs) StdoutLine: {'line': b'-- Up-to-date symlink: /home/pinet/SLAM_AGV/workspace/install/control_msgs/include/control_msgs/control_msgs/msg/detail/dynamic_joint_state__builder.hpp\n'}
[157.573371] (control_msgs) StdoutLine: {'line': b'-- Up-to-date symlink: /home/pinet/SLAM_AGV/workspace/install/control_msgs/include/control_msgs/control_msgs/msg/detail/dynamic_joint_state__struct.hpp\n'}
[157.575124] (control_msgs) StdoutLine: {'line': b'-- Up-to-date symlink: /home/pinet/SLAM_AGV/workspace/install/control_msgs/include/control_msgs/control_msgs/msg/detail/dynamic_joint_state__traits.hpp\n'}
[157.586263] (control_msgs) StdoutLine: {'line': b'-- Up-to-date symlink: /home/pinet/SLAM_AGV/workspace/install/control_msgs/include/control_msgs/control_msgs/msg/detail/dynamic_joint_state__type_support.hpp\n'}
[157.588908] (control_msgs) StdoutLine: {'line': b'-- Up-to-date symlink: /home/pinet/SLAM_AGV/workspace/install/control_msgs/include/control_msgs/control_msgs/msg/detail/gripper_command__builder.hpp\n'}
[157.591611] (control_msgs) StdoutLine: {'line': b'-- Up-to-date symlink: /home/pinet/SLAM_AGV/workspace/install/control_msgs/include/control_msgs/control_msgs/msg/detail/gripper_command__struct.hpp\n'}
[157.594260] (control_msgs) StdoutLine: {'line': b'-- Up-to-date symlink: /home/pinet/SLAM_AGV/workspace/install/control_msgs/include/control_msgs/control_msgs/msg/detail/gripper_command__traits.hpp\n'}
[157.596937] (control_msgs) StdoutLine: {'line': b'-- Up-to-date symlink: /home/pinet/SLAM_AGV/workspace/install/control_msgs/include/control_msgs/control_msgs/msg/detail/gripper_command__type_support.hpp\n'}
[157.598691] (control_msgs) StdoutLine: {'line': b'-- Up-to-date symlink: /home/pinet/SLAM_AGV/workspace/install/control_msgs/include/control_msgs/control_msgs/msg/detail/interface_value__builder.hpp\n'}
[157.600236] (control_msgs) StdoutLine: {'line': b'-- Up-to-date symlink: /home/pinet/SLAM_AGV/workspace/install/control_msgs/include/control_msgs/control_msgs/msg/detail/interface_value__struct.hpp\n'}
[157.601768] (control_msgs) StdoutLine: {'line': b'-- Up-to-date symlink: /home/pinet/SLAM_AGV/workspace/install/control_msgs/include/control_msgs/control_msgs/msg/detail/interface_value__traits.hpp\n'}
[157.603381] (control_msgs) StdoutLine: {'line': b'-- Up-to-date symlink: /home/pinet/SLAM_AGV/workspace/install/control_msgs/include/control_msgs/control_msgs/msg/detail/interface_value__type_support.hpp\n'}
[157.604946] (control_msgs) StdoutLine: {'line': b'-- Up-to-date symlink: /home/pinet/SLAM_AGV/workspace/install/control_msgs/include/control_msgs/control_msgs/msg/detail/joint_component_tolerance__builder.hpp\n'}
[157.606542] (control_msgs) StdoutLine: {'line': b'-- Up-to-date symlink: /home/pinet/SLAM_AGV/workspace/install/control_msgs/include/control_msgs/control_msgs/msg/detail/joint_component_tolerance__struct.hpp\n'}
[157.608094] (control_msgs) StdoutLine: {'line': b'-- Up-to-date symlink: /home/pinet/SLAM_AGV/workspace/install/control_msgs/include/control_msgs/control_msgs/msg/detail/joint_component_tolerance__traits.hpp\n'}
[157.609639] (control_msgs) StdoutLine: {'line': b'-- Up-to-date symlink: /home/pinet/SLAM_AGV/workspace/install/control_msgs/include/control_msgs/control_msgs/msg/detail/joint_component_tolerance__type_support.hpp\n'}
[157.611227] (control_msgs) StdoutLine: {'line': b'-- Up-to-date symlink: /home/pinet/SLAM_AGV/workspace/install/control_msgs/include/control_msgs/control_msgs/msg/detail/joint_controller_state__builder.hpp\n'}
[157.612829] (control_msgs) StdoutLine: {'line': b'-- Up-to-date symlink: /home/pinet/SLAM_AGV/workspace/install/control_msgs/include/control_msgs/control_msgs/msg/detail/joint_controller_state__struct.hpp\n'}
[157.614419] (control_msgs) StdoutLine: {'line': b'-- Up-to-date symlink: /home/pinet/SLAM_AGV/workspace/install/control_msgs/include/control_msgs/control_msgs/msg/detail/joint_controller_state__traits.hpp\n'}
[157.616072] (control_msgs) StdoutLine: {'line': b'-- Up-to-date symlink: /home/pinet/SLAM_AGV/workspace/install/control_msgs/include/control_msgs/control_msgs/msg/detail/joint_controller_state__type_support.hpp\n'}
[157.617685] (control_msgs) StdoutLine: {'line': b'-- Up-to-date symlink: /home/pinet/SLAM_AGV/workspace/install/control_msgs/include/control_msgs/control_msgs/msg/detail/joint_jog__builder.hpp\n'}
[157.619350] (control_msgs) StdoutLine: {'line': b'-- Up-to-date symlink: /home/pinet/SLAM_AGV/workspace/install/control_msgs/include/control_msgs/control_msgs/msg/detail/joint_jog__struct.hpp\n'}
[157.620939] (control_msgs) StdoutLine: {'line': b'-- Up-to-date symlink: /home/pinet/SLAM_AGV/workspace/install/control_msgs/include/control_msgs/control_msgs/msg/detail/joint_jog__traits.hpp\n'}
[157.622586] (control_msgs) StdoutLine: {'line': b'-- Up-to-date symlink: /home/pinet/SLAM_AGV/workspace/install/control_msgs/include/control_msgs/control_msgs/msg/detail/joint_jog__type_support.hpp\n'}
[157.624222] (control_msgs) StdoutLine: {'line': b'-- Up-to-date symlink: /home/pinet/SLAM_AGV/workspace/install/control_msgs/include/control_msgs/control_msgs/msg/detail/joint_tolerance__builder.hpp\n'}
[157.625851] (control_msgs) StdoutLine: {'line': b'-- Up-to-date symlink: /home/pinet/SLAM_AGV/workspace/install/control_msgs/include/control_msgs/control_msgs/msg/detail/joint_tolerance__struct.hpp\n'}
[157.627509] (control_msgs) StdoutLine: {'line': b'-- Up-to-date symlink: /home/pinet/SLAM_AGV/workspace/install/control_msgs/include/control_msgs/control_msgs/msg/detail/joint_tolerance__traits.hpp\n'}
[157.629091] (control_msgs) StdoutLine: {'line': b'-- Up-to-date symlink: /home/pinet/SLAM_AGV/workspace/install/control_msgs/include/control_msgs/control_msgs/msg/detail/joint_tolerance__type_support.hpp\n'}
[157.630707] (control_msgs) StdoutLine: {'line': b'-- Up-to-date symlink: /home/pinet/SLAM_AGV/workspace/install/control_msgs/include/control_msgs/control_msgs/msg/detail/joint_trajectory_controller_state__builder.hpp\n'}
[157.632261] (control_msgs) StdoutLine: {'line': b'-- Up-to-date symlink: /home/pinet/SLAM_AGV/workspace/install/control_msgs/include/control_msgs/control_msgs/msg/detail/joint_trajectory_controller_state__struct.hpp\n'}
[157.633851] (control_msgs) StdoutLine: {'line': b'-- Up-to-date symlink: /home/pinet/SLAM_AGV/workspace/install/control_msgs/include/control_msgs/control_msgs/msg/detail/joint_trajectory_controller_state__traits.hpp\n'}
[157.635522] (control_msgs) StdoutLine: {'line': b'-- Up-to-date symlink: /home/pinet/SLAM_AGV/workspace/install/control_msgs/include/control_msgs/control_msgs/msg/detail/joint_trajectory_controller_state__type_support.hpp\n'}
[157.637120] (control_msgs) StdoutLine: {'line': b'-- Up-to-date symlink: /home/pinet/SLAM_AGV/workspace/install/control_msgs/include/control_msgs/control_msgs/msg/detail/mecanum_drive_controller_state__builder.hpp\n'}
[157.638808] (control_msgs) StdoutLine: {'line': b'-- Up-to-date symlink: /home/pinet/SLAM_AGV/workspace/install/control_msgs/include/control_msgs/control_msgs/msg/detail/mecanum_drive_controller_state__struct.hpp\n'}
[157.639266] (-) TimerEvent: {}
[157.640471] (control_msgs) StdoutLine: {'line': b'-- Up-to-date symlink: /home/pinet/SLAM_AGV/workspace/install/control_msgs/include/control_msgs/control_msgs/msg/detail/mecanum_drive_controller_state__traits.hpp\n'}
[157.642153] (control_msgs) StdoutLine: {'line': b'-- Up-to-date symlink: /home/pinet/SLAM_AGV/workspace/install/control_msgs/include/control_msgs/control_msgs/msg/detail/mecanum_drive_controller_state__type_support.hpp\n'}
[157.643738] (control_msgs) StdoutLine: {'line': b'-- Up-to-date symlink: /home/pinet/SLAM_AGV/workspace/install/control_msgs/include/control_msgs/control_msgs/msg/detail/multi_dof_command__builder.hpp\n'}
[157.645301] (control_msgs) StdoutLine: {'line': b'-- Up-to-date symlink: /home/pinet/SLAM_AGV/workspace/install/control_msgs/include/control_msgs/control_msgs/msg/detail/multi_dof_command__struct.hpp\n'}
[157.646936] (control_msgs) StdoutLine: {'line': b'-- Up-to-date symlink: /home/pinet/SLAM_AGV/workspace/install/control_msgs/include/control_msgs/control_msgs/msg/detail/multi_dof_command__traits.hpp\n'}
[157.648598] (control_msgs) StdoutLine: {'line': b'-- Up-to-date symlink: /home/pinet/SLAM_AGV/workspace/install/control_msgs/include/control_msgs/control_msgs/msg/detail/multi_dof_command__type_support.hpp\n'}
[157.650341] (control_msgs) StdoutLine: {'line': b'-- Up-to-date symlink: /home/pinet/SLAM_AGV/workspace/install/control_msgs/include/control_msgs/control_msgs/msg/detail/multi_dof_state_stamped__builder.hpp\n'}
[157.651990] (control_msgs) StdoutLine: {'line': b'-- Up-to-date symlink: /home/pinet/SLAM_AGV/workspace/install/control_msgs/include/control_msgs/control_msgs/msg/detail/multi_dof_state_stamped__struct.hpp\n'}
[157.653642] (control_msgs) StdoutLine: {'line': b'-- Up-to-date symlink: /home/pinet/SLAM_AGV/workspace/install/control_msgs/include/control_msgs/control_msgs/msg/detail/multi_dof_state_stamped__traits.hpp\n'}
[157.655329] (control_msgs) StdoutLine: {'line': b'-- Up-to-date symlink: /home/pinet/SLAM_AGV/workspace/install/control_msgs/include/control_msgs/control_msgs/msg/detail/multi_dof_state_stamped__type_support.hpp\n'}
[157.657020] (control_msgs) StdoutLine: {'line': b'-- Up-to-date symlink: /home/pinet/SLAM_AGV/workspace/install/control_msgs/include/control_msgs/control_msgs/msg/detail/pid_state__builder.hpp\n'}
[157.658682] (control_msgs) StdoutLine: {'line': b'-- Up-to-date symlink: /home/pinet/SLAM_AGV/workspace/install/control_msgs/include/control_msgs/control_msgs/msg/detail/pid_state__struct.hpp\n'}
[157.660235] (control_msgs) StdoutLine: {'line': b'-- Up-to-date symlink: /home/pinet/SLAM_AGV/workspace/install/control_msgs/include/control_msgs/control_msgs/msg/detail/pid_state__traits.hpp\n'}
[157.661791] (control_msgs) StdoutLine: {'line': b'-- Up-to-date symlink: /home/pinet/SLAM_AGV/workspace/install/control_msgs/include/control_msgs/control_msgs/msg/detail/pid_state__type_support.hpp\n'}
[157.663410] (control_msgs) StdoutLine: {'line': b'-- Up-to-date symlink: /home/pinet/SLAM_AGV/workspace/install/control_msgs/include/control_msgs/control_msgs/msg/detail/single_dof_state__builder.hpp\n'}
[157.664930] (control_msgs) StdoutLine: {'line': b'-- Up-to-date symlink: /home/pinet/SLAM_AGV/workspace/install/control_msgs/include/control_msgs/control_msgs/msg/detail/single_dof_state__struct.hpp\n'}
[157.666552] (control_msgs) StdoutLine: {'line': b'-- Up-to-date symlink: /home/pinet/SLAM_AGV/workspace/install/control_msgs/include/control_msgs/control_msgs/msg/detail/single_dof_state__traits.hpp\n'}
[157.668089] (control_msgs) StdoutLine: {'line': b'-- Up-to-date symlink: /home/pinet/SLAM_AGV/workspace/install/control_msgs/include/control_msgs/control_msgs/msg/detail/single_dof_state__type_support.hpp\n'}
[157.669615] (control_msgs) StdoutLine: {'line': b'-- Up-to-date symlink: /home/pinet/SLAM_AGV/workspace/install/control_msgs/include/control_msgs/control_msgs/msg/detail/single_dof_state_stamped__builder.hpp\n'}
[157.671209] (control_msgs) StdoutLine: {'line': b'-- Up-to-date symlink: /home/pinet/SLAM_AGV/workspace/install/control_msgs/include/control_msgs/control_msgs/msg/detail/single_dof_state_stamped__struct.hpp\n'}
[157.672774] (control_msgs) StdoutLine: {'line': b'-- Up-to-date symlink: /home/pinet/SLAM_AGV/workspace/install/control_msgs/include/control_msgs/control_msgs/msg/detail/single_dof_state_stamped__traits.hpp\n'}
[157.674415] (control_msgs) StdoutLine: {'line': b'-- Up-to-date symlink: /home/pinet/SLAM_AGV/workspace/install/control_msgs/include/control_msgs/control_msgs/msg/detail/single_dof_state_stamped__type_support.hpp\n'}
[157.675988] (control_msgs) StdoutLine: {'line': b'-- Up-to-date symlink: /home/pinet/SLAM_AGV/workspace/install/control_msgs/include/control_msgs/control_msgs/msg/detail/steering_controller_status__builder.hpp\n'}
[157.677626] (control_msgs) StdoutLine: {'line': b'-- Up-to-date symlink: /home/pinet/SLAM_AGV/workspace/install/control_msgs/include/control_msgs/control_msgs/msg/detail/steering_controller_status__struct.hpp\n'}
[157.679339] (control_msgs) StdoutLine: {'line': b'-- Up-to-date symlink: /home/pinet/SLAM_AGV/workspace/install/control_msgs/include/control_msgs/control_msgs/msg/detail/steering_controller_status__traits.hpp\n'}
[157.680966] (control_msgs) StdoutLine: {'line': b'-- Up-to-date symlink: /home/pinet/SLAM_AGV/workspace/install/control_msgs/include/control_msgs/control_msgs/msg/detail/steering_controller_status__type_support.hpp\n'}
[157.682537] (control_msgs) StdoutLine: {'line': b'-- Up-to-date symlink: /home/pinet/SLAM_AGV/workspace/install/control_msgs/include/control_msgs/control_msgs/msg/dynamic_interface_group_values.hpp\n'}
[157.684069] (control_msgs) StdoutLine: {'line': b'-- Up-to-date symlink: /home/pinet/SLAM_AGV/workspace/install/control_msgs/include/control_msgs/control_msgs/msg/dynamic_joint_state.hpp\n'}
[157.685566] (control_msgs) StdoutLine: {'line': b'-- Up-to-date symlink: /home/pinet/SLAM_AGV/workspace/install/control_msgs/include/control_msgs/control_msgs/msg/gripper_command.hpp\n'}
[157.687127] (control_msgs) StdoutLine: {'line': b'-- Up-to-date symlink: /home/pinet/SLAM_AGV/workspace/install/control_msgs/include/control_msgs/control_msgs/msg/interface_value.hpp\n'}
[157.688634] (control_msgs) StdoutLine: {'line': b'-- Up-to-date symlink: /home/pinet/SLAM_AGV/workspace/install/control_msgs/include/control_msgs/control_msgs/msg/joint_component_tolerance.hpp\n'}
[157.690172] (control_msgs) StdoutLine: {'line': b'-- Up-to-date symlink: /home/pinet/SLAM_AGV/workspace/install/control_msgs/include/control_msgs/control_msgs/msg/joint_controller_state.hpp\n'}
[157.691654] (control_msgs) StdoutLine: {'line': b'-- Up-to-date symlink: /home/pinet/SLAM_AGV/workspace/install/control_msgs/include/control_msgs/control_msgs/msg/joint_jog.hpp\n'}
[157.693108] (control_msgs) StdoutLine: {'line': b'-- Up-to-date symlink: /home/pinet/SLAM_AGV/workspace/install/control_msgs/include/control_msgs/control_msgs/msg/joint_tolerance.hpp\n'}
[157.694616] (control_msgs) StdoutLine: {'line': b'-- Up-to-date symlink: /home/pinet/SLAM_AGV/workspace/install/control_msgs/include/control_msgs/control_msgs/msg/joint_trajectory_controller_state.hpp\n'}
[157.696165] (control_msgs) StdoutLine: {'line': b'-- Up-to-date symlink: /home/pinet/SLAM_AGV/workspace/install/control_msgs/include/control_msgs/control_msgs/msg/mecanum_drive_controller_state.hpp\n'}
[157.697608] (control_msgs) StdoutLine: {'line': b'-- Up-to-date symlink: /home/pinet/SLAM_AGV/workspace/install/control_msgs/include/control_msgs/control_msgs/msg/multi_dof_command.hpp\n'}
[157.699118] (control_msgs) StdoutLine: {'line': b'-- Up-to-date symlink: /home/pinet/SLAM_AGV/workspace/install/control_msgs/include/control_msgs/control_msgs/msg/multi_dof_state_stamped.hpp\n'}
[157.700554] (control_msgs) StdoutLine: {'line': b'-- Up-to-date symlink: /home/pinet/SLAM_AGV/workspace/install/control_msgs/include/control_msgs/control_msgs/msg/pid_state.hpp\n'}
[157.702058] (control_msgs) StdoutLine: {'line': b'-- Up-to-date symlink: /home/pinet/SLAM_AGV/workspace/install/control_msgs/include/control_msgs/control_msgs/msg/rosidl_generator_cpp__visibility_control.hpp\n'}
[157.703538] (control_msgs) StdoutLine: {'line': b'-- Up-to-date symlink: /home/pinet/SLAM_AGV/workspace/install/control_msgs/include/control_msgs/control_msgs/msg/single_dof_state.hpp\n'}
[157.704999] (control_msgs) StdoutLine: {'line': b'-- Up-to-date symlink: /home/pinet/SLAM_AGV/workspace/install/control_msgs/include/control_msgs/control_msgs/msg/single_dof_state_stamped.hpp\n'}
[157.706496] (control_msgs) StdoutLine: {'line': b'-- Up-to-date symlink: /home/pinet/SLAM_AGV/workspace/install/control_msgs/include/control_msgs/control_msgs/msg/steering_controller_status.hpp\n'}
[157.708064] (control_msgs) StdoutLine: {'line': b'-- Up-to-date symlink: /home/pinet/SLAM_AGV/workspace/install/control_msgs/include/control_msgs/control_msgs/srv/detail/query_calibration_state__builder.hpp\n'}
[157.709638] (control_msgs) StdoutLine: {'line': b'-- Up-to-date symlink: /home/pinet/SLAM_AGV/workspace/install/control_msgs/include/control_msgs/control_msgs/srv/detail/query_calibration_state__struct.hpp\n'}
[157.711197] (control_msgs) StdoutLine: {'line': b'-- Up-to-date symlink: /home/pinet/SLAM_AGV/workspace/install/control_msgs/include/control_msgs/control_msgs/srv/detail/query_calibration_state__traits.hpp\n'}
[157.712736] (control_msgs) StdoutLine: {'line': b'-- Up-to-date symlink: /home/pinet/SLAM_AGV/workspace/install/control_msgs/include/control_msgs/control_msgs/srv/detail/query_calibration_state__type_support.hpp\n'}
[157.714370] (control_msgs) StdoutLine: {'line': b'-- Up-to-date symlink: /home/pinet/SLAM_AGV/workspace/install/control_msgs/include/control_msgs/control_msgs/srv/detail/query_trajectory_state__builder.hpp\n'}
[157.715909] (control_msgs) StdoutLine: {'line': b'-- Up-to-date symlink: /home/pinet/SLAM_AGV/workspace/install/control_msgs/include/control_msgs/control_msgs/srv/detail/query_trajectory_state__struct.hpp\n'}
[157.717423] (control_msgs) StdoutLine: {'line': b'-- Up-to-date symlink: /home/pinet/SLAM_AGV/workspace/install/control_msgs/include/control_msgs/control_msgs/srv/detail/query_trajectory_state__traits.hpp\n'}
[157.718996] (control_msgs) StdoutLine: {'line': b'-- Up-to-date symlink: /home/pinet/SLAM_AGV/workspace/install/control_msgs/include/control_msgs/control_msgs/srv/detail/query_trajectory_state__type_support.hpp\n'}
[157.720463] (control_msgs) StdoutLine: {'line': b'-- Up-to-date symlink: /home/pinet/SLAM_AGV/workspace/install/control_msgs/include/control_msgs/control_msgs/srv/query_calibration_state.hpp\n'}
[157.721952] (control_msgs) StdoutLine: {'line': b'-- Up-to-date symlink: /home/pinet/SLAM_AGV/workspace/install/control_msgs/include/control_msgs/control_msgs/srv/query_trajectory_state.hpp\n'}
[157.737103] (control_msgs) StdoutLine: {'line': b'-- Up-to-date symlink: /home/pinet/SLAM_AGV/workspace/install/control_msgs/include/control_msgs/control_msgs/action/detail/follow_joint_trajectory__rosidl_typesupport_fastrtps_cpp.hpp\n'}
[157.738669] (control_msgs) StdoutLine: {'line': b'-- Up-to-date symlink: /home/pinet/SLAM_AGV/workspace/install/control_msgs/include/control_msgs/control_msgs/action/detail/gripper_command__rosidl_typesupport_fastrtps_cpp.hpp\n'}
[157.739375] (-) TimerEvent: {}
[157.740359] (control_msgs) StdoutLine: {'line': b'-- Up-to-date symlink: /home/pinet/SLAM_AGV/workspace/install/control_msgs/include/control_msgs/control_msgs/action/detail/joint_trajectory__rosidl_typesupport_fastrtps_cpp.hpp\n'}
[157.741967] (control_msgs) StdoutLine: {'line': b'-- Up-to-date symlink: /home/pinet/SLAM_AGV/workspace/install/control_msgs/include/control_msgs/control_msgs/action/detail/parallel_gripper_command__rosidl_typesupport_fastrtps_cpp.hpp\n'}
[157.743530] (control_msgs) StdoutLine: {'line': b'-- Up-to-date symlink: /home/pinet/SLAM_AGV/workspace/install/control_msgs/include/control_msgs/control_msgs/action/detail/point_head__rosidl_typesupport_fastrtps_cpp.hpp\n'}
[157.745059] (control_msgs) StdoutLine: {'line': b'-- Up-to-date symlink: /home/pinet/SLAM_AGV/workspace/install/control_msgs/include/control_msgs/control_msgs/action/detail/single_joint_position__rosidl_typesupport_fastrtps_cpp.hpp\n'}
[157.746678] (control_msgs) StdoutLine: {'line': b'-- Up-to-date symlink: /home/pinet/SLAM_AGV/workspace/install/control_msgs/include/control_msgs/control_msgs/msg/detail/admittance_controller_state__rosidl_typesupport_fastrtps_cpp.hpp\n'}
[157.748222] (control_msgs) StdoutLine: {'line': b'-- Up-to-date symlink: /home/pinet/SLAM_AGV/workspace/install/control_msgs/include/control_msgs/control_msgs/msg/detail/dynamic_interface_group_values__rosidl_typesupport_fastrtps_cpp.hpp\n'}
[157.749770] (control_msgs) StdoutLine: {'line': b'-- Up-to-date symlink: /home/pinet/SLAM_AGV/workspace/install/control_msgs/include/control_msgs/control_msgs/msg/detail/dynamic_joint_state__rosidl_typesupport_fastrtps_cpp.hpp\n'}
[157.751383] (control_msgs) StdoutLine: {'line': b'-- Up-to-date symlink: /home/pinet/SLAM_AGV/workspace/install/control_msgs/include/control_msgs/control_msgs/msg/detail/gripper_command__rosidl_typesupport_fastrtps_cpp.hpp\n'}
[157.752987] (control_msgs) StdoutLine: {'line': b'-- Up-to-date symlink: /home/pinet/SLAM_AGV/workspace/install/control_msgs/include/control_msgs/control_msgs/msg/detail/interface_value__rosidl_typesupport_fastrtps_cpp.hpp\n'}
[157.754695] (control_msgs) StdoutLine: {'line': b'-- Up-to-date symlink: /home/pinet/SLAM_AGV/workspace/install/control_msgs/include/control_msgs/control_msgs/msg/detail/joint_component_tolerance__rosidl_typesupport_fastrtps_cpp.hpp\n'}
[157.756315] (control_msgs) StdoutLine: {'line': b'-- Up-to-date symlink: /home/pinet/SLAM_AGV/workspace/install/control_msgs/include/control_msgs/control_msgs/msg/detail/joint_controller_state__rosidl_typesupport_fastrtps_cpp.hpp\n'}
[157.757933] (control_msgs) StdoutLine: {'line': b'-- Up-to-date symlink: /home/pinet/SLAM_AGV/workspace/install/control_msgs/include/control_msgs/control_msgs/msg/detail/joint_jog__rosidl_typesupport_fastrtps_cpp.hpp\n'}
[157.759560] (control_msgs) StdoutLine: {'line': b'-- Up-to-date symlink: /home/pinet/SLAM_AGV/workspace/install/control_msgs/include/control_msgs/control_msgs/msg/detail/joint_tolerance__rosidl_typesupport_fastrtps_cpp.hpp\n'}
[157.761228] (control_msgs) StdoutLine: {'line': b'-- Up-to-date symlink: /home/pinet/SLAM_AGV/workspace/install/control_msgs/include/control_msgs/control_msgs/msg/detail/joint_trajectory_controller_state__rosidl_typesupport_fastrtps_cpp.hpp\n'}
[157.762995] (control_msgs) StdoutLine: {'line': b'-- Up-to-date symlink: /home/pinet/SLAM_AGV/workspace/install/control_msgs/include/control_msgs/control_msgs/msg/detail/mecanum_drive_controller_state__rosidl_typesupport_fastrtps_cpp.hpp\n'}
[157.764728] (control_msgs) StdoutLine: {'line': b'-- Up-to-date symlink: /home/pinet/SLAM_AGV/workspace/install/control_msgs/include/control_msgs/control_msgs/msg/detail/multi_dof_command__rosidl_typesupport_fastrtps_cpp.hpp\n'}
[157.766496] (control_msgs) StdoutLine: {'line': b'-- Up-to-date symlink: /home/pinet/SLAM_AGV/workspace/install/control_msgs/include/control_msgs/control_msgs/msg/detail/multi_dof_state_stamped__rosidl_typesupport_fastrtps_cpp.hpp\n'}
[157.768175] (control_msgs) StdoutLine: {'line': b'-- Up-to-date symlink: /home/pinet/SLAM_AGV/workspace/install/control_msgs/include/control_msgs/control_msgs/msg/detail/pid_state__rosidl_typesupport_fastrtps_cpp.hpp\n'}
[157.769849] (control_msgs) StdoutLine: {'line': b'-- Up-to-date symlink: /home/pinet/SLAM_AGV/workspace/install/control_msgs/include/control_msgs/control_msgs/msg/detail/single_dof_state__rosidl_typesupport_fastrtps_cpp.hpp\n'}
[157.771619] (control_msgs) StdoutLine: {'line': b'-- Up-to-date symlink: /home/pinet/SLAM_AGV/workspace/install/control_msgs/include/control_msgs/control_msgs/msg/detail/single_dof_state_stamped__rosidl_typesupport_fastrtps_cpp.hpp\n'}
[157.773298] (control_msgs) StdoutLine: {'line': b'-- Up-to-date symlink: /home/pinet/SLAM_AGV/workspace/install/control_msgs/include/control_msgs/control_msgs/msg/detail/steering_controller_status__rosidl_typesupport_fastrtps_cpp.hpp\n'}
[157.774919] (control_msgs) StdoutLine: {'line': b'-- Up-to-date symlink: /home/pinet/SLAM_AGV/workspace/install/control_msgs/include/control_msgs/control_msgs/msg/rosidl_typesupport_fastrtps_cpp__visibility_control.h\n'}
[157.776599] (control_msgs) StdoutLine: {'line': b'-- Up-to-date symlink: /home/pinet/SLAM_AGV/workspace/install/control_msgs/include/control_msgs/control_msgs/srv/detail/query_calibration_state__rosidl_typesupport_fastrtps_cpp.hpp\n'}
[157.778317] (control_msgs) StdoutLine: {'line': b'-- Up-to-date symlink: /home/pinet/SLAM_AGV/workspace/install/control_msgs/include/control_msgs/control_msgs/srv/detail/query_trajectory_state__rosidl_typesupport_fastrtps_cpp.hpp\n'}
[157.787095] (control_msgs) StdoutLine: {'line': b'-- Up-to-date symlink: /home/pinet/SLAM_AGV/workspace/install/control_msgs/include/control_msgs/control_msgs/action/detail/follow_joint_trajectory__rosidl_typesupport_introspection_c.h\n'}
[157.788644] (control_msgs) StdoutLine: {'line': b'-- Up-to-date symlink: /home/pinet/SLAM_AGV/workspace/install/control_msgs/include/control_msgs/control_msgs/action/detail/gripper_command__rosidl_typesupport_introspection_c.h\n'}
[157.790276] (control_msgs) StdoutLine: {'line': b'-- Up-to-date symlink: /home/pinet/SLAM_AGV/workspace/install/control_msgs/include/control_msgs/control_msgs/action/detail/joint_trajectory__rosidl_typesupport_introspection_c.h\n'}
[157.791888] (control_msgs) StdoutLine: {'line': b'-- Up-to-date symlink: /home/pinet/SLAM_AGV/workspace/install/control_msgs/include/control_msgs/control_msgs/action/detail/parallel_gripper_command__rosidl_typesupport_introspection_c.h\n'}
[157.793483] (control_msgs) StdoutLine: {'line': b'-- Up-to-date symlink: /home/pinet/SLAM_AGV/workspace/install/control_msgs/include/control_msgs/control_msgs/action/detail/point_head__rosidl_typesupport_introspection_c.h\n'}
[157.795087] (control_msgs) StdoutLine: {'line': b'-- Up-to-date symlink: /home/pinet/SLAM_AGV/workspace/install/control_msgs/include/control_msgs/control_msgs/action/detail/single_joint_position__rosidl_typesupport_introspection_c.h\n'}
[157.796698] (control_msgs) StdoutLine: {'line': b'-- Up-to-date symlink: /home/pinet/SLAM_AGV/workspace/install/control_msgs/include/control_msgs/control_msgs/msg/detail/admittance_controller_state__rosidl_typesupport_introspection_c.h\n'}
[157.798345] (control_msgs) StdoutLine: {'line': b'-- Up-to-date symlink: /home/pinet/SLAM_AGV/workspace/install/control_msgs/include/control_msgs/control_msgs/msg/detail/dynamic_interface_group_values__rosidl_typesupport_introspection_c.h\n'}
[157.799947] (control_msgs) StdoutLine: {'line': b'-- Up-to-date symlink: /home/pinet/SLAM_AGV/workspace/install/control_msgs/include/control_msgs/control_msgs/msg/detail/dynamic_joint_state__rosidl_typesupport_introspection_c.h\n'}
[157.801546] (control_msgs) StdoutLine: {'line': b'-- Up-to-date symlink: /home/pinet/SLAM_AGV/workspace/install/control_msgs/include/control_msgs/control_msgs/msg/detail/gripper_command__rosidl_typesupport_introspection_c.h\n'}
[157.803294] (control_msgs) StdoutLine: {'line': b'-- Up-to-date symlink: /home/pinet/SLAM_AGV/workspace/install/control_msgs/include/control_msgs/control_msgs/msg/detail/interface_value__rosidl_typesupport_introspection_c.h\n'}
[157.804984] (control_msgs) StdoutLine: {'line': b'-- Up-to-date symlink: /home/pinet/SLAM_AGV/workspace/install/control_msgs/include/control_msgs/control_msgs/msg/detail/joint_component_tolerance__rosidl_typesupport_introspection_c.h\n'}
[157.806775] (control_msgs) StdoutLine: {'line': b'-- Up-to-date symlink: /home/pinet/SLAM_AGV/workspace/install/control_msgs/include/control_msgs/control_msgs/msg/detail/joint_controller_state__rosidl_typesupport_introspection_c.h\n'}
[157.808464] (control_msgs) StdoutLine: {'line': b'-- Up-to-date symlink: /home/pinet/SLAM_AGV/workspace/install/control_msgs/include/control_msgs/control_msgs/msg/detail/joint_jog__rosidl_typesupport_introspection_c.h\n'}
[157.810174] (control_msgs) StdoutLine: {'line': b'-- Up-to-date symlink: /home/pinet/SLAM_AGV/workspace/install/control_msgs/include/control_msgs/control_msgs/msg/detail/joint_tolerance__rosidl_typesupport_introspection_c.h\n'}
[157.811880] (control_msgs) StdoutLine: {'line': b'-- Up-to-date symlink: /home/pinet/SLAM_AGV/workspace/install/control_msgs/include/control_msgs/control_msgs/msg/detail/joint_trajectory_controller_state__rosidl_typesupport_introspection_c.h\n'}
[157.813564] (control_msgs) StdoutLine: {'line': b'-- Up-to-date symlink: /home/pinet/SLAM_AGV/workspace/install/control_msgs/include/control_msgs/control_msgs/msg/detail/mecanum_drive_controller_state__rosidl_typesupport_introspection_c.h\n'}
[157.815255] (control_msgs) StdoutLine: {'line': b'-- Up-to-date symlink: /home/pinet/SLAM_AGV/workspace/install/control_msgs/include/control_msgs/control_msgs/msg/detail/multi_dof_command__rosidl_typesupport_introspection_c.h\n'}
[157.816858] (control_msgs) StdoutLine: {'line': b'-- Up-to-date symlink: /home/pinet/SLAM_AGV/workspace/install/control_msgs/include/control_msgs/control_msgs/msg/detail/multi_dof_state_stamped__rosidl_typesupport_introspection_c.h\n'}
[157.818513] (control_msgs) StdoutLine: {'line': b'-- Up-to-date symlink: /home/pinet/SLAM_AGV/workspace/install/control_msgs/include/control_msgs/control_msgs/msg/detail/pid_state__rosidl_typesupport_introspection_c.h\n'}
[157.820105] (control_msgs) StdoutLine: {'line': b'-- Up-to-date symlink: /home/pinet/SLAM_AGV/workspace/install/control_msgs/include/control_msgs/control_msgs/msg/detail/single_dof_state__rosidl_typesupport_introspection_c.h\n'}
[157.821738] (control_msgs) StdoutLine: {'line': b'-- Up-to-date symlink: /home/pinet/SLAM_AGV/workspace/install/control_msgs/include/control_msgs/control_msgs/msg/detail/single_dof_state_stamped__rosidl_typesupport_introspection_c.h\n'}
[157.823396] (control_msgs) StdoutLine: {'line': b'-- Up-to-date symlink: /home/pinet/SLAM_AGV/workspace/install/control_msgs/include/control_msgs/control_msgs/msg/detail/steering_controller_status__rosidl_typesupport_introspection_c.h\n'}
[157.824941] (control_msgs) StdoutLine: {'line': b'-- Up-to-date symlink: /home/pinet/SLAM_AGV/workspace/install/control_msgs/include/control_msgs/control_msgs/msg/rosidl_typesupport_introspection_c__visibility_control.h\n'}
[157.826598] (control_msgs) StdoutLine: {'line': b'-- Up-to-date symlink: /home/pinet/SLAM_AGV/workspace/install/control_msgs/include/control_msgs/control_msgs/srv/detail/query_calibration_state__rosidl_typesupport_introspection_c.h\n'}
[157.828207] (control_msgs) StdoutLine: {'line': b'-- Up-to-date symlink: /home/pinet/SLAM_AGV/workspace/install/control_msgs/include/control_msgs/control_msgs/srv/detail/query_trajectory_state__rosidl_typesupport_introspection_c.h\n'}
[157.836631] (control_msgs) StdoutLine: {'line': b'-- Up-to-date symlink: /home/pinet/SLAM_AGV/workspace/install/control_msgs/include/control_msgs/control_msgs/action/detail/follow_joint_trajectory__rosidl_typesupport_introspection_cpp.hpp\n'}
[157.838170] (control_msgs) StdoutLine: {'line': b'-- Up-to-date symlink: /home/pinet/SLAM_AGV/workspace/install/control_msgs/include/control_msgs/control_msgs/action/detail/gripper_command__rosidl_typesupport_introspection_cpp.hpp\n'}
[157.839488] (-) TimerEvent: {}
[157.840000] (control_msgs) StdoutLine: {'line': b'-- Up-to-date symlink: /home/pinet/SLAM_AGV/workspace/install/control_msgs/include/control_msgs/control_msgs/action/detail/joint_trajectory__rosidl_typesupport_introspection_cpp.hpp\n'}
[157.841693] (control_msgs) StdoutLine: {'line': b'-- Up-to-date symlink: /home/pinet/SLAM_AGV/workspace/install/control_msgs/include/control_msgs/control_msgs/action/detail/parallel_gripper_command__rosidl_typesupport_introspection_cpp.hpp\n'}
[157.843316] (control_msgs) StdoutLine: {'line': b'-- Up-to-date symlink: /home/pinet/SLAM_AGV/workspace/install/control_msgs/include/control_msgs/control_msgs/action/detail/point_head__rosidl_typesupport_introspection_cpp.hpp\n'}
[157.844950] (control_msgs) StdoutLine: {'line': b'-- Up-to-date symlink: /home/pinet/SLAM_AGV/workspace/install/control_msgs/include/control_msgs/control_msgs/action/detail/single_joint_position__rosidl_typesupport_introspection_cpp.hpp\n'}
[157.846771] (control_msgs) StdoutLine: {'line': b'-- Up-to-date symlink: /home/pinet/SLAM_AGV/workspace/install/control_msgs/include/control_msgs/control_msgs/msg/detail/admittance_controller_state__rosidl_typesupport_introspection_cpp.hpp\n'}
[157.848430] (control_msgs) StdoutLine: {'line': b'-- Up-to-date symlink: /home/pinet/SLAM_AGV/workspace/install/control_msgs/include/control_msgs/control_msgs/msg/detail/dynamic_interface_group_values__rosidl_typesupport_introspection_cpp.hpp\n'}
[157.850062] (control_msgs) StdoutLine: {'line': b'-- Up-to-date symlink: /home/pinet/SLAM_AGV/workspace/install/control_msgs/include/control_msgs/control_msgs/msg/detail/dynamic_joint_state__rosidl_typesupport_introspection_cpp.hpp\n'}
[157.851753] (control_msgs) StdoutLine: {'line': b'-- Up-to-date symlink: /home/pinet/SLAM_AGV/workspace/install/control_msgs/include/control_msgs/control_msgs/msg/detail/gripper_command__rosidl_typesupport_introspection_cpp.hpp\n'}
[157.853382] (control_msgs) StdoutLine: {'line': b'-- Up-to-date symlink: /home/pinet/SLAM_AGV/workspace/install/control_msgs/include/control_msgs/control_msgs/msg/detail/interface_value__rosidl_typesupport_introspection_cpp.hpp\n'}
[157.855041] (control_msgs) StdoutLine: {'line': b'-- Up-to-date symlink: /home/pinet/SLAM_AGV/workspace/install/control_msgs/include/control_msgs/control_msgs/msg/detail/joint_component_tolerance__rosidl_typesupport_introspection_cpp.hpp\n'}
[157.856722] (control_msgs) StdoutLine: {'line': b'-- Up-to-date symlink: /home/pinet/SLAM_AGV/workspace/install/control_msgs/include/control_msgs/control_msgs/msg/detail/joint_controller_state__rosidl_typesupport_introspection_cpp.hpp\n'}
[157.858349] (control_msgs) StdoutLine: {'line': b'-- Up-to-date symlink: /home/pinet/SLAM_AGV/workspace/install/control_msgs/include/control_msgs/control_msgs/msg/detail/joint_jog__rosidl_typesupport_introspection_cpp.hpp\n'}
[157.859957] (control_msgs) StdoutLine: {'line': b'-- Up-to-date symlink: /home/pinet/SLAM_AGV/workspace/install/control_msgs/include/control_msgs/control_msgs/msg/detail/joint_tolerance__rosidl_typesupport_introspection_cpp.hpp\n'}
[157.861614] (control_msgs) StdoutLine: {'line': b'-- Up-to-date symlink: /home/pinet/SLAM_AGV/workspace/install/control_msgs/include/control_msgs/control_msgs/msg/detail/joint_trajectory_controller_state__rosidl_typesupport_introspection_cpp.hpp\n'}
[157.863265] (control_msgs) StdoutLine: {'line': b'-- Up-to-date symlink: /home/pinet/SLAM_AGV/workspace/install/control_msgs/include/control_msgs/control_msgs/msg/detail/mecanum_drive_controller_state__rosidl_typesupport_introspection_cpp.hpp\n'}
[157.864894] (control_msgs) StdoutLine: {'line': b'-- Up-to-date symlink: /home/pinet/SLAM_AGV/workspace/install/control_msgs/include/control_msgs/control_msgs/msg/detail/multi_dof_command__rosidl_typesupport_introspection_cpp.hpp\n'}
[157.866569] (control_msgs) StdoutLine: {'line': b'-- Up-to-date symlink: /home/pinet/SLAM_AGV/workspace/install/control_msgs/include/control_msgs/control_msgs/msg/detail/multi_dof_state_stamped__rosidl_typesupport_introspection_cpp.hpp\n'}
[157.868169] (control_msgs) StdoutLine: {'line': b'-- Up-to-date symlink: /home/pinet/SLAM_AGV/workspace/install/control_msgs/include/control_msgs/control_msgs/msg/detail/pid_state__rosidl_typesupport_introspection_cpp.hpp\n'}
[157.869775] (control_msgs) StdoutLine: {'line': b'-- Up-to-date symlink: /home/pinet/SLAM_AGV/workspace/install/control_msgs/include/control_msgs/control_msgs/msg/detail/single_dof_state__rosidl_typesupport_introspection_cpp.hpp\n'}
[157.871606] (control_msgs) StdoutLine: {'line': b'-- Up-to-date symlink: /home/pinet/SLAM_AGV/workspace/install/control_msgs/include/control_msgs/control_msgs/msg/detail/single_dof_state_stamped__rosidl_typesupport_introspection_cpp.hpp\n'}
[157.873248] (control_msgs) StdoutLine: {'line': b'-- Up-to-date symlink: /home/pinet/SLAM_AGV/workspace/install/control_msgs/include/control_msgs/control_msgs/msg/detail/steering_controller_status__rosidl_typesupport_introspection_cpp.hpp\n'}
[157.874897] (control_msgs) StdoutLine: {'line': b'-- Up-to-date symlink: /home/pinet/SLAM_AGV/workspace/install/control_msgs/include/control_msgs/control_msgs/srv/detail/query_calibration_state__rosidl_typesupport_introspection_cpp.hpp\n'}
[157.876530] (control_msgs) StdoutLine: {'line': b'-- Up-to-date symlink: /home/pinet/SLAM_AGV/workspace/install/control_msgs/include/control_msgs/control_msgs/srv/detail/query_trajectory_state__rosidl_typesupport_introspection_cpp.hpp\n'}
[157.878177] (control_msgs) StdoutLine: {'line': b'-- Up-to-date symlink: /home/pinet/SLAM_AGV/workspace/install/control_msgs/share/control_msgs/environment/pythonpath.sh\n'}
[157.879696] (control_msgs) StdoutLine: {'line': b'-- Up-to-date symlink: /home/pinet/SLAM_AGV/workspace/install/control_msgs/share/control_msgs/environment/pythonpath.dsv\n'}
[157.884248] (control_msgs) StdoutLine: {'line': b'-- Up-to-date symlink: /home/pinet/SLAM_AGV/workspace/install/control_msgs/local/lib/python3.10/dist-packages/control_msgs-4.7.0-py3.10.egg-info/PKG-INFO\n'}
[157.885718] (control_msgs) StdoutLine: {'line': b'-- Up-to-date symlink: /home/pinet/SLAM_AGV/workspace/install/control_msgs/local/lib/python3.10/dist-packages/control_msgs-4.7.0-py3.10.egg-info/SOURCES.txt\n'}
[157.887335] (control_msgs) StdoutLine: {'line': b'-- Up-to-date symlink: /home/pinet/SLAM_AGV/workspace/install/control_msgs/local/lib/python3.10/dist-packages/control_msgs-4.7.0-py3.10.egg-info/dependency_links.txt\n'}
[157.888926] (control_msgs) StdoutLine: {'line': b'-- Up-to-date symlink: /home/pinet/SLAM_AGV/workspace/install/control_msgs/local/lib/python3.10/dist-packages/control_msgs-4.7.0-py3.10.egg-info/top_level.txt\n'}
[157.906937] (control_msgs) StdoutLine: {'line': b'-- Up-to-date symlink: /home/pinet/SLAM_AGV/workspace/install/control_msgs/local/lib/python3.10/dist-packages/control_msgs/__init__.py\n'}
[157.908283] (control_msgs) StdoutLine: {'line': b'-- Up-to-date symlink: /home/pinet/SLAM_AGV/workspace/install/control_msgs/local/lib/python3.10/dist-packages/control_msgs/_control_msgs_s.ep.rosidl_typesupport_c.c\n'}
[157.909694] (control_msgs) StdoutLine: {'line': b'-- Up-to-date symlink: /home/pinet/SLAM_AGV/workspace/install/control_msgs/local/lib/python3.10/dist-packages/control_msgs/_control_msgs_s.ep.rosidl_typesupport_fastrtps_c.c\n'}
[157.911185] (control_msgs) StdoutLine: {'line': b'-- Up-to-date symlink: /home/pinet/SLAM_AGV/workspace/install/control_msgs/local/lib/python3.10/dist-packages/control_msgs/_control_msgs_s.ep.rosidl_typesupport_introspection_c.c\n'}
[157.913088] (control_msgs) StdoutLine: {'line': b'-- Up-to-date symlink: /home/pinet/SLAM_AGV/workspace/install/control_msgs/local/lib/python3.10/dist-packages/control_msgs/action/__init__.py\n'}
[157.914566] (control_msgs) StdoutLine: {'line': b'-- Up-to-date symlink: /home/pinet/SLAM_AGV/workspace/install/control_msgs/local/lib/python3.10/dist-packages/control_msgs/action/_follow_joint_trajectory.py\n'}
[157.916042] (control_msgs) StdoutLine: {'line': b'-- Up-to-date symlink: /home/pinet/SLAM_AGV/workspace/install/control_msgs/local/lib/python3.10/dist-packages/control_msgs/action/_follow_joint_trajectory_s.c\n'}
[157.917475] (control_msgs) StdoutLine: {'line': b'-- Up-to-date symlink: /home/pinet/SLAM_AGV/workspace/install/control_msgs/local/lib/python3.10/dist-packages/control_msgs/action/_gripper_command.py\n'}
[157.918984] (control_msgs) StdoutLine: {'line': b'-- Up-to-date symlink: /home/pinet/SLAM_AGV/workspace/install/control_msgs/local/lib/python3.10/dist-packages/control_msgs/action/_gripper_command_s.c\n'}
[157.920407] (control_msgs) StdoutLine: {'line': b'-- Up-to-date symlink: /home/pinet/SLAM_AGV/workspace/install/control_msgs/local/lib/python3.10/dist-packages/control_msgs/action/_joint_trajectory.py\n'}
[157.922008] (control_msgs) StdoutLine: {'line': b'-- Up-to-date symlink: /home/pinet/SLAM_AGV/workspace/install/control_msgs/local/lib/python3.10/dist-packages/control_msgs/action/_joint_trajectory_s.c\n'}
[157.923622] (control_msgs) StdoutLine: {'line': b'-- Up-to-date symlink: /home/pinet/SLAM_AGV/workspace/install/control_msgs/local/lib/python3.10/dist-packages/control_msgs/action/_parallel_gripper_command.py\n'}
[157.925186] (control_msgs) StdoutLine: {'line': b'-- Up-to-date symlink: /home/pinet/SLAM_AGV/workspace/install/control_msgs/local/lib/python3.10/dist-packages/control_msgs/action/_parallel_gripper_command_s.c\n'}
[157.926786] (control_msgs) StdoutLine: {'line': b'-- Up-to-date symlink: /home/pinet/SLAM_AGV/workspace/install/control_msgs/local/lib/python3.10/dist-packages/control_msgs/action/_point_head.py\n'}
[157.928342] (control_msgs) StdoutLine: {'line': b'-- Up-to-date symlink: /home/pinet/SLAM_AGV/workspace/install/control_msgs/local/lib/python3.10/dist-packages/control_msgs/action/_point_head_s.c\n'}
[157.929970] (control_msgs) StdoutLine: {'line': b'-- Up-to-date symlink: /home/pinet/SLAM_AGV/workspace/install/control_msgs/local/lib/python3.10/dist-packages/control_msgs/action/_single_joint_position.py\n'}
[157.931566] (control_msgs) StdoutLine: {'line': b'-- Up-to-date symlink: /home/pinet/SLAM_AGV/workspace/install/control_msgs/local/lib/python3.10/dist-packages/control_msgs/action/_single_joint_position_s.c\n'}
[157.933064] (control_msgs) StdoutLine: {'line': b'-- Up-to-date symlink: /home/pinet/SLAM_AGV/workspace/install/control_msgs/local/lib/python3.10/dist-packages/control_msgs/control_msgs_s__rosidl_typesupport_c.cpython-310-aarch64-linux-gnu.so\n'}
[157.934625] (control_msgs) StdoutLine: {'line': b'-- Up-to-date symlink: /home/pinet/SLAM_AGV/workspace/install/control_msgs/local/lib/python3.10/dist-packages/control_msgs/control_msgs_s__rosidl_typesupport_fastrtps_c.cpython-310-aarch64-linux-gnu.so\n'}
[157.936125] (control_msgs) StdoutLine: {'line': b'-- Up-to-date symlink: /home/pinet/SLAM_AGV/workspace/install/control_msgs/local/lib/python3.10/dist-packages/control_msgs/control_msgs_s__rosidl_typesupport_introspection_c.cpython-310-aarch64-linux-gnu.so\n'}
[157.937626] (control_msgs) StdoutLine: {'line': b'-- Up-to-date symlink: /home/pinet/SLAM_AGV/workspace/install/control_msgs/local/lib/python3.10/dist-packages/control_msgs/libcontrol_msgs__rosidl_generator_py.so\n'}
[157.939571] (control_msgs) StdoutLine: {'line': b'-- Up-to-date symlink: /home/pinet/SLAM_AGV/workspace/install/control_msgs/local/lib/python3.10/dist-packages/control_msgs/msg/__init__.py\n'}
[157.940019] (-) TimerEvent: {}
[157.941216] (control_msgs) StdoutLine: {'line': b'-- Up-to-date symlink: /home/pinet/SLAM_AGV/workspace/install/control_msgs/local/lib/python3.10/dist-packages/control_msgs/msg/_admittance_controller_state.py\n'}
[157.942902] (control_msgs) StdoutLine: {'line': b'-- Up-to-date symlink: /home/pinet/SLAM_AGV/workspace/install/control_msgs/local/lib/python3.10/dist-packages/control_msgs/msg/_admittance_controller_state_s.c\n'}
[157.944565] (control_msgs) StdoutLine: {'line': b'-- Up-to-date symlink: /home/pinet/SLAM_AGV/workspace/install/control_msgs/local/lib/python3.10/dist-packages/control_msgs/msg/_dynamic_interface_group_values.py\n'}
[157.946198] (control_msgs) StdoutLine: {'line': b'-- Up-to-date symlink: /home/pinet/SLAM_AGV/workspace/install/control_msgs/local/lib/python3.10/dist-packages/control_msgs/msg/_dynamic_interface_group_values_s.c\n'}
[157.947793] (control_msgs) StdoutLine: {'line': b'-- Up-to-date symlink: /home/pinet/SLAM_AGV/workspace/install/control_msgs/local/lib/python3.10/dist-packages/control_msgs/msg/_dynamic_joint_state.py\n'}
[157.949385] (control_msgs) StdoutLine: {'line': b'-- Up-to-date symlink: /home/pinet/SLAM_AGV/workspace/install/control_msgs/local/lib/python3.10/dist-packages/control_msgs/msg/_dynamic_joint_state_s.c\n'}
[157.951025] (control_msgs) StdoutLine: {'line': b'-- Up-to-date symlink: /home/pinet/SLAM_AGV/workspace/install/control_msgs/local/lib/python3.10/dist-packages/control_msgs/msg/_gripper_command.py\n'}
[157.952716] (control_msgs) StdoutLine: {'line': b'-- Up-to-date symlink: /home/pinet/SLAM_AGV/workspace/install/control_msgs/local/lib/python3.10/dist-packages/control_msgs/msg/_gripper_command_s.c\n'}
[157.954262] (control_msgs) StdoutLine: {'line': b'-- Up-to-date symlink: /home/pinet/SLAM_AGV/workspace/install/control_msgs/local/lib/python3.10/dist-packages/control_msgs/msg/_interface_value.py\n'}
[157.955768] (control_msgs) StdoutLine: {'line': b'-- Up-to-date symlink: /home/pinet/SLAM_AGV/workspace/install/control_msgs/local/lib/python3.10/dist-packages/control_msgs/msg/_interface_value_s.c\n'}
[157.957267] (control_msgs) StdoutLine: {'line': b'-- Up-to-date symlink: /home/pinet/SLAM_AGV/workspace/install/control_msgs/local/lib/python3.10/dist-packages/control_msgs/msg/_joint_component_tolerance.py\n'}
[157.958834] (control_msgs) StdoutLine: {'line': b'-- Up-to-date symlink: /home/pinet/SLAM_AGV/workspace/install/control_msgs/local/lib/python3.10/dist-packages/control_msgs/msg/_joint_component_tolerance_s.c\n'}
[157.960373] (control_msgs) StdoutLine: {'line': b'-- Up-to-date symlink: /home/pinet/SLAM_AGV/workspace/install/control_msgs/local/lib/python3.10/dist-packages/control_msgs/msg/_joint_controller_state.py\n'}
[157.961849] (control_msgs) StdoutLine: {'line': b'-- Up-to-date symlink: /home/pinet/SLAM_AGV/workspace/install/control_msgs/local/lib/python3.10/dist-packages/control_msgs/msg/_joint_controller_state_s.c\n'}
[157.963388] (control_msgs) StdoutLine: {'line': b'-- Up-to-date symlink: /home/pinet/SLAM_AGV/workspace/install/control_msgs/local/lib/python3.10/dist-packages/control_msgs/msg/_joint_jog.py\n'}
[157.964856] (control_msgs) StdoutLine: {'line': b'-- Up-to-date symlink: /home/pinet/SLAM_AGV/workspace/install/control_msgs/local/lib/python3.10/dist-packages/control_msgs/msg/_joint_jog_s.c\n'}
[157.966397] (control_msgs) StdoutLine: {'line': b'-- Up-to-date symlink: /home/pinet/SLAM_AGV/workspace/install/control_msgs/local/lib/python3.10/dist-packages/control_msgs/msg/_joint_tolerance.py\n'}
[157.967896] (control_msgs) StdoutLine: {'line': b'-- Up-to-date symlink: /home/pinet/SLAM_AGV/workspace/install/control_msgs/local/lib/python3.10/dist-packages/control_msgs/msg/_joint_tolerance_s.c\n'}
[157.969422] (control_msgs) StdoutLine: {'line': b'-- Up-to-date symlink: /home/pinet/SLAM_AGV/workspace/install/control_msgs/local/lib/python3.10/dist-packages/control_msgs/msg/_joint_trajectory_controller_state.py\n'}
[157.970983] (control_msgs) StdoutLine: {'line': b'-- Up-to-date symlink: /home/pinet/SLAM_AGV/workspace/install/control_msgs/local/lib/python3.10/dist-packages/control_msgs/msg/_joint_trajectory_controller_state_s.c\n'}
[157.972476] (control_msgs) StdoutLine: {'line': b'-- Up-to-date symlink: /home/pinet/SLAM_AGV/workspace/install/control_msgs/local/lib/python3.10/dist-packages/control_msgs/msg/_mecanum_drive_controller_state.py\n'}
[157.974041] (control_msgs) StdoutLine: {'line': b'-- Up-to-date symlink: /home/pinet/SLAM_AGV/workspace/install/control_msgs/local/lib/python3.10/dist-packages/control_msgs/msg/_mecanum_drive_controller_state_s.c\n'}
[157.975534] (control_msgs) StdoutLine: {'line': b'-- Up-to-date symlink: /home/pinet/SLAM_AGV/workspace/install/control_msgs/local/lib/python3.10/dist-packages/control_msgs/msg/_multi_dof_command.py\n'}
[157.977030] (control_msgs) StdoutLine: {'line': b'-- Up-to-date symlink: /home/pinet/SLAM_AGV/workspace/install/control_msgs/local/lib/python3.10/dist-packages/control_msgs/msg/_multi_dof_command_s.c\n'}
[157.978581] (control_msgs) StdoutLine: {'line': b'-- Up-to-date symlink: /home/pinet/SLAM_AGV/workspace/install/control_msgs/local/lib/python3.10/dist-packages/control_msgs/msg/_multi_dof_state_stamped.py\n'}
[157.980079] (control_msgs) StdoutLine: {'line': b'-- Up-to-date symlink: /home/pinet/SLAM_AGV/workspace/install/control_msgs/local/lib/python3.10/dist-packages/control_msgs/msg/_multi_dof_state_stamped_s.c\n'}
[157.981567] (control_msgs) StdoutLine: {'line': b'-- Up-to-date symlink: /home/pinet/SLAM_AGV/workspace/install/control_msgs/local/lib/python3.10/dist-packages/control_msgs/msg/_pid_state.py\n'}
[157.983054] (control_msgs) StdoutLine: {'line': b'-- Up-to-date symlink: /home/pinet/SLAM_AGV/workspace/install/control_msgs/local/lib/python3.10/dist-packages/control_msgs/msg/_pid_state_s.c\n'}
[157.984572] (control_msgs) StdoutLine: {'line': b'-- Up-to-date symlink: /home/pinet/SLAM_AGV/workspace/install/control_msgs/local/lib/python3.10/dist-packages/control_msgs/msg/_single_dof_state.py\n'}
[157.986153] (control_msgs) StdoutLine: {'line': b'-- Up-to-date symlink: /home/pinet/SLAM_AGV/workspace/install/control_msgs/local/lib/python3.10/dist-packages/control_msgs/msg/_single_dof_state_s.c\n'}
[157.987685] (control_msgs) StdoutLine: {'line': b'-- Up-to-date symlink: /home/pinet/SLAM_AGV/workspace/install/control_msgs/local/lib/python3.10/dist-packages/control_msgs/msg/_single_dof_state_stamped.py\n'}
[157.989181] (control_msgs) StdoutLine: {'line': b'-- Up-to-date symlink: /home/pinet/SLAM_AGV/workspace/install/control_msgs/local/lib/python3.10/dist-packages/control_msgs/msg/_single_dof_state_stamped_s.c\n'}
[157.990718] (control_msgs) StdoutLine: {'line': b'-- Up-to-date symlink: /home/pinet/SLAM_AGV/workspace/install/control_msgs/local/lib/python3.10/dist-packages/control_msgs/msg/_steering_controller_status.py\n'}
[157.992229] (control_msgs) StdoutLine: {'line': b'-- Up-to-date symlink: /home/pinet/SLAM_AGV/workspace/install/control_msgs/local/lib/python3.10/dist-packages/control_msgs/msg/_steering_controller_status_s.c\n'}
[157.994198] (control_msgs) StdoutLine: {'line': b'-- Up-to-date symlink: /home/pinet/SLAM_AGV/workspace/install/control_msgs/local/lib/python3.10/dist-packages/control_msgs/srv/__init__.py\n'}
[157.995683] (control_msgs) StdoutLine: {'line': b'-- Up-to-date symlink: /home/pinet/SLAM_AGV/workspace/install/control_msgs/local/lib/python3.10/dist-packages/control_msgs/srv/_query_calibration_state.py\n'}
[157.997194] (control_msgs) StdoutLine: {'line': b'-- Up-to-date symlink: /home/pinet/SLAM_AGV/workspace/install/control_msgs/local/lib/python3.10/dist-packages/control_msgs/srv/_query_calibration_state_s.c\n'}
[157.998752] (control_msgs) StdoutLine: {'line': b'-- Up-to-date symlink: /home/pinet/SLAM_AGV/workspace/install/control_msgs/local/lib/python3.10/dist-packages/control_msgs/srv/_query_trajectory_state.py\n'}
[158.000255] (control_msgs) StdoutLine: {'line': b'-- Up-to-date symlink: /home/pinet/SLAM_AGV/workspace/install/control_msgs/local/lib/python3.10/dist-packages/control_msgs/srv/_query_trajectory_state_s.c\n'}
[158.002052] (control_msgs) StdoutLine: {'line': b'-- Up-to-date symlink: /home/pinet/SLAM_AGV/workspace/install/control_msgs/local/lib/python3.10/dist-packages/control_msgs/control_msgs_s__rosidl_typesupport_fastrtps_c.cpython-310-aarch64-linux-gnu.so\n'}
[158.003676] (control_msgs) StdoutLine: {'line': b'-- Up-to-date symlink: /home/pinet/SLAM_AGV/workspace/install/control_msgs/local/lib/python3.10/dist-packages/control_msgs/control_msgs_s__rosidl_typesupport_introspection_c.cpython-310-aarch64-linux-gnu.so\n'}
[158.005264] (control_msgs) StdoutLine: {'line': b'-- Up-to-date symlink: /home/pinet/SLAM_AGV/workspace/install/control_msgs/local/lib/python3.10/dist-packages/control_msgs/control_msgs_s__rosidl_typesupport_c.cpython-310-aarch64-linux-gnu.so\n'}
[158.007482] (control_msgs) StdoutLine: {'line': b'-- Up-to-date symlink: /home/pinet/SLAM_AGV/workspace/install/control_msgs/share/control_msgs/action/ParallelGripperCommand.idl\n'}
[158.009117] (control_msgs) StdoutLine: {'line': b'-- Up-to-date symlink: /home/pinet/SLAM_AGV/workspace/install/control_msgs/share/control_msgs/action/FollowJointTrajectory.idl\n'}
[158.010747] (control_msgs) StdoutLine: {'line': b'-- Up-to-date symlink: /home/pinet/SLAM_AGV/workspace/install/control_msgs/share/control_msgs/action/GripperCommand.idl\n'}
[158.012379] (control_msgs) StdoutLine: {'line': b'-- Up-to-date symlink: /home/pinet/SLAM_AGV/workspace/install/control_msgs/share/control_msgs/action/JointTrajectory.idl\n'}
[158.014026] (control_msgs) StdoutLine: {'line': b'-- Up-to-date symlink: /home/pinet/SLAM_AGV/workspace/install/control_msgs/share/control_msgs/action/PointHead.idl\n'}
[158.015657] (control_msgs) StdoutLine: {'line': b'-- Up-to-date symlink: /home/pinet/SLAM_AGV/workspace/install/control_msgs/share/control_msgs/action/SingleJointPosition.idl\n'}
[158.017659] (control_msgs) StdoutLine: {'line': b'-- Up-to-date symlink: /home/pinet/SLAM_AGV/workspace/install/control_msgs/share/control_msgs/msg/AdmittanceControllerState.idl\n'}
[158.019340] (control_msgs) StdoutLine: {'line': b'-- Up-to-date symlink: /home/pinet/SLAM_AGV/workspace/install/control_msgs/share/control_msgs/msg/DynamicInterfaceGroupValues.idl\n'}
[158.020941] (control_msgs) StdoutLine: {'line': b'-- Up-to-date symlink: /home/pinet/SLAM_AGV/workspace/install/control_msgs/share/control_msgs/msg/DynamicJointState.idl\n'}
[158.022572] (control_msgs) StdoutLine: {'line': b'-- Up-to-date symlink: /home/pinet/SLAM_AGV/workspace/install/control_msgs/share/control_msgs/msg/GripperCommand.idl\n'}
[158.024183] (control_msgs) StdoutLine: {'line': b'-- Up-to-date symlink: /home/pinet/SLAM_AGV/workspace/install/control_msgs/share/control_msgs/msg/InterfaceValue.idl\n'}
[158.025940] (control_msgs) StdoutLine: {'line': b'-- Up-to-date symlink: /home/pinet/SLAM_AGV/workspace/install/control_msgs/share/control_msgs/msg/JointComponentTolerance.idl\n'}
[158.027630] (control_msgs) StdoutLine: {'line': b'-- Up-to-date symlink: /home/pinet/SLAM_AGV/workspace/install/control_msgs/share/control_msgs/msg/JointControllerState.idl\n'}
[158.029274] (control_msgs) StdoutLine: {'line': b'-- Up-to-date symlink: /home/pinet/SLAM_AGV/workspace/install/control_msgs/share/control_msgs/msg/JointJog.idl\n'}
[158.030951] (control_msgs) StdoutLine: {'line': b'-- Up-to-date symlink: /home/pinet/SLAM_AGV/workspace/install/control_msgs/share/control_msgs/msg/JointTolerance.idl\n'}
[158.032657] (control_msgs) StdoutLine: {'line': b'-- Up-to-date symlink: /home/pinet/SLAM_AGV/workspace/install/control_msgs/share/control_msgs/msg/JointTrajectoryControllerState.idl\n'}
[158.034385] (control_msgs) StdoutLine: {'line': b'-- Up-to-date symlink: /home/pinet/SLAM_AGV/workspace/install/control_msgs/share/control_msgs/msg/MecanumDriveControllerState.idl\n'}
[158.036059] (control_msgs) StdoutLine: {'line': b'-- Up-to-date symlink: /home/pinet/SLAM_AGV/workspace/install/control_msgs/share/control_msgs/msg/MultiDOFCommand.idl\n'}
[158.037652] (control_msgs) StdoutLine: {'line': b'-- Up-to-date symlink: /home/pinet/SLAM_AGV/workspace/install/control_msgs/share/control_msgs/msg/MultiDOFStateStamped.idl\n'}
[158.039278] (control_msgs) StdoutLine: {'line': b'-- Up-to-date symlink: /home/pinet/SLAM_AGV/workspace/install/control_msgs/share/control_msgs/msg/PidState.idl\n'}
[158.040135] (-) TimerEvent: {}
[158.040955] (control_msgs) StdoutLine: {'line': b'-- Up-to-date symlink: /home/pinet/SLAM_AGV/workspace/install/control_msgs/share/control_msgs/msg/SingleDOFState.idl\n'}
[158.042790] (control_msgs) StdoutLine: {'line': b'-- Up-to-date symlink: /home/pinet/SLAM_AGV/workspace/install/control_msgs/share/control_msgs/msg/SingleDOFStateStamped.idl\n'}
[158.044466] (control_msgs) StdoutLine: {'line': b'-- Up-to-date symlink: /home/pinet/SLAM_AGV/workspace/install/control_msgs/share/control_msgs/msg/SteeringControllerStatus.idl\n'}
[158.046579] (control_msgs) StdoutLine: {'line': b'-- Up-to-date symlink: /home/pinet/SLAM_AGV/workspace/install/control_msgs/share/control_msgs/srv/QueryCalibrationState.idl\n'}
[158.048187] (control_msgs) StdoutLine: {'line': b'-- Up-to-date symlink: /home/pinet/SLAM_AGV/workspace/install/control_msgs/share/control_msgs/srv/QueryTrajectoryState.idl\n'}
[158.049789] (control_msgs) StdoutLine: {'line': b'-- Up-to-date symlink: /home/pinet/SLAM_AGV/workspace/install/control_msgs/share/control_msgs/action/ParallelGripperCommand.action\n'}
[158.051455] (control_msgs) StdoutLine: {'line': b'-- Up-to-date symlink: /home/pinet/SLAM_AGV/workspace/install/control_msgs/share/control_msgs/action/FollowJointTrajectory.action\n'}
[158.053021] (control_msgs) StdoutLine: {'line': b'-- Up-to-date symlink: /home/pinet/SLAM_AGV/workspace/install/control_msgs/share/control_msgs/action/GripperCommand.action\n'}
[158.054652] (control_msgs) StdoutLine: {'line': b'-- Up-to-date symlink: /home/pinet/SLAM_AGV/workspace/install/control_msgs/share/control_msgs/action/JointTrajectory.action\n'}
[158.056268] (control_msgs) StdoutLine: {'line': b'-- Up-to-date symlink: /home/pinet/SLAM_AGV/workspace/install/control_msgs/share/control_msgs/action/PointHead.action\n'}
[158.057882] (control_msgs) StdoutLine: {'line': b'-- Up-to-date symlink: /home/pinet/SLAM_AGV/workspace/install/control_msgs/share/control_msgs/action/SingleJointPosition.action\n'}
[158.059558] (control_msgs) StdoutLine: {'line': b'-- Up-to-date symlink: /home/pinet/SLAM_AGV/workspace/install/control_msgs/share/control_msgs/msg/AdmittanceControllerState.msg\n'}
[158.061168] (control_msgs) StdoutLine: {'line': b'-- Up-to-date symlink: /home/pinet/SLAM_AGV/workspace/install/control_msgs/share/control_msgs/msg/DynamicInterfaceGroupValues.msg\n'}
[158.062762] (control_msgs) StdoutLine: {'line': b'-- Up-to-date symlink: /home/pinet/SLAM_AGV/workspace/install/control_msgs/share/control_msgs/msg/DynamicJointState.msg\n'}
[158.064384] (control_msgs) StdoutLine: {'line': b'-- Up-to-date symlink: /home/pinet/SLAM_AGV/workspace/install/control_msgs/share/control_msgs/msg/GripperCommand.msg\n'}
[158.065996] (control_msgs) StdoutLine: {'line': b'-- Up-to-date symlink: /home/pinet/SLAM_AGV/workspace/install/control_msgs/share/control_msgs/msg/InterfaceValue.msg\n'}
[158.067617] (control_msgs) StdoutLine: {'line': b'-- Up-to-date symlink: /home/pinet/SLAM_AGV/workspace/install/control_msgs/share/control_msgs/msg/JointComponentTolerance.msg\n'}
[158.069207] (control_msgs) StdoutLine: {'line': b'-- Up-to-date symlink: /home/pinet/SLAM_AGV/workspace/install/control_msgs/share/control_msgs/msg/JointControllerState.msg\n'}
[158.070779] (control_msgs) StdoutLine: {'line': b'-- Up-to-date symlink: /home/pinet/SLAM_AGV/workspace/install/control_msgs/share/control_msgs/msg/JointJog.msg\n'}
[158.072358] (control_msgs) StdoutLine: {'line': b'-- Up-to-date symlink: /home/pinet/SLAM_AGV/workspace/install/control_msgs/share/control_msgs/msg/JointTolerance.msg\n'}
[158.074067] (control_msgs) StdoutLine: {'line': b'-- Up-to-date symlink: /home/pinet/SLAM_AGV/workspace/install/control_msgs/share/control_msgs/msg/JointTrajectoryControllerState.msg\n'}
[158.075847] (control_msgs) StdoutLine: {'line': b'-- Up-to-date symlink: /home/pinet/SLAM_AGV/workspace/install/control_msgs/share/control_msgs/msg/MecanumDriveControllerState.msg\n'}
[158.077427] (control_msgs) StdoutLine: {'line': b'-- Up-to-date symlink: /home/pinet/SLAM_AGV/workspace/install/control_msgs/share/control_msgs/msg/MultiDOFCommand.msg\n'}
[158.079071] (control_msgs) StdoutLine: {'line': b'-- Up-to-date symlink: /home/pinet/SLAM_AGV/workspace/install/control_msgs/share/control_msgs/msg/MultiDOFStateStamped.msg\n'}
[158.080596] (control_msgs) StdoutLine: {'line': b'-- Up-to-date symlink: /home/pinet/SLAM_AGV/workspace/install/control_msgs/share/control_msgs/msg/PidState.msg\n'}
[158.082160] (control_msgs) StdoutLine: {'line': b'-- Up-to-date symlink: /home/pinet/SLAM_AGV/workspace/install/control_msgs/share/control_msgs/msg/SingleDOFState.msg\n'}
[158.083702] (control_msgs) StdoutLine: {'line': b'-- Up-to-date symlink: /home/pinet/SLAM_AGV/workspace/install/control_msgs/share/control_msgs/msg/SingleDOFStateStamped.msg\n'}
[158.085255] (control_msgs) StdoutLine: {'line': b'-- Up-to-date symlink: /home/pinet/SLAM_AGV/workspace/install/control_msgs/share/control_msgs/msg/SteeringControllerStatus.msg\n'}
[158.086841] (control_msgs) StdoutLine: {'line': b'-- Up-to-date symlink: /home/pinet/SLAM_AGV/workspace/install/control_msgs/share/control_msgs/srv/QueryCalibrationState.srv\n'}
[158.088428] (control_msgs) StdoutLine: {'line': b'-- Up-to-date symlink: /home/pinet/SLAM_AGV/workspace/install/control_msgs/share/control_msgs/srv/QueryCalibrationState_Request.msg\n'}
[158.090011] (control_msgs) StdoutLine: {'line': b'-- Up-to-date symlink: /home/pinet/SLAM_AGV/workspace/install/control_msgs/share/control_msgs/srv/QueryCalibrationState_Response.msg\n'}
[158.091593] (control_msgs) StdoutLine: {'line': b'-- Up-to-date symlink: /home/pinet/SLAM_AGV/workspace/install/control_msgs/share/control_msgs/srv/QueryTrajectoryState.srv\n'}
[158.093158] (control_msgs) StdoutLine: {'line': b'-- Up-to-date symlink: /home/pinet/SLAM_AGV/workspace/install/control_msgs/share/control_msgs/srv/QueryTrajectoryState_Request.msg\n'}
[158.094741] (control_msgs) StdoutLine: {'line': b'-- Up-to-date symlink: /home/pinet/SLAM_AGV/workspace/install/control_msgs/share/control_msgs/srv/QueryTrajectoryState_Response.msg\n'}
[158.097012] (control_msgs) StdoutLine: {'line': b'-- Up-to-date symlink: /home/pinet/SLAM_AGV/workspace/install/control_msgs/share/ament_index/resource_index/package_run_dependencies/control_msgs\n'}
[158.099325] (control_msgs) StdoutLine: {'line': b'-- Up-to-date symlink: /home/pinet/SLAM_AGV/workspace/install/control_msgs/share/ament_index/resource_index/parent_prefix_path/control_msgs\n'}
[158.100962] (control_msgs) StdoutLine: {'line': b'-- Up-to-date symlink: /home/pinet/SLAM_AGV/workspace/install/control_msgs/share/control_msgs/environment/ament_prefix_path.sh\n'}
[158.102625] (control_msgs) StdoutLine: {'line': b'-- Up-to-date symlink: /home/pinet/SLAM_AGV/workspace/install/control_msgs/share/control_msgs/environment/ament_prefix_path.dsv\n'}
[158.104227] (control_msgs) StdoutLine: {'line': b'-- Up-to-date symlink: /home/pinet/SLAM_AGV/workspace/install/control_msgs/share/control_msgs/environment/path.sh\n'}
[158.105833] (control_msgs) StdoutLine: {'line': b'-- Up-to-date symlink: /home/pinet/SLAM_AGV/workspace/install/control_msgs/share/control_msgs/environment/path.dsv\n'}
[158.107450] (control_msgs) StdoutLine: {'line': b'-- Up-to-date symlink: /home/pinet/SLAM_AGV/workspace/install/control_msgs/share/control_msgs/local_setup.bash\n'}
[158.108494] (control_msgs) StdoutLine: {'line': b'-- Up-to-date symlink: /home/pinet/SLAM_AGV/workspace/install/control_msgs/share/control_msgs/local_setup.sh\n'}
[158.110074] (control_msgs) StdoutLine: {'line': b'-- Up-to-date symlink: /home/pinet/SLAM_AGV/workspace/install/control_msgs/share/control_msgs/local_setup.zsh\n'}
[158.111637] (control_msgs) StdoutLine: {'line': b'-- Up-to-date symlink: /home/pinet/SLAM_AGV/workspace/install/control_msgs/share/control_msgs/local_setup.dsv\n'}
[158.112383] (control_msgs) StdoutLine: {'line': b'-- Symlinking: /home/pinet/SLAM_AGV/workspace/install/control_msgs/share/control_msgs/package.dsv\n'}
[158.140377] (-) TimerEvent: {}
[158.145556] (control_msgs) StdoutLine: {'line': b'-- Up-to-date symlink: /home/pinet/SLAM_AGV/workspace/install/control_msgs/share/ament_index/resource_index/packages/control_msgs\n'}
[158.146967] (control_msgs) StdoutLine: {'line': b'-- Up-to-date symlink: /home/pinet/SLAM_AGV/workspace/install/control_msgs/share/control_msgs/cmake/rosidl_cmake-extras.cmake\n'}
[158.148482] (control_msgs) StdoutLine: {'line': b'-- Up-to-date symlink: /home/pinet/SLAM_AGV/workspace/install/control_msgs/share/control_msgs/cmake/ament_cmake_export_dependencies-extras.cmake\n'}
[158.149972] (control_msgs) StdoutLine: {'line': b'-- Up-to-date symlink: /home/pinet/SLAM_AGV/workspace/install/control_msgs/share/control_msgs/cmake/ament_cmake_export_include_directories-extras.cmake\n'}
[158.151536] (control_msgs) StdoutLine: {'line': b'-- Up-to-date symlink: /home/pinet/SLAM_AGV/workspace/install/control_msgs/share/control_msgs/cmake/ament_cmake_export_libraries-extras.cmake\n'}
[158.153203] (control_msgs) StdoutLine: {'line': b'-- Up-to-date symlink: /home/pinet/SLAM_AGV/workspace/install/control_msgs/share/control_msgs/cmake/ament_cmake_export_targets-extras.cmake\n'}
[158.154922] (control_msgs) StdoutLine: {'line': b'-- Up-to-date symlink: /home/pinet/SLAM_AGV/workspace/install/control_msgs/share/control_msgs/cmake/rosidl_cmake_export_typesupport_targets-extras.cmake\n'}
[158.156618] (control_msgs) StdoutLine: {'line': b'-- Up-to-date symlink: /home/pinet/SLAM_AGV/workspace/install/control_msgs/share/control_msgs/cmake/rosidl_cmake_export_typesupport_libraries-extras.cmake\n'}
[158.157762] (control_msgs) StdoutLine: {'line': b'-- Up-to-date symlink: /home/pinet/SLAM_AGV/workspace/install/control_msgs/share/control_msgs/cmake/control_msgsConfig.cmake\n'}
[158.159285] (control_msgs) StdoutLine: {'line': b'-- Up-to-date symlink: /home/pinet/SLAM_AGV/workspace/install/control_msgs/share/control_msgs/cmake/control_msgsConfig-version.cmake\n'}
[158.161013] (control_msgs) StdoutLine: {'line': b'-- Up-to-date symlink: /home/pinet/SLAM_AGV/workspace/install/control_msgs/share/control_msgs/package.xml\n'}
[158.164864] (control_msgs) StdoutLine: {'line': b'-- Installing: /home/pinet/SLAM_AGV/workspace/install/control_msgs/lib/libcontrol_msgs__rosidl_generator_c.so\n'}
[158.171442] (control_msgs) StdoutLine: {'line': b'-- Set runtime path of "/home/pinet/SLAM_AGV/workspace/install/control_msgs/lib/libcontrol_msgs__rosidl_generator_c.so" to ""\n'}
[158.174861] (control_msgs) StdoutLine: {'line': b'-- Installing: /home/pinet/SLAM_AGV/workspace/install/control_msgs/lib/libcontrol_msgs__rosidl_typesupport_fastrtps_c.so\n'}
[158.180450] (control_msgs) StdoutLine: {'line': b'-- Set runtime path of "/home/pinet/SLAM_AGV/workspace/install/control_msgs/lib/libcontrol_msgs__rosidl_typesupport_fastrtps_c.so" to ""\n'}
[158.184143] (control_msgs) StdoutLine: {'line': b'-- Installing: /home/pinet/SLAM_AGV/workspace/install/control_msgs/lib/libcontrol_msgs__rosidl_typesupport_fastrtps_cpp.so\n'}
[158.192613] (control_msgs) StdoutLine: {'line': b'-- Set runtime path of "/home/pinet/SLAM_AGV/workspace/install/control_msgs/lib/libcontrol_msgs__rosidl_typesupport_fastrtps_cpp.so" to ""\n'}
[158.195857] (control_msgs) StdoutLine: {'line': b'-- Installing: /home/pinet/SLAM_AGV/workspace/install/control_msgs/lib/libcontrol_msgs__rosidl_typesupport_introspection_c.so\n'}
[158.201002] (control_msgs) StdoutLine: {'line': b'-- Set runtime path of "/home/pinet/SLAM_AGV/workspace/install/control_msgs/lib/libcontrol_msgs__rosidl_typesupport_introspection_c.so" to ""\n'}
[158.204364] (control_msgs) StdoutLine: {'line': b'-- Installing: /home/pinet/SLAM_AGV/workspace/install/control_msgs/lib/libcontrol_msgs__rosidl_typesupport_c.so\n'}
[158.208588] (control_msgs) StdoutLine: {'line': b'-- Set runtime path of "/home/pinet/SLAM_AGV/workspace/install/control_msgs/lib/libcontrol_msgs__rosidl_typesupport_c.so" to ""\n'}
[158.212140] (control_msgs) StdoutLine: {'line': b'-- Installing: /home/pinet/SLAM_AGV/workspace/install/control_msgs/lib/libcontrol_msgs__rosidl_typesupport_introspection_cpp.so\n'}
[158.221211] (control_msgs) StdoutLine: {'line': b'-- Set runtime path of "/home/pinet/SLAM_AGV/workspace/install/control_msgs/lib/libcontrol_msgs__rosidl_typesupport_introspection_cpp.so" to ""\n'}
[158.224414] (control_msgs) StdoutLine: {'line': b'-- Installing: /home/pinet/SLAM_AGV/workspace/install/control_msgs/lib/libcontrol_msgs__rosidl_typesupport_cpp.so\n'}
[158.228672] (control_msgs) StdoutLine: {'line': b'-- Set runtime path of "/home/pinet/SLAM_AGV/workspace/install/control_msgs/lib/libcontrol_msgs__rosidl_typesupport_cpp.so" to ""\n'}
[158.240531] (-) TimerEvent: {}
[158.341258] (-) TimerEvent: {}
[158.441989] (-) TimerEvent: {}
[158.542638] (-) TimerEvent: {}
[158.643225] (-) TimerEvent: {}
[158.698367] (control_msgs) StdoutLine: {'line': b"Listing '/home/pinet/SLAM_AGV/workspace/install/control_msgs/local/lib/python3.10/dist-packages/control_msgs'...\n"}
[158.700874] (control_msgs) StdoutLine: {'line': b"Compiling '/home/pinet/SLAM_AGV/workspace/install/control_msgs/local/lib/python3.10/dist-packages/control_msgs/__init__.py'...\n"}
[158.701778] (control_msgs) StdoutLine: {'line': b"Listing '/home/pinet/SLAM_AGV/workspace/install/control_msgs/local/lib/python3.10/dist-packages/control_msgs/action'...\n"}
[158.703030] (control_msgs) StdoutLine: {'line': b"Compiling '/home/pinet/SLAM_AGV/workspace/install/control_msgs/local/lib/python3.10/dist-packages/control_msgs/action/__init__.py'...\n"}
[158.703981] (control_msgs) StdoutLine: {'line': b"Compiling '/home/pinet/SLAM_AGV/workspace/install/control_msgs/local/lib/python3.10/dist-packages/control_msgs/action/_follow_joint_trajectory.py'...\n"}
[158.704666] (control_msgs) StdoutLine: {'line': b"Compiling '/home/pinet/SLAM_AGV/workspace/install/control_msgs/local/lib/python3.10/dist-packages/control_msgs/action/_gripper_command.py'...\n"}
[158.705497] (control_msgs) StdoutLine: {'line': b"Compiling '/home/pinet/SLAM_AGV/workspace/install/control_msgs/local/lib/python3.10/dist-packages/control_msgs/action/_joint_trajectory.py'...\n"}
[158.706506] (control_msgs) StdoutLine: {'line': b"Compiling '/home/pinet/SLAM_AGV/workspace/install/control_msgs/local/lib/python3.10/dist-packages/control_msgs/action/_parallel_gripper_command.py'...\n"}
[158.707332] (control_msgs) StdoutLine: {'line': b"Compiling '/home/pinet/SLAM_AGV/workspace/install/control_msgs/local/lib/python3.10/dist-packages/control_msgs/action/_point_head.py'...\n"}
[158.708169] (control_msgs) StdoutLine: {'line': b"Compiling '/home/pinet/SLAM_AGV/workspace/install/control_msgs/local/lib/python3.10/dist-packages/control_msgs/action/_single_joint_position.py'...\n"}
[158.708960] (control_msgs) StdoutLine: {'line': b"Listing '/home/pinet/SLAM_AGV/workspace/install/control_msgs/local/lib/python3.10/dist-packages/control_msgs/msg'...\n"}
[158.709815] (control_msgs) StdoutLine: {'line': b"Compiling '/home/pinet/SLAM_AGV/workspace/install/control_msgs/local/lib/python3.10/dist-packages/control_msgs/msg/__init__.py'...\n"}
[158.710571] (control_msgs) StdoutLine: {'line': b"Compiling '/home/pinet/SLAM_AGV/workspace/install/control_msgs/local/lib/python3.10/dist-packages/control_msgs/msg/_admittance_controller_state.py'...\n"}
[158.711377] (control_msgs) StdoutLine: {'line': b"Compiling '/home/pinet/SLAM_AGV/workspace/install/control_msgs/local/lib/python3.10/dist-packages/control_msgs/msg/_dynamic_interface_group_values.py'...\n"}
[158.712166] (control_msgs) StdoutLine: {'line': b"Compiling '/home/pinet/SLAM_AGV/workspace/install/control_msgs/local/lib/python3.10/dist-packages/control_msgs/msg/_dynamic_joint_state.py'...\n"}
[158.712799] (control_msgs) StdoutLine: {'line': b"Compiling '/home/pinet/SLAM_AGV/workspace/install/control_msgs/local/lib/python3.10/dist-packages/control_msgs/msg/_gripper_command.py'...\n"}
[158.713250] (control_msgs) StdoutLine: {'line': b"Compiling '/home/pinet/SLAM_AGV/workspace/install/control_msgs/local/lib/python3.10/dist-packages/control_msgs/msg/_interface_value.py'...\n"}
[158.713676] (control_msgs) StdoutLine: {'line': b"Compiling '/home/pinet/SLAM_AGV/workspace/install/control_msgs/local/lib/python3.10/dist-packages/control_msgs/msg/_joint_component_tolerance.py'...\n"}
[158.714194] (control_msgs) StdoutLine: {'line': b"Compiling '/home/pinet/SLAM_AGV/workspace/install/control_msgs/local/lib/python3.10/dist-packages/control_msgs/msg/_joint_controller_state.py'...\n"}
[158.714642] (control_msgs) StdoutLine: {'line': b"Compiling '/home/pinet/SLAM_AGV/workspace/install/control_msgs/local/lib/python3.10/dist-packages/control_msgs/msg/_joint_jog.py'...\n"}
[158.715117] (control_msgs) StdoutLine: {'line': b"Compiling '/home/pinet/SLAM_AGV/workspace/install/control_msgs/local/lib/python3.10/dist-packages/control_msgs/msg/_joint_tolerance.py'...\n"}
[158.715550] (control_msgs) StdoutLine: {'line': b"Compiling '/home/pinet/SLAM_AGV/workspace/install/control_msgs/local/lib/python3.10/dist-packages/control_msgs/msg/_joint_trajectory_controller_state.py'...\n"}
[158.716121] (control_msgs) StdoutLine: {'line': b"Compiling '/home/pinet/SLAM_AGV/workspace/install/control_msgs/local/lib/python3.10/dist-packages/control_msgs/msg/_mecanum_drive_controller_state.py'...\n"}
[158.716722] (control_msgs) StdoutLine: {'line': b"Compiling '/home/pinet/SLAM_AGV/workspace/install/control_msgs/local/lib/python3.10/dist-packages/control_msgs/msg/_multi_dof_command.py'...\n"}
[158.717180] (control_msgs) StdoutLine: {'line': b"Compiling '/home/pinet/SLAM_AGV/workspace/install/control_msgs/local/lib/python3.10/dist-packages/control_msgs/msg/_multi_dof_state_stamped.py'...\n"}
[158.717898] (control_msgs) StdoutLine: {'line': b"Compiling '/home/pinet/SLAM_AGV/workspace/install/control_msgs/local/lib/python3.10/dist-packages/control_msgs/msg/_pid_state.py'...\n"}
[158.718903] (control_msgs) StdoutLine: {'line': b"Compiling '/home/pinet/SLAM_AGV/workspace/install/control_msgs/local/lib/python3.10/dist-packages/control_msgs/msg/_single_dof_state.py'...\n"}
[158.719586] (control_msgs) StdoutLine: {'line': b"Compiling '/home/pinet/SLAM_AGV/workspace/install/control_msgs/local/lib/python3.10/dist-packages/control_msgs/msg/_single_dof_state_stamped.py'...\n"}
[158.720056] (control_msgs) StdoutLine: {'line': b"Compiling '/home/pinet/SLAM_AGV/workspace/install/control_msgs/local/lib/python3.10/dist-packages/control_msgs/msg/_steering_controller_status.py'...\n"}
[158.720499] (control_msgs) StdoutLine: {'line': b"Listing '/home/pinet/SLAM_AGV/workspace/install/control_msgs/local/lib/python3.10/dist-packages/control_msgs/srv'...\n"}
[158.721299] (control_msgs) StdoutLine: {'line': b"Compiling '/home/pinet/SLAM_AGV/workspace/install/control_msgs/local/lib/python3.10/dist-packages/control_msgs/srv/__init__.py'...\n"}
[158.721824] (control_msgs) StdoutLine: {'line': b"Compiling '/home/pinet/SLAM_AGV/workspace/install/control_msgs/local/lib/python3.10/dist-packages/control_msgs/srv/_query_calibration_state.py'...\n"}
[158.722507] (control_msgs) StdoutLine: {'line': b"Compiling '/home/pinet/SLAM_AGV/workspace/install/control_msgs/local/lib/python3.10/dist-packages/control_msgs/srv/_query_trajectory_state.py'...\n"}
[158.728770] (control_msgs) StdoutLine: {'line': b'-- Installing: /home/pinet/SLAM_AGV/workspace/install/control_msgs/lib/libcontrol_msgs__rosidl_generator_py.so\n'}
[158.733831] (control_msgs) StdoutLine: {'line': b'-- Set runtime path of "/home/pinet/SLAM_AGV/workspace/install/control_msgs/lib/libcontrol_msgs__rosidl_generator_py.so" to ""\n'}
[158.735488] (control_msgs) StdoutLine: {'line': b'-- Installing: /home/pinet/SLAM_AGV/workspace/install/control_msgs/share/control_msgs/cmake/export_control_msgs__rosidl_generator_cExport.cmake\n'}
[158.737420] (control_msgs) StdoutLine: {'line': b'-- Installing: /home/pinet/SLAM_AGV/workspace/install/control_msgs/share/control_msgs/cmake/export_control_msgs__rosidl_generator_cExport-noconfig.cmake\n'}
[158.740401] (control_msgs) StdoutLine: {'line': b'-- Installing: /home/pinet/SLAM_AGV/workspace/install/control_msgs/share/control_msgs/cmake/export_control_msgs__rosidl_typesupport_fastrtps_cExport.cmake\n'}
[158.742315] (control_msgs) StdoutLine: {'line': b'-- Installing: /home/pinet/SLAM_AGV/workspace/install/control_msgs/share/control_msgs/cmake/export_control_msgs__rosidl_typesupport_fastrtps_cExport-noconfig.cmake\n'}
[158.743336] (-) TimerEvent: {}
[158.745305] (control_msgs) StdoutLine: {'line': b'-- Installing: /home/pinet/SLAM_AGV/workspace/install/control_msgs/share/control_msgs/cmake/export_control_msgs__rosidl_generator_cppExport.cmake\n'}
[158.748030] (control_msgs) StdoutLine: {'line': b'-- Installing: /home/pinet/SLAM_AGV/workspace/install/control_msgs/share/control_msgs/cmake/export_control_msgs__rosidl_typesupport_fastrtps_cppExport.cmake\n'}
[158.749641] (control_msgs) StdoutLine: {'line': b'-- Installing: /home/pinet/SLAM_AGV/workspace/install/control_msgs/share/control_msgs/cmake/export_control_msgs__rosidl_typesupport_fastrtps_cppExport-noconfig.cmake\n'}
[158.752168] (control_msgs) StdoutLine: {'line': b'-- Installing: /home/pinet/SLAM_AGV/workspace/install/control_msgs/share/control_msgs/cmake/control_msgs__rosidl_typesupport_introspection_cExport.cmake\n'}
[158.753768] (control_msgs) StdoutLine: {'line': b'-- Installing: /home/pinet/SLAM_AGV/workspace/install/control_msgs/share/control_msgs/cmake/control_msgs__rosidl_typesupport_introspection_cExport-noconfig.cmake\n'}
[158.756343] (control_msgs) StdoutLine: {'line': b'-- Installing: /home/pinet/SLAM_AGV/workspace/install/control_msgs/share/control_msgs/cmake/control_msgs__rosidl_typesupport_cExport.cmake\n'}
[158.758006] (control_msgs) StdoutLine: {'line': b'-- Installing: /home/pinet/SLAM_AGV/workspace/install/control_msgs/share/control_msgs/cmake/control_msgs__rosidl_typesupport_cExport-noconfig.cmake\n'}
[158.760587] (control_msgs) StdoutLine: {'line': b'-- Installing: /home/pinet/SLAM_AGV/workspace/install/control_msgs/share/control_msgs/cmake/control_msgs__rosidl_typesupport_introspection_cppExport.cmake\n'}
[158.762241] (control_msgs) StdoutLine: {'line': b'-- Installing: /home/pinet/SLAM_AGV/workspace/install/control_msgs/share/control_msgs/cmake/control_msgs__rosidl_typesupport_introspection_cppExport-noconfig.cmake\n'}
[158.764744] (control_msgs) StdoutLine: {'line': b'-- Installing: /home/pinet/SLAM_AGV/workspace/install/control_msgs/share/control_msgs/cmake/control_msgs__rosidl_typesupport_cppExport.cmake\n'}
[158.766452] (control_msgs) StdoutLine: {'line': b'-- Installing: /home/pinet/SLAM_AGV/workspace/install/control_msgs/share/control_msgs/cmake/control_msgs__rosidl_typesupport_cppExport-noconfig.cmake\n'}
[158.768828] (control_msgs) StdoutLine: {'line': b'-- Installing: /home/pinet/SLAM_AGV/workspace/install/control_msgs/share/control_msgs/cmake/export_control_msgs__rosidl_generator_pyExport.cmake\n'}
[158.770551] (control_msgs) StdoutLine: {'line': b'-- Installing: /home/pinet/SLAM_AGV/workspace/install/control_msgs/share/control_msgs/cmake/export_control_msgs__rosidl_generator_pyExport-noconfig.cmake\n'}
[158.778180] (control_msgs) CommandEnded: {'returncode': 0}
[158.843482] (-) TimerEvent: {}
[158.884190] (control_msgs) JobEnded: {'identifier': 'control_msgs', 'rc': 0}
[158.886527] (-) EventReactorShutdown: {}
