[0.040s] Invoking command in '/home/pinet/SLAM_AGV/workspace/build/control_msgs': CMAKE_PREFIX_PATH=/opt/ros/humble /usr/bin/cmake /home/pinet/SLAM_AGV/workspace/src/control_msgs/control_msgs -DAMENT_CMAKE_SYMLINK_INSTALL=1 -DCMAKE_INSTALL_PREFIX=/home/pinet/SLAM_AGV/workspace/install/control_msgs
[0.285s] -- The C compiler identification is GNU 11.4.0
[0.523s] -- The CXX compiler identification is GNU 11.4.0
[0.553s] -- Detecting C compiler ABI info
[0.842s] -- Detecting C compiler ABI info - done
[0.869s] -- Check for working C compiler: /usr/bin/cc - skipped
[0.870s] -- Detecting C compile features
[0.871s] -- Detecting C compile features - done
[0.882s] -- Detecting CXX compiler ABI info
[1.203s] -- Detecting CXX compiler ABI info - done
[1.228s] -- Check for working CXX compiler: /usr/bin/c++ - skipped
[1.229s] -- Detecting CXX compile features
[1.231s] -- Detecting CXX compile features - done
[1.247s] -- Found action_msgs: 1.2.1 (/opt/ros/humble/share/action_msgs/cmake)
[1.904s] -- Found Python3: /usr/bin/python3 (found version "3.10.12") found components: Interpreter 
[2.170s] -- Override CMake install command with custom implementation using symlinks instead of copying resources
[2.601s] -- Found rosidl_generator_c: 3.1.6 (/opt/ros/humble/share/rosidl_generator_c/cmake)
[2.637s] -- Found rosidl_adapter: 3.1.6 (/opt/ros/humble/share/rosidl_adapter/cmake)
[2.685s] -- Found rosidl_generator_cpp: 3.1.6 (/opt/ros/humble/share/rosidl_generator_cpp/cmake)
[2.750s] -- Using all available rosidl_typesupport_c: rosidl_typesupport_fastrtps_c;rosidl_typesupport_introspection_c
[2.837s] -- Using all available rosidl_typesupport_cpp: rosidl_typesupport_fastrtps_cpp;rosidl_typesupport_introspection_cpp
[3.014s] -- Found geometry_msgs: 4.2.4 (/opt/ros/humble/share/geometry_msgs/cmake)
[3.135s] -- Found rosidl_default_generators: 1.2.0 (/opt/ros/humble/share/rosidl_default_generators/cmake)
[3.198s] -- Found sensor_msgs: 4.2.4 (/opt/ros/humble/share/sensor_msgs/cmake)
[3.274s] -- Found trajectory_msgs: 4.2.4 (/opt/ros/humble/share/trajectory_msgs/cmake)
[5.499s] -- Found ament_cmake_cppcheck: 0.12.11 (/opt/ros/humble/share/ament_cmake_cppcheck/cmake)
[5.518s] -- Found ament_cmake_cpplint: 0.12.11 (/opt/ros/humble/share/ament_cmake_cpplint/cmake)
[5.538s] -- Found ament_cmake_uncrustify: 0.12.11 (/opt/ros/humble/share/ament_cmake_uncrustify/cmake)
[5.558s] -- Found ament_cmake_ros: 0.10.0 (/opt/ros/humble/share/ament_cmake_ros/cmake)
[7.767s] -- Using all available rosidl_typesupport_c: rosidl_typesupport_fastrtps_c;rosidl_typesupport_introspection_c
[8.626s] -- Using all available rosidl_typesupport_cpp: rosidl_typesupport_fastrtps_cpp;rosidl_typesupport_introspection_cpp
[8.733s] -- Found PythonInterp: /usr/bin/python3 (found suitable version "3.10.12", minimum required is "3.6") 
[8.751s] -- Found python_cmake_module: 0.10.0 (/opt/ros/humble/share/python_cmake_module/cmake)
[8.902s] -- Found PythonLibs: /usr/lib/aarch64-linux-gnu/libpython3.10.so (found suitable version "3.10.12", minimum required is "3.5") 
[8.902s] -- Using PYTHON_EXECUTABLE: /usr/bin/python3
[8.903s] -- Using PYTHON_INCLUDE_DIRS: /usr/include/python3.10
[8.903s] -- Using PYTHON_LIBRARIES: /usr/lib/aarch64-linux-gnu/libpython3.10.so
[8.996s] -- Found PythonExtra: .so  
[9.373s] -- Found ament_cmake_flake8: 0.12.11 (/opt/ros/humble/share/ament_cmake_flake8/cmake)
[9.392s] -- Found ament_cmake_pep257: 0.12.11 (/opt/ros/humble/share/ament_cmake_pep257/cmake)
[9.486s] -- Configuring done
[9.863s] -- Generating done
[9.929s] -- Build files have been written to: /home/pinet/SLAM_AGV/workspace/build/control_msgs
[9.972s] Invoked command in '/home/pinet/SLAM_AGV/workspace/build/control_msgs' returned '0': CMAKE_PREFIX_PATH=/opt/ros/humble /usr/bin/cmake /home/pinet/SLAM_AGV/workspace/src/control_msgs/control_msgs -DAMENT_CMAKE_SYMLINK_INSTALL=1 -DCMAKE_INSTALL_PREFIX=/home/pinet/SLAM_AGV/workspace/install/control_msgs
[9.981s] Invoking command in '/home/pinet/SLAM_AGV/workspace/build/control_msgs': CMAKE_PREFIX_PATH=/opt/ros/humble /usr/bin/cmake --build /home/pinet/SLAM_AGV/workspace/build/control_msgs -- -j4 -l4
[10.174s] [  1%] [34m[1mGenerating C code for ROS interfaces[0m
[10.220s] [  1%] [34m[1mGenerating C++ code for ROS interfaces[0m
[10.238s] [  1%] Built target ament_cmake_python_symlink_control_msgs
[11.451s] running egg_info
[11.454s] creating control_msgs.egg-info
[11.456s] writing control_msgs.egg-info/PKG-INFO
[11.458s] writing dependency_links to control_msgs.egg-info/dependency_links.txt
[11.459s] writing top-level names to control_msgs.egg-info/top_level.txt
[11.462s] writing manifest file 'control_msgs.egg-info/SOURCES.txt'
[11.474s] reading manifest file 'control_msgs.egg-info/SOURCES.txt'
[11.478s] writing manifest file 'control_msgs.egg-info/SOURCES.txt'
[11.611s] [  1%] Built target ament_cmake_python_build_control_msgs_egg
[27.212s] [  1%] Built target control_msgs__cpp
[27.264s] [  2%] [34m[1mGenerating C++ type support dispatch for ROS interfaces[0m
[27.301s] [  3%] [34m[1mGenerating C++ type support for eProsima Fast-RTPS[0m
[27.383s] [  4%] [34m[1mGenerating C++ introspection for ROS interfaces[0m
[29.056s] [  4%] [32mBuilding C object CMakeFiles/control_msgs__rosidl_generator_c.dir/rosidl_generator_c/control_msgs/action/detail/parallel_gripper_command__functions.c.o[0m
[29.854s] [  5%] [32mBuilding C object CMakeFiles/control_msgs__rosidl_generator_c.dir/rosidl_generator_c/control_msgs/action/detail/follow_joint_trajectory__functions.c.o[0m
[30.621s] [  5%] [32mBuilding C object CMakeFiles/control_msgs__rosidl_generator_c.dir/rosidl_generator_c/control_msgs/action/detail/gripper_command__functions.c.o[0m
[31.284s] [  6%] [32mBuilding C object CMakeFiles/control_msgs__rosidl_generator_c.dir/rosidl_generator_c/control_msgs/action/detail/joint_trajectory__functions.c.o[0m
[31.952s] [  6%] [32mBuilding C object CMakeFiles/control_msgs__rosidl_generator_c.dir/rosidl_generator_c/control_msgs/action/detail/point_head__functions.c.o[0m
[32.647s] [  7%] [32mBuilding C object CMakeFiles/control_msgs__rosidl_generator_c.dir/rosidl_generator_c/control_msgs/action/detail/single_joint_position__functions.c.o[0m
[33.322s] [  7%] [32mBuilding C object CMakeFiles/control_msgs__rosidl_generator_c.dir/rosidl_generator_c/control_msgs/msg/detail/admittance_controller_state__functions.c.o[0m
[33.670s] [  7%] [32mBuilding C object CMakeFiles/control_msgs__rosidl_generator_c.dir/rosidl_generator_c/control_msgs/msg/detail/dynamic_interface_group_values__functions.c.o[0m
[33.957s] [  8%] [32mBuilding C object CMakeFiles/control_msgs__rosidl_generator_c.dir/rosidl_generator_c/control_msgs/msg/detail/dynamic_joint_state__functions.c.o[0m
[34.289s] [  8%] [32mBuilding C object CMakeFiles/control_msgs__rosidl_generator_c.dir/rosidl_generator_c/control_msgs/msg/detail/gripper_command__functions.c.o[0m
[34.563s] [  9%] [32mBuilding C object CMakeFiles/control_msgs__rosidl_generator_c.dir/rosidl_generator_c/control_msgs/msg/detail/interface_value__functions.c.o[0m
[34.849s] [  9%] [32mBuilding C object CMakeFiles/control_msgs__rosidl_generator_c.dir/rosidl_generator_c/control_msgs/msg/detail/joint_component_tolerance__functions.c.o[0m
[35.124s] [ 10%] [32mBuilding C object CMakeFiles/control_msgs__rosidl_generator_c.dir/rosidl_generator_c/control_msgs/msg/detail/joint_controller_state__functions.c.o[0m
[35.412s] [ 10%] [32mBuilding C object CMakeFiles/control_msgs__rosidl_generator_c.dir/rosidl_generator_c/control_msgs/msg/detail/joint_jog__functions.c.o[0m
[35.703s] [ 11%] [32mBuilding C object CMakeFiles/control_msgs__rosidl_generator_c.dir/rosidl_generator_c/control_msgs/msg/detail/joint_tolerance__functions.c.o[0m
[35.989s] [ 11%] [32mBuilding C object CMakeFiles/control_msgs__rosidl_generator_c.dir/rosidl_generator_c/control_msgs/msg/detail/joint_trajectory_controller_state__functions.c.o[0m
[36.315s] [ 11%] [32mBuilding C object CMakeFiles/control_msgs__rosidl_generator_c.dir/rosidl_generator_c/control_msgs/msg/detail/mecanum_drive_controller_state__functions.c.o[0m
[36.603s] [ 12%] [32mBuilding C object CMakeFiles/control_msgs__rosidl_generator_c.dir/rosidl_generator_c/control_msgs/msg/detail/multi_dof_command__functions.c.o[0m
[36.881s] [ 12%] [32mBuilding C object CMakeFiles/control_msgs__rosidl_generator_c.dir/rosidl_generator_c/control_msgs/msg/detail/multi_dof_state_stamped__functions.c.o[0m
[37.164s] [ 13%] [32mBuilding C object CMakeFiles/control_msgs__rosidl_generator_c.dir/rosidl_generator_c/control_msgs/msg/detail/pid_state__functions.c.o[0m
[37.450s] [ 13%] [32mBuilding C object CMakeFiles/control_msgs__rosidl_generator_c.dir/rosidl_generator_c/control_msgs/msg/detail/single_dof_state__functions.c.o[0m
[37.725s] [ 14%] [32mBuilding C object CMakeFiles/control_msgs__rosidl_generator_c.dir/rosidl_generator_c/control_msgs/msg/detail/single_dof_state_stamped__functions.c.o[0m
[38.071s] [ 14%] [32mBuilding C object CMakeFiles/control_msgs__rosidl_generator_c.dir/rosidl_generator_c/control_msgs/msg/detail/steering_controller_status__functions.c.o[0m
[38.378s] [ 15%] [32mBuilding C object CMakeFiles/control_msgs__rosidl_generator_c.dir/rosidl_generator_c/control_msgs/srv/detail/query_calibration_state__functions.c.o[0m
[38.709s] [ 15%] [32mBuilding C object CMakeFiles/control_msgs__rosidl_generator_c.dir/rosidl_generator_c/control_msgs/srv/detail/query_trajectory_state__functions.c.o[0m
[38.866s] [ 15%] [32mBuilding CXX object CMakeFiles/control_msgs__rosidl_typesupport_cpp.dir/rosidl_typesupport_cpp/control_msgs/action/parallel_gripper_command__type_support.cpp.o[0m
[39.103s] [ 16%] [32m[1mLinking C shared library libcontrol_msgs__rosidl_generator_c.so[0m
[39.350s] [ 16%] Built target control_msgs__rosidl_generator_c
[39.385s] [ 17%] [32mBuilding CXX object CMakeFiles/control_msgs__rosidl_typesupport_cpp.dir/rosidl_typesupport_cpp/control_msgs/action/follow_joint_trajectory__type_support.cpp.o[0m
[41.812s] [ 17%] [32mBuilding CXX object CMakeFiles/control_msgs__rosidl_typesupport_cpp.dir/rosidl_typesupport_cpp/control_msgs/action/gripper_command__type_support.cpp.o[0m
[42.199s] [ 17%] [32mBuilding CXX object CMakeFiles/control_msgs__rosidl_typesupport_introspection_cpp.dir/rosidl_typesupport_introspection_cpp/control_msgs/action/detail/parallel_gripper_command__type_support.cpp.o[0m
[42.425s] [ 18%] [32mBuilding CXX object CMakeFiles/control_msgs__rosidl_typesupport_introspection_cpp.dir/rosidl_typesupport_introspection_cpp/control_msgs/action/detail/follow_joint_trajectory__type_support.cpp.o[0m
[44.687s] [ 18%] [32mBuilding CXX object CMakeFiles/control_msgs__rosidl_typesupport_cpp.dir/rosidl_typesupport_cpp/control_msgs/action/joint_trajectory__type_support.cpp.o[0m
[45.848s] [ 18%] [32mBuilding CXX object CMakeFiles/control_msgs__rosidl_typesupport_fastrtps_cpp.dir/rosidl_typesupport_fastrtps_cpp/control_msgs/action/detail/dds_fastrtps/parallel_gripper_command__type_support.cpp.o[0m
[46.275s] [ 19%] [32mBuilding CXX object CMakeFiles/control_msgs__rosidl_typesupport_fastrtps_cpp.dir/rosidl_typesupport_fastrtps_cpp/control_msgs/action/detail/dds_fastrtps/follow_joint_trajectory__type_support.cpp.o[0m
[47.418s] [ 19%] [32mBuilding CXX object CMakeFiles/control_msgs__rosidl_typesupport_introspection_cpp.dir/rosidl_typesupport_introspection_cpp/control_msgs/action/detail/gripper_command__type_support.cpp.o[0m
[47.663s] [ 20%] [32mBuilding CXX object CMakeFiles/control_msgs__rosidl_typesupport_cpp.dir/rosidl_typesupport_cpp/control_msgs/action/point_head__type_support.cpp.o[0m
[49.450s] [ 21%] [32mBuilding CXX object CMakeFiles/control_msgs__rosidl_typesupport_introspection_cpp.dir/rosidl_typesupport_introspection_cpp/control_msgs/action/detail/joint_trajectory__type_support.cpp.o[0m
[50.719s] [ 21%] [32mBuilding CXX object CMakeFiles/control_msgs__rosidl_typesupport_cpp.dir/rosidl_typesupport_cpp/control_msgs/action/single_joint_position__type_support.cpp.o[0m
[50.922s] [ 21%] [32mBuilding CXX object CMakeFiles/control_msgs__rosidl_typesupport_fastrtps_cpp.dir/rosidl_typesupport_fastrtps_cpp/control_msgs/action/detail/dds_fastrtps/gripper_command__type_support.cpp.o[0m
[51.179s] [ 22%] [32mBuilding CXX object CMakeFiles/control_msgs__rosidl_typesupport_cpp.dir/rosidl_typesupport_cpp/control_msgs/msg/admittance_controller_state__type_support.cpp.o[0m
[52.984s] [ 22%] [32mBuilding CXX object CMakeFiles/control_msgs__rosidl_typesupport_introspection_cpp.dir/rosidl_typesupport_introspection_cpp/control_msgs/action/detail/point_head__type_support.cpp.o[0m
[53.517s] [ 22%] [32mBuilding CXX object CMakeFiles/control_msgs__rosidl_typesupport_cpp.dir/rosidl_typesupport_cpp/control_msgs/msg/dynamic_interface_group_values__type_support.cpp.o[0m
[53.712s] [ 23%] [32mBuilding CXX object CMakeFiles/control_msgs__rosidl_typesupport_cpp.dir/rosidl_typesupport_cpp/control_msgs/msg/dynamic_joint_state__type_support.cpp.o[0m
[54.470s] [ 24%] [32mBuilding CXX object CMakeFiles/control_msgs__rosidl_typesupport_fastrtps_cpp.dir/rosidl_typesupport_fastrtps_cpp/control_msgs/action/detail/dds_fastrtps/joint_trajectory__type_support.cpp.o[0m
[55.180s] [ 24%] [32mBuilding CXX object CMakeFiles/control_msgs__rosidl_typesupport_cpp.dir/rosidl_typesupport_cpp/control_msgs/msg/gripper_command__type_support.cpp.o[0m
[55.377s] [ 25%] [32mBuilding CXX object CMakeFiles/control_msgs__rosidl_typesupport_cpp.dir/rosidl_typesupport_cpp/control_msgs/msg/interface_value__type_support.cpp.o[0m
[56.634s] [ 26%] [32mBuilding CXX object CMakeFiles/control_msgs__rosidl_typesupport_introspection_cpp.dir/rosidl_typesupport_introspection_cpp/control_msgs/action/detail/single_joint_position__type_support.cpp.o[0m
[56.914s] [ 26%] [32mBuilding CXX object CMakeFiles/control_msgs__rosidl_typesupport_cpp.dir/rosidl_typesupport_cpp/control_msgs/msg/joint_component_tolerance__type_support.cpp.o[0m
[57.091s] [ 26%] [32mBuilding CXX object CMakeFiles/control_msgs__rosidl_typesupport_fastrtps_cpp.dir/rosidl_typesupport_fastrtps_cpp/control_msgs/action/detail/dds_fastrtps/point_head__type_support.cpp.o[0m
[57.973s] [ 26%] [32mBuilding CXX object CMakeFiles/control_msgs__rosidl_typesupport_cpp.dir/rosidl_typesupport_cpp/control_msgs/msg/joint_controller_state__type_support.cpp.o[0m
[58.545s] [ 26%] [32mBuilding CXX object CMakeFiles/control_msgs__rosidl_typesupport_fastrtps_cpp.dir/rosidl_typesupport_fastrtps_cpp/control_msgs/action/detail/dds_fastrtps/single_joint_position__type_support.cpp.o[0m
[59.773s] [ 27%] [32mBuilding CXX object CMakeFiles/control_msgs__rosidl_typesupport_cpp.dir/rosidl_typesupport_cpp/control_msgs/msg/joint_jog__type_support.cpp.o[0m
[60.452s] [ 27%] [32mBuilding CXX object CMakeFiles/control_msgs__rosidl_typesupport_introspection_cpp.dir/rosidl_typesupport_introspection_cpp/control_msgs/msg/detail/admittance_controller_state__type_support.cpp.o[0m
[60.598s] [ 27%] [32mBuilding CXX object CMakeFiles/control_msgs__rosidl_typesupport_introspection_cpp.dir/rosidl_typesupport_introspection_cpp/control_msgs/msg/detail/dynamic_interface_group_values__type_support.cpp.o[0m
[61.428s] [ 27%] [32mBuilding CXX object CMakeFiles/control_msgs__rosidl_typesupport_cpp.dir/rosidl_typesupport_cpp/control_msgs/msg/joint_tolerance__type_support.cpp.o[0m
[62.071s] [ 28%] [32mBuilding CXX object CMakeFiles/control_msgs__rosidl_typesupport_fastrtps_cpp.dir/rosidl_typesupport_fastrtps_cpp/control_msgs/msg/detail/dds_fastrtps/admittance_controller_state__type_support.cpp.o[0m
[63.113s] [ 29%] [32mBuilding CXX object CMakeFiles/control_msgs__rosidl_typesupport_cpp.dir/rosidl_typesupport_cpp/control_msgs/msg/joint_trajectory_controller_state__type_support.cpp.o[0m
[63.196s] [ 29%] [32mBuilding CXX object CMakeFiles/control_msgs__rosidl_typesupport_fastrtps_cpp.dir/rosidl_typesupport_fastrtps_cpp/control_msgs/msg/detail/dds_fastrtps/dynamic_interface_group_values__type_support.cpp.o[0m
[63.688s] [ 30%] [32mBuilding CXX object CMakeFiles/control_msgs__rosidl_typesupport_introspection_cpp.dir/rosidl_typesupport_introspection_cpp/control_msgs/msg/detail/dynamic_joint_state__type_support.cpp.o[0m
[64.679s] [ 31%] [32mBuilding CXX object CMakeFiles/control_msgs__rosidl_typesupport_fastrtps_cpp.dir/rosidl_typesupport_fastrtps_cpp/control_msgs/msg/detail/dds_fastrtps/dynamic_joint_state__type_support.cpp.o[0m
[64.828s] [ 31%] [32mBuilding CXX object CMakeFiles/control_msgs__rosidl_typesupport_cpp.dir/rosidl_typesupport_cpp/control_msgs/msg/mecanum_drive_controller_state__type_support.cpp.o[0m
[66.373s] [ 31%] [32mBuilding CXX object CMakeFiles/control_msgs__rosidl_typesupport_fastrtps_cpp.dir/rosidl_typesupport_fastrtps_cpp/control_msgs/msg/detail/dds_fastrtps/gripper_command__type_support.cpp.o[0m
[66.564s] [ 32%] [32mBuilding CXX object CMakeFiles/control_msgs__rosidl_typesupport_cpp.dir/rosidl_typesupport_cpp/control_msgs/msg/multi_dof_command__type_support.cpp.o[0m
[66.908s] [ 32%] [32mBuilding CXX object CMakeFiles/control_msgs__rosidl_typesupport_introspection_cpp.dir/rosidl_typesupport_introspection_cpp/control_msgs/msg/detail/gripper_command__type_support.cpp.o[0m
[67.777s] [ 33%] [32mBuilding CXX object CMakeFiles/control_msgs__rosidl_typesupport_fastrtps_cpp.dir/rosidl_typesupport_fastrtps_cpp/control_msgs/msg/detail/dds_fastrtps/interface_value__type_support.cpp.o[0m
[68.211s] [ 33%] [32mBuilding CXX object CMakeFiles/control_msgs__rosidl_typesupport_cpp.dir/rosidl_typesupport_cpp/control_msgs/msg/multi_dof_state_stamped__type_support.cpp.o[0m
[68.730s] [ 33%] [32mBuilding CXX object CMakeFiles/control_msgs__rosidl_typesupport_fastrtps_cpp.dir/rosidl_typesupport_fastrtps_cpp/control_msgs/msg/detail/dds_fastrtps/joint_component_tolerance__type_support.cpp.o[0m
[69.230s] [ 34%] [32mBuilding CXX object CMakeFiles/control_msgs__rosidl_typesupport_introspection_cpp.dir/rosidl_typesupport_introspection_cpp/control_msgs/msg/detail/interface_value__type_support.cpp.o[0m
[69.882s] [ 35%] [32mBuilding CXX object CMakeFiles/control_msgs__rosidl_typesupport_cpp.dir/rosidl_typesupport_cpp/control_msgs/msg/pid_state__type_support.cpp.o[0m
[70.772s] [ 36%] [32mBuilding CXX object CMakeFiles/control_msgs__rosidl_typesupport_fastrtps_cpp.dir/rosidl_typesupport_fastrtps_cpp/control_msgs/msg/detail/dds_fastrtps/joint_controller_state__type_support.cpp.o[0m
[71.212s] [ 36%] [32mBuilding CXX object CMakeFiles/control_msgs__rosidl_typesupport_fastrtps_cpp.dir/rosidl_typesupport_fastrtps_cpp/control_msgs/msg/detail/dds_fastrtps/joint_jog__type_support.cpp.o[0m
[71.563s] [ 36%] [32mBuilding CXX object CMakeFiles/control_msgs__rosidl_typesupport_cpp.dir/rosidl_typesupport_cpp/control_msgs/msg/single_dof_state__type_support.cpp.o[0m
[71.884s] [ 36%] [32mBuilding CXX object CMakeFiles/control_msgs__rosidl_typesupport_introspection_cpp.dir/rosidl_typesupport_introspection_cpp/control_msgs/msg/detail/joint_component_tolerance__type_support.cpp.o[0m
[73.221s] [ 37%] [32mBuilding CXX object CMakeFiles/control_msgs__rosidl_typesupport_introspection_cpp.dir/rosidl_typesupport_introspection_cpp/control_msgs/msg/detail/joint_controller_state__type_support.cpp.o[0m
[73.264s] [ 37%] [32mBuilding CXX object CMakeFiles/control_msgs__rosidl_typesupport_cpp.dir/rosidl_typesupport_cpp/control_msgs/msg/single_dof_state_stamped__type_support.cpp.o[0m
[74.169s] [ 37%] [32mBuilding CXX object CMakeFiles/control_msgs__rosidl_typesupport_fastrtps_cpp.dir/rosidl_typesupport_fastrtps_cpp/control_msgs/msg/detail/dds_fastrtps/joint_tolerance__type_support.cpp.o[0m
[74.331s] [ 38%] [32mBuilding CXX object CMakeFiles/control_msgs__rosidl_typesupport_fastrtps_cpp.dir/rosidl_typesupport_fastrtps_cpp/control_msgs/msg/detail/dds_fastrtps/joint_trajectory_controller_state__type_support.cpp.o[0m
[74.868s] [ 39%] [32mBuilding CXX object CMakeFiles/control_msgs__rosidl_typesupport_cpp.dir/rosidl_typesupport_cpp/control_msgs/msg/steering_controller_status__type_support.cpp.o[0m
[75.473s] [ 39%] [32mBuilding CXX object CMakeFiles/control_msgs__rosidl_typesupport_introspection_cpp.dir/rosidl_typesupport_introspection_cpp/control_msgs/msg/detail/joint_jog__type_support.cpp.o[0m
[76.553s] [ 39%] [32mBuilding CXX object CMakeFiles/control_msgs__rosidl_typesupport_cpp.dir/rosidl_typesupport_cpp/control_msgs/srv/query_calibration_state__type_support.cpp.o[0m
[76.625s] [ 40%] [32mBuilding CXX object CMakeFiles/control_msgs__rosidl_typesupport_cpp.dir/rosidl_typesupport_cpp/control_msgs/srv/query_trajectory_state__type_support.cpp.o[0m
[77.200s] [ 40%] [32mBuilding CXX object CMakeFiles/control_msgs__rosidl_typesupport_fastrtps_cpp.dir/rosidl_typesupport_fastrtps_cpp/control_msgs/msg/detail/dds_fastrtps/mecanum_drive_controller_state__type_support.cpp.o[0m
[78.238s] [ 41%] [32mBuilding CXX object CMakeFiles/control_msgs__rosidl_typesupport_fastrtps_cpp.dir/rosidl_typesupport_fastrtps_cpp/control_msgs/msg/detail/dds_fastrtps/multi_dof_command__type_support.cpp.o[0m
[78.248s] [ 42%] [32mBuilding CXX object CMakeFiles/control_msgs__rosidl_typesupport_introspection_cpp.dir/rosidl_typesupport_introspection_cpp/control_msgs/msg/detail/joint_tolerance__type_support.cpp.o[0m
[78.303s] [ 42%] [32m[1mLinking CXX shared library libcontrol_msgs__rosidl_typesupport_cpp.so[0m
[78.520s] [ 42%] Built target control_msgs__rosidl_typesupport_cpp
[78.556s] [ 42%] [32mBuilding CXX object CMakeFiles/control_msgs__rosidl_typesupport_introspection_cpp.dir/rosidl_typesupport_introspection_cpp/control_msgs/msg/detail/joint_trajectory_controller_state__type_support.cpp.o[0m
[79.670s] [ 43%] [34m[1mGenerating C type support for eProsima Fast-RTPS[0m
[80.642s] [ 44%] [34m[1mGenerating C introspection for ROS interfaces[0m
[81.295s] [ 44%] [32mBuilding CXX object CMakeFiles/control_msgs__rosidl_typesupport_fastrtps_cpp.dir/rosidl_typesupport_fastrtps_cpp/control_msgs/msg/detail/dds_fastrtps/multi_dof_state_stamped__type_support.cpp.o[0m
[81.506s] [ 44%] [32mBuilding CXX object CMakeFiles/control_msgs__rosidl_typesupport_introspection_cpp.dir/rosidl_typesupport_introspection_cpp/control_msgs/msg/detail/mecanum_drive_controller_state__type_support.cpp.o[0m
[83.793s] [ 45%] [32mBuilding CXX object CMakeFiles/control_msgs__rosidl_typesupport_introspection_cpp.dir/rosidl_typesupport_introspection_cpp/control_msgs/msg/detail/multi_dof_command__type_support.cpp.o[0m
[83.918s] [ 46%] [32mBuilding CXX object CMakeFiles/control_msgs__rosidl_typesupport_fastrtps_cpp.dir/rosidl_typesupport_fastrtps_cpp/control_msgs/msg/detail/dds_fastrtps/pid_state__type_support.cpp.o[0m
[86.334s] [ 46%] [32mBuilding CXX object CMakeFiles/control_msgs__rosidl_typesupport_introspection_cpp.dir/rosidl_typesupport_introspection_cpp/control_msgs/msg/detail/multi_dof_state_stamped__type_support.cpp.o[0m
[86.387s] [ 46%] [32mBuilding CXX object CMakeFiles/control_msgs__rosidl_typesupport_fastrtps_cpp.dir/rosidl_typesupport_fastrtps_cpp/control_msgs/msg/detail/dds_fastrtps/single_dof_state__type_support.cpp.o[0m
[88.713s] [ 47%] [32mBuilding CXX object CMakeFiles/control_msgs__rosidl_typesupport_fastrtps_cpp.dir/rosidl_typesupport_fastrtps_cpp/control_msgs/msg/detail/dds_fastrtps/single_dof_state_stamped__type_support.cpp.o[0m
[88.743s] [ 48%] [32mBuilding CXX object CMakeFiles/control_msgs__rosidl_typesupport_introspection_cpp.dir/rosidl_typesupport_introspection_cpp/control_msgs/msg/detail/pid_state__type_support.cpp.o[0m
[91.005s] [ 48%] [32mBuilding CXX object CMakeFiles/control_msgs__rosidl_typesupport_introspection_cpp.dir/rosidl_typesupport_introspection_cpp/control_msgs/msg/detail/single_dof_state__type_support.cpp.o[0m
[91.067s] [ 48%] [32mBuilding CXX object CMakeFiles/control_msgs__rosidl_typesupport_fastrtps_cpp.dir/rosidl_typesupport_fastrtps_cpp/control_msgs/msg/detail/dds_fastrtps/steering_controller_status__type_support.cpp.o[0m
[93.229s] [ 49%] [32mBuilding CXX object CMakeFiles/control_msgs__rosidl_typesupport_introspection_cpp.dir/rosidl_typesupport_introspection_cpp/control_msgs/msg/detail/single_dof_state_stamped__type_support.cpp.o[0m
[93.677s] [ 49%] [32mBuilding CXX object CMakeFiles/control_msgs__rosidl_typesupport_fastrtps_cpp.dir/rosidl_typesupport_fastrtps_cpp/control_msgs/srv/detail/dds_fastrtps/query_calibration_state__type_support.cpp.o[0m
[95.493s] [ 49%] [32mBuilding CXX object CMakeFiles/control_msgs__rosidl_typesupport_introspection_cpp.dir/rosidl_typesupport_introspection_cpp/control_msgs/msg/detail/steering_controller_status__type_support.cpp.o[0m
[96.257s] [ 50%] [32mBuilding CXX object CMakeFiles/control_msgs__rosidl_typesupport_fastrtps_cpp.dir/rosidl_typesupport_fastrtps_cpp/control_msgs/srv/detail/dds_fastrtps/query_trajectory_state__type_support.cpp.o[0m
[97.251s] [ 50%] [32mBuilding C object CMakeFiles/control_msgs__rosidl_typesupport_introspection_c.dir/rosidl_typesupport_introspection_c/control_msgs/action/detail/parallel_gripper_command__type_support.c.o[0m
[97.633s] [ 51%] [32mBuilding C object CMakeFiles/control_msgs__rosidl_typesupport_introspection_c.dir/rosidl_typesupport_introspection_c/control_msgs/action/detail/follow_joint_trajectory__type_support.c.o[0m
[98.157s] [ 51%] [32mBuilding C object CMakeFiles/control_msgs__rosidl_typesupport_introspection_c.dir/rosidl_typesupport_introspection_c/control_msgs/action/detail/gripper_command__type_support.c.o[0m
[98.182s] [ 52%] [32mBuilding CXX object CMakeFiles/control_msgs__rosidl_typesupport_introspection_cpp.dir/rosidl_typesupport_introspection_cpp/control_msgs/srv/detail/query_calibration_state__type_support.cpp.o[0m
[98.481s] [ 53%] [32mBuilding C object CMakeFiles/control_msgs__rosidl_typesupport_introspection_c.dir/rosidl_typesupport_introspection_c/control_msgs/action/detail/joint_trajectory__type_support.c.o[0m
[98.595s] [ 53%] [32mBuilding CXX object CMakeFiles/control_msgs__rosidl_typesupport_fastrtps_c.dir/rosidl_typesupport_fastrtps_c/control_msgs/action/detail/parallel_gripper_command__type_support_c.cpp.o[0m
[98.789s] [ 53%] [32mBuilding C object CMakeFiles/control_msgs__rosidl_typesupport_introspection_c.dir/rosidl_typesupport_introspection_c/control_msgs/action/detail/point_head__type_support.c.o[0m
[99.120s] [ 54%] [32mBuilding C object CMakeFiles/control_msgs__rosidl_typesupport_introspection_c.dir/rosidl_typesupport_introspection_c/control_msgs/action/detail/single_joint_position__type_support.c.o[0m
[99.427s] [ 54%] [32m[1mLinking CXX shared library libcontrol_msgs__rosidl_typesupport_fastrtps_cpp.so[0m
[99.454s] [ 54%] [32mBuilding C object CMakeFiles/control_msgs__rosidl_typesupport_introspection_c.dir/rosidl_typesupport_introspection_c/control_msgs/msg/detail/admittance_controller_state__type_support.c.o[0m
[99.803s] [ 54%] [32mBuilding C object CMakeFiles/control_msgs__rosidl_typesupport_introspection_c.dir/rosidl_typesupport_introspection_c/control_msgs/msg/detail/dynamic_interface_group_values__type_support.c.o[0m
[100.010s] [ 54%] Built target control_msgs__rosidl_typesupport_fastrtps_cpp
[100.054s] [ 55%] [32mBuilding CXX object CMakeFiles/control_msgs__rosidl_typesupport_fastrtps_c.dir/rosidl_typesupport_fastrtps_c/control_msgs/action/detail/follow_joint_trajectory__type_support_c.cpp.o[0m
[100.102s] [ 56%] [32mBuilding C object CMakeFiles/control_msgs__rosidl_typesupport_introspection_c.dir/rosidl_typesupport_introspection_c/control_msgs/msg/detail/dynamic_joint_state__type_support.c.o[0m
[100.371s] [ 56%] [32mBuilding C object CMakeFiles/control_msgs__rosidl_typesupport_introspection_c.dir/rosidl_typesupport_introspection_c/control_msgs/msg/detail/gripper_command__type_support.c.o[0m
[100.519s] [ 56%] [32mBuilding CXX object CMakeFiles/control_msgs__rosidl_typesupport_introspection_cpp.dir/rosidl_typesupport_introspection_cpp/control_msgs/srv/detail/query_trajectory_state__type_support.cpp.o[0m
[100.581s] [ 57%] [32mBuilding C object CMakeFiles/control_msgs__rosidl_typesupport_introspection_c.dir/rosidl_typesupport_introspection_c/control_msgs/msg/detail/interface_value__type_support.c.o[0m
[100.814s] [ 57%] [32mBuilding C object CMakeFiles/control_msgs__rosidl_typesupport_introspection_c.dir/rosidl_typesupport_introspection_c/control_msgs/msg/detail/joint_component_tolerance__type_support.c.o[0m
[100.994s] [ 57%] [32mBuilding CXX object CMakeFiles/control_msgs__rosidl_typesupport_fastrtps_c.dir/rosidl_typesupport_fastrtps_c/control_msgs/action/detail/gripper_command__type_support_c.cpp.o[0m
[101.020s] [ 58%] [32mBuilding C object CMakeFiles/control_msgs__rosidl_typesupport_introspection_c.dir/rosidl_typesupport_introspection_c/control_msgs/msg/detail/joint_controller_state__type_support.c.o[0m
[101.240s] [ 58%] [32mBuilding C object CMakeFiles/control_msgs__rosidl_typesupport_introspection_c.dir/rosidl_typesupport_introspection_c/control_msgs/msg/detail/joint_jog__type_support.c.o[0m
[101.516s] [ 59%] [32mBuilding C object CMakeFiles/control_msgs__rosidl_typesupport_introspection_c.dir/rosidl_typesupport_introspection_c/control_msgs/msg/detail/joint_tolerance__type_support.c.o[0m
[101.741s] [ 59%] [32mBuilding C object CMakeFiles/control_msgs__rosidl_typesupport_introspection_c.dir/rosidl_typesupport_introspection_c/control_msgs/msg/detail/joint_trajectory_controller_state__type_support.c.o[0m
[102.048s] [ 59%] [32mBuilding C object CMakeFiles/control_msgs__rosidl_typesupport_introspection_c.dir/rosidl_typesupport_introspection_c/control_msgs/msg/detail/mecanum_drive_controller_state__type_support.c.o[0m
[102.316s] [ 60%] [32mBuilding C object CMakeFiles/control_msgs__rosidl_typesupport_introspection_c.dir/rosidl_typesupport_introspection_c/control_msgs/msg/detail/multi_dof_command__type_support.c.o[0m
[102.600s] [ 60%] [32mBuilding C object CMakeFiles/control_msgs__rosidl_typesupport_introspection_c.dir/rosidl_typesupport_introspection_c/control_msgs/msg/detail/multi_dof_state_stamped__type_support.c.o[0m
[102.686s] [ 61%] [32mBuilding CXX object CMakeFiles/control_msgs__rosidl_typesupport_fastrtps_c.dir/rosidl_typesupport_fastrtps_c/control_msgs/action/detail/joint_trajectory__type_support_c.cpp.o[0m
[102.845s] [ 62%] [32mBuilding C object CMakeFiles/control_msgs__rosidl_typesupport_introspection_c.dir/rosidl_typesupport_introspection_c/control_msgs/msg/detail/pid_state__type_support.c.o[0m
[103.066s] [ 62%] [32mBuilding C object CMakeFiles/control_msgs__rosidl_typesupport_introspection_c.dir/rosidl_typesupport_introspection_c/control_msgs/msg/detail/single_dof_state__type_support.c.o[0m
[103.224s] [ 63%] [32m[1mLinking CXX shared library libcontrol_msgs__rosidl_typesupport_introspection_cpp.so[0m
[103.278s] [ 64%] [32mBuilding C object CMakeFiles/control_msgs__rosidl_typesupport_introspection_c.dir/rosidl_typesupport_introspection_c/control_msgs/msg/detail/single_dof_state_stamped__type_support.c.o[0m
[103.409s] [ 64%] [32mBuilding CXX object CMakeFiles/control_msgs__rosidl_typesupport_fastrtps_c.dir/rosidl_typesupport_fastrtps_c/control_msgs/action/detail/point_head__type_support_c.cpp.o[0m
[103.518s] [ 64%] [32mBuilding C object CMakeFiles/control_msgs__rosidl_typesupport_introspection_c.dir/rosidl_typesupport_introspection_c/control_msgs/msg/detail/steering_controller_status__type_support.c.o[0m
[103.801s] [ 64%] Built target control_msgs__rosidl_typesupport_introspection_cpp
[103.818s] [ 65%] [32mBuilding C object CMakeFiles/control_msgs__rosidl_typesupport_introspection_c.dir/rosidl_typesupport_introspection_c/control_msgs/srv/detail/query_calibration_state__type_support.c.o[0m
[103.839s] [ 65%] [32mBuilding C object CMakeFiles/control_msgs__rosidl_typesupport_introspection_c.dir/rosidl_typesupport_introspection_c/control_msgs/srv/detail/query_trajectory_state__type_support.c.o[0m
[104.029s] [ 65%] [32mBuilding CXX object CMakeFiles/control_msgs__rosidl_typesupport_fastrtps_c.dir/rosidl_typesupport_fastrtps_c/control_msgs/action/detail/single_joint_position__type_support_c.cpp.o[0m
[104.132s] [ 65%] [32m[1mLinking C shared library libcontrol_msgs__rosidl_typesupport_introspection_c.so[0m
[104.381s] [ 65%] Built target control_msgs__rosidl_typesupport_introspection_c
[104.441s] [ 66%] [34m[1mGenerating C type support dispatch for ROS interfaces[0m
[105.156s] [ 67%] [32mBuilding CXX object CMakeFiles/control_msgs__rosidl_typesupport_fastrtps_c.dir/rosidl_typesupport_fastrtps_c/control_msgs/msg/detail/admittance_controller_state__type_support_c.cpp.o[0m
[105.930s] [ 67%] [32mBuilding CXX object CMakeFiles/control_msgs__rosidl_typesupport_fastrtps_c.dir/rosidl_typesupport_fastrtps_c/control_msgs/msg/detail/dynamic_interface_group_values__type_support_c.cpp.o[0m
[106.411s] [ 68%] [32mBuilding CXX object CMakeFiles/control_msgs__rosidl_typesupport_fastrtps_c.dir/rosidl_typesupport_fastrtps_c/control_msgs/msg/detail/dynamic_joint_state__type_support_c.cpp.o[0m
[107.295s] [ 68%] [32mBuilding CXX object CMakeFiles/control_msgs__rosidl_typesupport_fastrtps_c.dir/rosidl_typesupport_fastrtps_c/control_msgs/msg/detail/gripper_command__type_support_c.cpp.o[0m
[108.008s] [ 69%] [32mBuilding CXX object CMakeFiles/control_msgs__rosidl_typesupport_fastrtps_c.dir/rosidl_typesupport_fastrtps_c/control_msgs/msg/detail/interface_value__type_support_c.cpp.o[0m
[108.446s] [ 69%] [32mBuilding CXX object CMakeFiles/control_msgs__rosidl_typesupport_fastrtps_c.dir/rosidl_typesupport_fastrtps_c/control_msgs/msg/detail/joint_component_tolerance__type_support_c.cpp.o[0m
[109.300s] [ 70%] [32mBuilding CXX object CMakeFiles/control_msgs__rosidl_typesupport_fastrtps_c.dir/rosidl_typesupport_fastrtps_c/control_msgs/msg/detail/joint_controller_state__type_support_c.cpp.o[0m
[110.029s] [ 70%] [32mBuilding CXX object CMakeFiles/control_msgs__rosidl_typesupport_fastrtps_c.dir/rosidl_typesupport_fastrtps_c/control_msgs/msg/detail/joint_jog__type_support_c.cpp.o[0m
[110.456s] [ 70%] [32mBuilding CXX object CMakeFiles/control_msgs__rosidl_typesupport_fastrtps_c.dir/rosidl_typesupport_fastrtps_c/control_msgs/msg/detail/joint_tolerance__type_support_c.cpp.o[0m
[111.406s] [ 71%] [32mBuilding CXX object CMakeFiles/control_msgs__rosidl_typesupport_fastrtps_c.dir/rosidl_typesupport_fastrtps_c/control_msgs/msg/detail/joint_trajectory_controller_state__type_support_c.cpp.o[0m
[112.138s] [ 71%] [32mBuilding CXX object CMakeFiles/control_msgs__rosidl_typesupport_fastrtps_c.dir/rosidl_typesupport_fastrtps_c/control_msgs/msg/detail/mecanum_drive_controller_state__type_support_c.cpp.o[0m
[112.505s] [ 72%] [32mBuilding CXX object CMakeFiles/control_msgs__rosidl_typesupport_fastrtps_c.dir/rosidl_typesupport_fastrtps_c/control_msgs/msg/detail/multi_dof_command__type_support_c.cpp.o[0m
[113.616s] [ 72%] [32mBuilding CXX object CMakeFiles/control_msgs__rosidl_typesupport_fastrtps_c.dir/rosidl_typesupport_fastrtps_c/control_msgs/msg/detail/multi_dof_state_stamped__type_support_c.cpp.o[0m
[114.153s] [ 73%] [32mBuilding CXX object CMakeFiles/control_msgs__rosidl_typesupport_fastrtps_c.dir/rosidl_typesupport_fastrtps_c/control_msgs/msg/detail/pid_state__type_support_c.cpp.o[0m
[114.592s] [ 73%] [32mBuilding CXX object CMakeFiles/control_msgs__rosidl_typesupport_fastrtps_c.dir/rosidl_typesupport_fastrtps_c/control_msgs/msg/detail/single_dof_state__type_support_c.cpp.o[0m
[115.657s] [ 74%] [32mBuilding CXX object CMakeFiles/control_msgs__rosidl_typesupport_fastrtps_c.dir/rosidl_typesupport_fastrtps_c/control_msgs/msg/detail/single_dof_state_stamped__type_support_c.cpp.o[0m
[116.236s] [ 74%] [32mBuilding CXX object CMakeFiles/control_msgs__rosidl_typesupport_fastrtps_c.dir/rosidl_typesupport_fastrtps_c/control_msgs/msg/detail/steering_controller_status__type_support_c.cpp.o[0m
[116.730s] [ 74%] [32mBuilding CXX object CMakeFiles/control_msgs__rosidl_typesupport_fastrtps_c.dir/rosidl_typesupport_fastrtps_c/control_msgs/srv/detail/query_calibration_state__type_support_c.cpp.o[0m
[117.216s] [ 74%] [32mBuilding CXX object CMakeFiles/control_msgs__rosidl_typesupport_c.dir/rosidl_typesupport_c/control_msgs/action/parallel_gripper_command__type_support.cpp.o[0m
[117.552s] [ 75%] [32mBuilding CXX object CMakeFiles/control_msgs__rosidl_typesupport_c.dir/rosidl_typesupport_c/control_msgs/action/follow_joint_trajectory__type_support.cpp.o[0m
[117.756s] [ 75%] [32mBuilding CXX object CMakeFiles/control_msgs__rosidl_typesupport_c.dir/rosidl_typesupport_c/control_msgs/action/gripper_command__type_support.cpp.o[0m
[117.887s] [ 76%] [32mBuilding CXX object CMakeFiles/control_msgs__rosidl_typesupport_fastrtps_c.dir/rosidl_typesupport_fastrtps_c/control_msgs/srv/detail/query_trajectory_state__type_support_c.cpp.o[0m
[118.065s] [ 76%] [32mBuilding CXX object CMakeFiles/control_msgs__rosidl_typesupport_c.dir/rosidl_typesupport_c/control_msgs/action/joint_trajectory__type_support.cpp.o[0m
[118.365s] [ 77%] [32mBuilding CXX object CMakeFiles/control_msgs__rosidl_typesupport_c.dir/rosidl_typesupport_c/control_msgs/action/point_head__type_support.cpp.o[0m
[118.378s] [ 77%] [32mBuilding CXX object CMakeFiles/control_msgs__rosidl_typesupport_c.dir/rosidl_typesupport_c/control_msgs/action/single_joint_position__type_support.cpp.o[0m
[118.671s] [ 78%] [32mBuilding CXX object CMakeFiles/control_msgs__rosidl_typesupport_c.dir/rosidl_typesupport_c/control_msgs/msg/admittance_controller_state__type_support.cpp.o[0m
[118.686s] [ 78%] [32mBuilding CXX object CMakeFiles/control_msgs__rosidl_typesupport_c.dir/rosidl_typesupport_c/control_msgs/msg/dynamic_interface_group_values__type_support.cpp.o[0m
[118.798s] [ 79%] [32mBuilding CXX object CMakeFiles/control_msgs__rosidl_typesupport_c.dir/rosidl_typesupport_c/control_msgs/msg/dynamic_joint_state__type_support.cpp.o[0m
[118.867s] [ 79%] [32mBuilding CXX object CMakeFiles/control_msgs__rosidl_typesupport_c.dir/rosidl_typesupport_c/control_msgs/msg/gripper_command__type_support.cpp.o[0m
[118.878s] [ 80%] [32mBuilding CXX object CMakeFiles/control_msgs__rosidl_typesupport_c.dir/rosidl_typesupport_c/control_msgs/msg/interface_value__type_support.cpp.o[0m
[118.980s] [ 80%] [32mBuilding CXX object CMakeFiles/control_msgs__rosidl_typesupport_c.dir/rosidl_typesupport_c/control_msgs/msg/joint_component_tolerance__type_support.cpp.o[0m
[119.047s] [ 80%] [32mBuilding CXX object CMakeFiles/control_msgs__rosidl_typesupport_c.dir/rosidl_typesupport_c/control_msgs/msg/joint_controller_state__type_support.cpp.o[0m
[119.060s] [ 81%] [32mBuilding CXX object CMakeFiles/control_msgs__rosidl_typesupport_c.dir/rosidl_typesupport_c/control_msgs/msg/joint_jog__type_support.cpp.o[0m
[119.156s] [ 81%] [32mBuilding CXX object CMakeFiles/control_msgs__rosidl_typesupport_c.dir/rosidl_typesupport_c/control_msgs/msg/joint_tolerance__type_support.cpp.o[0m
[119.226s] [ 82%] [32mBuilding CXX object CMakeFiles/control_msgs__rosidl_typesupport_c.dir/rosidl_typesupport_c/control_msgs/msg/joint_trajectory_controller_state__type_support.cpp.o[0m
[119.244s] [ 82%] [32mBuilding CXX object CMakeFiles/control_msgs__rosidl_typesupport_c.dir/rosidl_typesupport_c/control_msgs/msg/mecanum_drive_controller_state__type_support.cpp.o[0m
[119.332s] [ 83%] [32mBuilding CXX object CMakeFiles/control_msgs__rosidl_typesupport_c.dir/rosidl_typesupport_c/control_msgs/msg/multi_dof_command__type_support.cpp.o[0m
[119.420s] [ 83%] [32mBuilding CXX object CMakeFiles/control_msgs__rosidl_typesupport_c.dir/rosidl_typesupport_c/control_msgs/msg/multi_dof_state_stamped__type_support.cpp.o[0m
[119.431s] [ 84%] [32mBuilding CXX object CMakeFiles/control_msgs__rosidl_typesupport_c.dir/rosidl_typesupport_c/control_msgs/msg/pid_state__type_support.cpp.o[0m
[119.508s] [ 84%] [32mBuilding CXX object CMakeFiles/control_msgs__rosidl_typesupport_c.dir/rosidl_typesupport_c/control_msgs/msg/single_dof_state__type_support.cpp.o[0m
[119.608s] [ 84%] [32mBuilding CXX object CMakeFiles/control_msgs__rosidl_typesupport_c.dir/rosidl_typesupport_c/control_msgs/msg/single_dof_state_stamped__type_support.cpp.o[0m
[119.619s] [ 85%] [32mBuilding CXX object CMakeFiles/control_msgs__rosidl_typesupport_c.dir/rosidl_typesupport_c/control_msgs/msg/steering_controller_status__type_support.cpp.o[0m
[119.684s] [ 85%] [32mBuilding CXX object CMakeFiles/control_msgs__rosidl_typesupport_c.dir/rosidl_typesupport_c/control_msgs/srv/query_calibration_state__type_support.cpp.o[0m
[119.784s] [ 86%] [32mBuilding CXX object CMakeFiles/control_msgs__rosidl_typesupport_c.dir/rosidl_typesupport_c/control_msgs/srv/query_trajectory_state__type_support.cpp.o[0m
[119.953s] [ 86%] [32m[1mLinking CXX shared library libcontrol_msgs__rosidl_typesupport_c.so[0m
[120.021s] [ 86%] [32m[1mLinking CXX shared library libcontrol_msgs__rosidl_typesupport_fastrtps_c.so[0m
[120.159s] [ 86%] Built target control_msgs__rosidl_typesupport_c
[120.400s] [ 86%] Built target control_msgs__rosidl_typesupport_fastrtps_c
[120.484s] [ 86%] Built target control_msgs
[120.569s] [ 86%] [34m[1mGenerating Python code for ROS interfaces[0m
[150.135s] [ 86%] Built target control_msgs__py
[150.222s] [ 86%] [32mBuilding C object CMakeFiles/control_msgs__rosidl_generator_py.dir/rosidl_generator_py/control_msgs/action/_parallel_gripper_command_s.c.o[0m
[150.224s] [ 86%] [32mBuilding C object CMakeFiles/control_msgs__rosidl_generator_py.dir/rosidl_generator_py/control_msgs/action/_follow_joint_trajectory_s.c.o[0m
[150.227s] [ 87%] [32mBuilding C object CMakeFiles/control_msgs__rosidl_generator_py.dir/rosidl_generator_py/control_msgs/action/_gripper_command_s.c.o[0m
[150.230s] [ 87%] [32mBuilding C object CMakeFiles/control_msgs__rosidl_generator_py.dir/rosidl_generator_py/control_msgs/action/_joint_trajectory_s.c.o[0m
[151.074s] [ 88%] [32mBuilding C object CMakeFiles/control_msgs__rosidl_generator_py.dir/rosidl_generator_py/control_msgs/action/_point_head_s.c.o[0m
[151.088s] [ 88%] [32mBuilding C object CMakeFiles/control_msgs__rosidl_generator_py.dir/rosidl_generator_py/control_msgs/action/_single_joint_position_s.c.o[0m
[151.101s] [ 89%] [32mBuilding C object CMakeFiles/control_msgs__rosidl_generator_py.dir/rosidl_generator_py/control_msgs/msg/_admittance_controller_state_s.c.o[0m
[151.274s] [ 89%] [32mBuilding C object CMakeFiles/control_msgs__rosidl_generator_py.dir/rosidl_generator_py/control_msgs/msg/_dynamic_interface_group_values_s.c.o[0m
[151.723s] [ 90%] [32mBuilding C object CMakeFiles/control_msgs__rosidl_generator_py.dir/rosidl_generator_py/control_msgs/msg/_dynamic_joint_state_s.c.o[0m
[151.862s] [ 90%] [32mBuilding C object CMakeFiles/control_msgs__rosidl_generator_py.dir/rosidl_generator_py/control_msgs/msg/_gripper_command_s.c.o[0m
[151.864s] [ 90%] [32mBuilding C object CMakeFiles/control_msgs__rosidl_generator_py.dir/rosidl_generator_py/control_msgs/msg/_interface_value_s.c.o[0m
[151.906s] [ 91%] [32mBuilding C object CMakeFiles/control_msgs__rosidl_generator_py.dir/rosidl_generator_py/control_msgs/msg/_joint_component_tolerance_s.c.o[0m
[152.318s] [ 91%] [32mBuilding C object CMakeFiles/control_msgs__rosidl_generator_py.dir/rosidl_generator_py/control_msgs/msg/_joint_controller_state_s.c.o[0m
[152.438s] [ 92%] [32mBuilding C object CMakeFiles/control_msgs__rosidl_generator_py.dir/rosidl_generator_py/control_msgs/msg/_joint_jog_s.c.o[0m
[152.497s] [ 92%] [32mBuilding C object CMakeFiles/control_msgs__rosidl_generator_py.dir/rosidl_generator_py/control_msgs/msg/_joint_tolerance_s.c.o[0m
[152.509s] [ 93%] [32mBuilding C object CMakeFiles/control_msgs__rosidl_generator_py.dir/rosidl_generator_py/control_msgs/msg/_joint_trajectory_controller_state_s.c.o[0m
[152.917s] [ 93%] [32mBuilding C object CMakeFiles/control_msgs__rosidl_generator_py.dir/rosidl_generator_py/control_msgs/msg/_mecanum_drive_controller_state_s.c.o[0m
[153.096s] [ 94%] [32mBuilding C object CMakeFiles/control_msgs__rosidl_generator_py.dir/rosidl_generator_py/control_msgs/msg/_multi_dof_command_s.c.o[0m
[153.103s] [ 94%] [32mBuilding C object CMakeFiles/control_msgs__rosidl_generator_py.dir/rosidl_generator_py/control_msgs/msg/_multi_dof_state_stamped_s.c.o[0m
[153.167s] [ 94%] [32mBuilding C object CMakeFiles/control_msgs__rosidl_generator_py.dir/rosidl_generator_py/control_msgs/msg/_pid_state_s.c.o[0m
[153.486s] [ 95%] [32mBuilding C object CMakeFiles/control_msgs__rosidl_generator_py.dir/rosidl_generator_py/control_msgs/msg/_single_dof_state_s.c.o[0m
[153.705s] [ 95%] [32mBuilding C object CMakeFiles/control_msgs__rosidl_generator_py.dir/rosidl_generator_py/control_msgs/msg/_single_dof_state_stamped_s.c.o[0m
[153.738s] [ 96%] [32mBuilding C object CMakeFiles/control_msgs__rosidl_generator_py.dir/rosidl_generator_py/control_msgs/msg/_steering_controller_status_s.c.o[0m
[153.772s] [ 96%] [32mBuilding C object CMakeFiles/control_msgs__rosidl_generator_py.dir/rosidl_generator_py/control_msgs/srv/_query_calibration_state_s.c.o[0m
[154.090s] [ 97%] [32mBuilding C object CMakeFiles/control_msgs__rosidl_generator_py.dir/rosidl_generator_py/control_msgs/srv/_query_trajectory_state_s.c.o[0m
[154.749s] [ 97%] [32m[1mLinking C shared library rosidl_generator_py/control_msgs/libcontrol_msgs__rosidl_generator_py.so[0m
[155.017s] [ 97%] Built target control_msgs__rosidl_generator_py
[155.099s] [ 98%] [32mBuilding C object CMakeFiles/control_msgs__rosidl_typesupport_fastrtps_c__pyext.dir/rosidl_generator_py/control_msgs/_control_msgs_s.ep.rosidl_typesupport_fastrtps_c.c.o[0m
[155.100s] [ 99%] [32mBuilding C object CMakeFiles/control_msgs__rosidl_typesupport_introspection_c__pyext.dir/rosidl_generator_py/control_msgs/_control_msgs_s.ep.rosidl_typesupport_introspection_c.c.o[0m
[155.102s] [100%] [32mBuilding C object CMakeFiles/control_msgs__rosidl_typesupport_c__pyext.dir/rosidl_generator_py/control_msgs/_control_msgs_s.ep.rosidl_typesupport_c.c.o[0m
[156.674s] [100%] [32m[1mLinking C shared library rosidl_generator_py/control_msgs/control_msgs_s__rosidl_typesupport_c.cpython-310-aarch64-linux-gnu.so[0m
[156.685s] [100%] [32m[1mLinking C shared library rosidl_generator_py/control_msgs/control_msgs_s__rosidl_typesupport_fastrtps_c.cpython-310-aarch64-linux-gnu.so[0m
[156.695s] [100%] [32m[1mLinking C shared library rosidl_generator_py/control_msgs/control_msgs_s__rosidl_typesupport_introspection_c.cpython-310-aarch64-linux-gnu.so[0m
[157.124s] [100%] Built target control_msgs__rosidl_typesupport_c__pyext
[157.133s] [100%] Built target control_msgs__rosidl_typesupport_fastrtps_c__pyext
[157.143s] [100%] Built target control_msgs__rosidl_typesupport_introspection_c__pyext
[157.188s] Invoked command in '/home/pinet/SLAM_AGV/workspace/build/control_msgs' returned '0': CMAKE_PREFIX_PATH=/opt/ros/humble /usr/bin/cmake --build /home/pinet/SLAM_AGV/workspace/build/control_msgs -- -j4 -l4
[157.228s] Invoking command in '/home/pinet/SLAM_AGV/workspace/build/control_msgs': CMAKE_PREFIX_PATH=/opt/ros/humble /usr/bin/cmake --install /home/pinet/SLAM_AGV/workspace/build/control_msgs
[157.254s] -- Install configuration: ""
[157.257s] -- Execute custom install script
[157.260s] -- Up-to-date symlink: /home/pinet/SLAM_AGV/workspace/install/control_msgs/share/ament_index/resource_index/rosidl_interfaces/control_msgs
[157.274s] -- Up-to-date symlink: /home/pinet/SLAM_AGV/workspace/install/control_msgs/include/control_msgs/control_msgs/action/detail/follow_joint_trajectory__functions.h
[157.276s] -- Up-to-date symlink: /home/pinet/SLAM_AGV/workspace/install/control_msgs/include/control_msgs/control_msgs/action/detail/follow_joint_trajectory__struct.h
[157.277s] -- Up-to-date symlink: /home/pinet/SLAM_AGV/workspace/install/control_msgs/include/control_msgs/control_msgs/action/detail/follow_joint_trajectory__type_support.h
[157.279s] -- Up-to-date symlink: /home/pinet/SLAM_AGV/workspace/install/control_msgs/include/control_msgs/control_msgs/action/detail/gripper_command__functions.h
[157.280s] -- Up-to-date symlink: /home/pinet/SLAM_AGV/workspace/install/control_msgs/include/control_msgs/control_msgs/action/detail/gripper_command__struct.h
[157.282s] -- Up-to-date symlink: /home/pinet/SLAM_AGV/workspace/install/control_msgs/include/control_msgs/control_msgs/action/detail/gripper_command__type_support.h
[157.283s] -- Up-to-date symlink: /home/pinet/SLAM_AGV/workspace/install/control_msgs/include/control_msgs/control_msgs/action/detail/joint_trajectory__functions.h
[157.285s] -- Up-to-date symlink: /home/pinet/SLAM_AGV/workspace/install/control_msgs/include/control_msgs/control_msgs/action/detail/joint_trajectory__struct.h
[157.286s] -- Up-to-date symlink: /home/pinet/SLAM_AGV/workspace/install/control_msgs/include/control_msgs/control_msgs/action/detail/joint_trajectory__type_support.h
[157.288s] -- Up-to-date symlink: /home/pinet/SLAM_AGV/workspace/install/control_msgs/include/control_msgs/control_msgs/action/detail/parallel_gripper_command__functions.h
[157.290s] -- Up-to-date symlink: /home/pinet/SLAM_AGV/workspace/install/control_msgs/include/control_msgs/control_msgs/action/detail/parallel_gripper_command__struct.h
[157.291s] -- Up-to-date symlink: /home/pinet/SLAM_AGV/workspace/install/control_msgs/include/control_msgs/control_msgs/action/detail/parallel_gripper_command__type_support.h
[157.293s] -- Up-to-date symlink: /home/pinet/SLAM_AGV/workspace/install/control_msgs/include/control_msgs/control_msgs/action/detail/point_head__functions.h
[157.295s] -- Up-to-date symlink: /home/pinet/SLAM_AGV/workspace/install/control_msgs/include/control_msgs/control_msgs/action/detail/point_head__struct.h
[157.296s] -- Up-to-date symlink: /home/pinet/SLAM_AGV/workspace/install/control_msgs/include/control_msgs/control_msgs/action/detail/point_head__type_support.h
[157.298s] -- Up-to-date symlink: /home/pinet/SLAM_AGV/workspace/install/control_msgs/include/control_msgs/control_msgs/action/detail/single_joint_position__functions.h
[157.299s] -- Up-to-date symlink: /home/pinet/SLAM_AGV/workspace/install/control_msgs/include/control_msgs/control_msgs/action/detail/single_joint_position__struct.h
[157.301s] -- Up-to-date symlink: /home/pinet/SLAM_AGV/workspace/install/control_msgs/include/control_msgs/control_msgs/action/detail/single_joint_position__type_support.h
[157.303s] -- Up-to-date symlink: /home/pinet/SLAM_AGV/workspace/install/control_msgs/include/control_msgs/control_msgs/action/follow_joint_trajectory.h
[157.304s] -- Up-to-date symlink: /home/pinet/SLAM_AGV/workspace/install/control_msgs/include/control_msgs/control_msgs/action/gripper_command.h
[157.306s] -- Up-to-date symlink: /home/pinet/SLAM_AGV/workspace/install/control_msgs/include/control_msgs/control_msgs/action/joint_trajectory.h
[157.307s] -- Up-to-date symlink: /home/pinet/SLAM_AGV/workspace/install/control_msgs/include/control_msgs/control_msgs/action/parallel_gripper_command.h
[157.309s] -- Up-to-date symlink: /home/pinet/SLAM_AGV/workspace/install/control_msgs/include/control_msgs/control_msgs/action/point_head.h
[157.310s] -- Up-to-date symlink: /home/pinet/SLAM_AGV/workspace/install/control_msgs/include/control_msgs/control_msgs/action/single_joint_position.h
[157.312s] -- Up-to-date symlink: /home/pinet/SLAM_AGV/workspace/install/control_msgs/include/control_msgs/control_msgs/msg/admittance_controller_state.h
[157.315s] -- Up-to-date symlink: /home/pinet/SLAM_AGV/workspace/install/control_msgs/include/control_msgs/control_msgs/msg/detail/admittance_controller_state__functions.h
[157.317s] -- Up-to-date symlink: /home/pinet/SLAM_AGV/workspace/install/control_msgs/include/control_msgs/control_msgs/msg/detail/admittance_controller_state__struct.h
[157.318s] -- Up-to-date symlink: /home/pinet/SLAM_AGV/workspace/install/control_msgs/include/control_msgs/control_msgs/msg/detail/admittance_controller_state__type_support.h
[157.320s] -- Up-to-date symlink: /home/pinet/SLAM_AGV/workspace/install/control_msgs/include/control_msgs/control_msgs/msg/detail/dynamic_interface_group_values__functions.h
[157.322s] -- Up-to-date symlink: /home/pinet/SLAM_AGV/workspace/install/control_msgs/include/control_msgs/control_msgs/msg/detail/dynamic_interface_group_values__struct.h
[157.324s] -- Up-to-date symlink: /home/pinet/SLAM_AGV/workspace/install/control_msgs/include/control_msgs/control_msgs/msg/detail/dynamic_interface_group_values__type_support.h
[157.325s] -- Up-to-date symlink: /home/pinet/SLAM_AGV/workspace/install/control_msgs/include/control_msgs/control_msgs/msg/detail/dynamic_joint_state__functions.h
[157.327s] -- Up-to-date symlink: /home/pinet/SLAM_AGV/workspace/install/control_msgs/include/control_msgs/control_msgs/msg/detail/dynamic_joint_state__struct.h
[157.329s] -- Up-to-date symlink: /home/pinet/SLAM_AGV/workspace/install/control_msgs/include/control_msgs/control_msgs/msg/detail/dynamic_joint_state__type_support.h
[157.330s] -- Up-to-date symlink: /home/pinet/SLAM_AGV/workspace/install/control_msgs/include/control_msgs/control_msgs/msg/detail/gripper_command__functions.h
[157.332s] -- Up-to-date symlink: /home/pinet/SLAM_AGV/workspace/install/control_msgs/include/control_msgs/control_msgs/msg/detail/gripper_command__struct.h
[157.334s] -- Up-to-date symlink: /home/pinet/SLAM_AGV/workspace/install/control_msgs/include/control_msgs/control_msgs/msg/detail/gripper_command__type_support.h
[157.336s] -- Up-to-date symlink: /home/pinet/SLAM_AGV/workspace/install/control_msgs/include/control_msgs/control_msgs/msg/detail/interface_value__functions.h
[157.337s] -- Up-to-date symlink: /home/pinet/SLAM_AGV/workspace/install/control_msgs/include/control_msgs/control_msgs/msg/detail/interface_value__struct.h
[157.339s] -- Up-to-date symlink: /home/pinet/SLAM_AGV/workspace/install/control_msgs/include/control_msgs/control_msgs/msg/detail/interface_value__type_support.h
[157.340s] -- Up-to-date symlink: /home/pinet/SLAM_AGV/workspace/install/control_msgs/include/control_msgs/control_msgs/msg/detail/joint_component_tolerance__functions.h
[157.342s] -- Up-to-date symlink: /home/pinet/SLAM_AGV/workspace/install/control_msgs/include/control_msgs/control_msgs/msg/detail/joint_component_tolerance__struct.h
[157.344s] -- Up-to-date symlink: /home/pinet/SLAM_AGV/workspace/install/control_msgs/include/control_msgs/control_msgs/msg/detail/joint_component_tolerance__type_support.h
[157.345s] -- Up-to-date symlink: /home/pinet/SLAM_AGV/workspace/install/control_msgs/include/control_msgs/control_msgs/msg/detail/joint_controller_state__functions.h
[157.347s] -- Up-to-date symlink: /home/pinet/SLAM_AGV/workspace/install/control_msgs/include/control_msgs/control_msgs/msg/detail/joint_controller_state__struct.h
[157.348s] -- Up-to-date symlink: /home/pinet/SLAM_AGV/workspace/install/control_msgs/include/control_msgs/control_msgs/msg/detail/joint_controller_state__type_support.h
[157.350s] -- Up-to-date symlink: /home/pinet/SLAM_AGV/workspace/install/control_msgs/include/control_msgs/control_msgs/msg/detail/joint_jog__functions.h
[157.352s] -- Up-to-date symlink: /home/pinet/SLAM_AGV/workspace/install/control_msgs/include/control_msgs/control_msgs/msg/detail/joint_jog__struct.h
[157.353s] -- Up-to-date symlink: /home/pinet/SLAM_AGV/workspace/install/control_msgs/include/control_msgs/control_msgs/msg/detail/joint_jog__type_support.h
[157.355s] -- Up-to-date symlink: /home/pinet/SLAM_AGV/workspace/install/control_msgs/include/control_msgs/control_msgs/msg/detail/joint_tolerance__functions.h
[157.356s] -- Up-to-date symlink: /home/pinet/SLAM_AGV/workspace/install/control_msgs/include/control_msgs/control_msgs/msg/detail/joint_tolerance__struct.h
[157.358s] -- Up-to-date symlink: /home/pinet/SLAM_AGV/workspace/install/control_msgs/include/control_msgs/control_msgs/msg/detail/joint_tolerance__type_support.h
[157.359s] -- Up-to-date symlink: /home/pinet/SLAM_AGV/workspace/install/control_msgs/include/control_msgs/control_msgs/msg/detail/joint_trajectory_controller_state__functions.h
[157.361s] -- Up-to-date symlink: /home/pinet/SLAM_AGV/workspace/install/control_msgs/include/control_msgs/control_msgs/msg/detail/joint_trajectory_controller_state__struct.h
[157.362s] -- Up-to-date symlink: /home/pinet/SLAM_AGV/workspace/install/control_msgs/include/control_msgs/control_msgs/msg/detail/joint_trajectory_controller_state__type_support.h
[157.364s] -- Up-to-date symlink: /home/pinet/SLAM_AGV/workspace/install/control_msgs/include/control_msgs/control_msgs/msg/detail/mecanum_drive_controller_state__functions.h
[157.366s] -- Up-to-date symlink: /home/pinet/SLAM_AGV/workspace/install/control_msgs/include/control_msgs/control_msgs/msg/detail/mecanum_drive_controller_state__struct.h
[157.367s] -- Up-to-date symlink: /home/pinet/SLAM_AGV/workspace/install/control_msgs/include/control_msgs/control_msgs/msg/detail/mecanum_drive_controller_state__type_support.h
[157.369s] -- Up-to-date symlink: /home/pinet/SLAM_AGV/workspace/install/control_msgs/include/control_msgs/control_msgs/msg/detail/multi_dof_command__functions.h
[157.370s] -- Up-to-date symlink: /home/pinet/SLAM_AGV/workspace/install/control_msgs/include/control_msgs/control_msgs/msg/detail/multi_dof_command__struct.h
[157.372s] -- Up-to-date symlink: /home/pinet/SLAM_AGV/workspace/install/control_msgs/include/control_msgs/control_msgs/msg/detail/multi_dof_command__type_support.h
[157.373s] -- Up-to-date symlink: /home/pinet/SLAM_AGV/workspace/install/control_msgs/include/control_msgs/control_msgs/msg/detail/multi_dof_state_stamped__functions.h
[157.375s] -- Up-to-date symlink: /home/pinet/SLAM_AGV/workspace/install/control_msgs/include/control_msgs/control_msgs/msg/detail/multi_dof_state_stamped__struct.h
[157.377s] -- Up-to-date symlink: /home/pinet/SLAM_AGV/workspace/install/control_msgs/include/control_msgs/control_msgs/msg/detail/multi_dof_state_stamped__type_support.h
[157.378s] -- Up-to-date symlink: /home/pinet/SLAM_AGV/workspace/install/control_msgs/include/control_msgs/control_msgs/msg/detail/pid_state__functions.h
[157.380s] -- Up-to-date symlink: /home/pinet/SLAM_AGV/workspace/install/control_msgs/include/control_msgs/control_msgs/msg/detail/pid_state__struct.h
[157.381s] -- Up-to-date symlink: /home/pinet/SLAM_AGV/workspace/install/control_msgs/include/control_msgs/control_msgs/msg/detail/pid_state__type_support.h
[157.383s] -- Up-to-date symlink: /home/pinet/SLAM_AGV/workspace/install/control_msgs/include/control_msgs/control_msgs/msg/detail/single_dof_state__functions.h
[157.384s] -- Up-to-date symlink: /home/pinet/SLAM_AGV/workspace/install/control_msgs/include/control_msgs/control_msgs/msg/detail/single_dof_state__struct.h
[157.386s] -- Up-to-date symlink: /home/pinet/SLAM_AGV/workspace/install/control_msgs/include/control_msgs/control_msgs/msg/detail/single_dof_state__type_support.h
[157.388s] -- Up-to-date symlink: /home/pinet/SLAM_AGV/workspace/install/control_msgs/include/control_msgs/control_msgs/msg/detail/single_dof_state_stamped__functions.h
[157.389s] -- Up-to-date symlink: /home/pinet/SLAM_AGV/workspace/install/control_msgs/include/control_msgs/control_msgs/msg/detail/single_dof_state_stamped__struct.h
[157.391s] -- Up-to-date symlink: /home/pinet/SLAM_AGV/workspace/install/control_msgs/include/control_msgs/control_msgs/msg/detail/single_dof_state_stamped__type_support.h
[157.392s] -- Up-to-date symlink: /home/pinet/SLAM_AGV/workspace/install/control_msgs/include/control_msgs/control_msgs/msg/detail/steering_controller_status__functions.h
[157.394s] -- Up-to-date symlink: /home/pinet/SLAM_AGV/workspace/install/control_msgs/include/control_msgs/control_msgs/msg/detail/steering_controller_status__struct.h
[157.395s] -- Up-to-date symlink: /home/pinet/SLAM_AGV/workspace/install/control_msgs/include/control_msgs/control_msgs/msg/detail/steering_controller_status__type_support.h
[157.397s] -- Up-to-date symlink: /home/pinet/SLAM_AGV/workspace/install/control_msgs/include/control_msgs/control_msgs/msg/dynamic_interface_group_values.h
[157.398s] -- Up-to-date symlink: /home/pinet/SLAM_AGV/workspace/install/control_msgs/include/control_msgs/control_msgs/msg/dynamic_joint_state.h
[157.400s] -- Up-to-date symlink: /home/pinet/SLAM_AGV/workspace/install/control_msgs/include/control_msgs/control_msgs/msg/gripper_command.h
[157.401s] -- Up-to-date symlink: /home/pinet/SLAM_AGV/workspace/install/control_msgs/include/control_msgs/control_msgs/msg/interface_value.h
[157.403s] -- Up-to-date symlink: /home/pinet/SLAM_AGV/workspace/install/control_msgs/include/control_msgs/control_msgs/msg/joint_component_tolerance.h
[157.404s] -- Up-to-date symlink: /home/pinet/SLAM_AGV/workspace/install/control_msgs/include/control_msgs/control_msgs/msg/joint_controller_state.h
[157.406s] -- Up-to-date symlink: /home/pinet/SLAM_AGV/workspace/install/control_msgs/include/control_msgs/control_msgs/msg/joint_jog.h
[157.407s] -- Up-to-date symlink: /home/pinet/SLAM_AGV/workspace/install/control_msgs/include/control_msgs/control_msgs/msg/joint_tolerance.h
[157.408s] -- Up-to-date symlink: /home/pinet/SLAM_AGV/workspace/install/control_msgs/include/control_msgs/control_msgs/msg/joint_trajectory_controller_state.h
[157.410s] -- Up-to-date symlink: /home/pinet/SLAM_AGV/workspace/install/control_msgs/include/control_msgs/control_msgs/msg/mecanum_drive_controller_state.h
[157.411s] -- Up-to-date symlink: /home/pinet/SLAM_AGV/workspace/install/control_msgs/include/control_msgs/control_msgs/msg/multi_dof_command.h
[157.413s] -- Up-to-date symlink: /home/pinet/SLAM_AGV/workspace/install/control_msgs/include/control_msgs/control_msgs/msg/multi_dof_state_stamped.h
[157.414s] -- Up-to-date symlink: /home/pinet/SLAM_AGV/workspace/install/control_msgs/include/control_msgs/control_msgs/msg/pid_state.h
[157.416s] -- Up-to-date symlink: /home/pinet/SLAM_AGV/workspace/install/control_msgs/include/control_msgs/control_msgs/msg/rosidl_generator_c__visibility_control.h
[157.417s] -- Up-to-date symlink: /home/pinet/SLAM_AGV/workspace/install/control_msgs/include/control_msgs/control_msgs/msg/single_dof_state.h
[157.419s] -- Up-to-date symlink: /home/pinet/SLAM_AGV/workspace/install/control_msgs/include/control_msgs/control_msgs/msg/single_dof_state_stamped.h
[157.420s] -- Up-to-date symlink: /home/pinet/SLAM_AGV/workspace/install/control_msgs/include/control_msgs/control_msgs/msg/steering_controller_status.h
[157.423s] -- Up-to-date symlink: /home/pinet/SLAM_AGV/workspace/install/control_msgs/include/control_msgs/control_msgs/srv/detail/query_calibration_state__functions.h
[157.424s] -- Up-to-date symlink: /home/pinet/SLAM_AGV/workspace/install/control_msgs/include/control_msgs/control_msgs/srv/detail/query_calibration_state__struct.h
[157.426s] -- Up-to-date symlink: /home/pinet/SLAM_AGV/workspace/install/control_msgs/include/control_msgs/control_msgs/srv/detail/query_calibration_state__type_support.h
[157.427s] -- Up-to-date symlink: /home/pinet/SLAM_AGV/workspace/install/control_msgs/include/control_msgs/control_msgs/srv/detail/query_trajectory_state__functions.h
[157.429s] -- Up-to-date symlink: /home/pinet/SLAM_AGV/workspace/install/control_msgs/include/control_msgs/control_msgs/srv/detail/query_trajectory_state__struct.h
[157.431s] -- Up-to-date symlink: /home/pinet/SLAM_AGV/workspace/install/control_msgs/include/control_msgs/control_msgs/srv/detail/query_trajectory_state__type_support.h
[157.432s] -- Up-to-date symlink: /home/pinet/SLAM_AGV/workspace/install/control_msgs/include/control_msgs/control_msgs/srv/query_calibration_state.h
[157.434s] -- Up-to-date symlink: /home/pinet/SLAM_AGV/workspace/install/control_msgs/include/control_msgs/control_msgs/srv/query_trajectory_state.h
[157.436s] -- Up-to-date symlink: /home/pinet/SLAM_AGV/workspace/install/control_msgs/share/control_msgs/environment/library_path.sh
[157.438s] -- Up-to-date symlink: /home/pinet/SLAM_AGV/workspace/install/control_msgs/share/control_msgs/environment/library_path.dsv
[157.452s] -- Up-to-date symlink: /home/pinet/SLAM_AGV/workspace/install/control_msgs/include/control_msgs/control_msgs/action/detail/follow_joint_trajectory__rosidl_typesupport_fastrtps_c.h
[157.453s] -- Up-to-date symlink: /home/pinet/SLAM_AGV/workspace/install/control_msgs/include/control_msgs/control_msgs/action/detail/gripper_command__rosidl_typesupport_fastrtps_c.h
[157.455s] -- Up-to-date symlink: /home/pinet/SLAM_AGV/workspace/install/control_msgs/include/control_msgs/control_msgs/action/detail/joint_trajectory__rosidl_typesupport_fastrtps_c.h
[157.456s] -- Up-to-date symlink: /home/pinet/SLAM_AGV/workspace/install/control_msgs/include/control_msgs/control_msgs/action/detail/parallel_gripper_command__rosidl_typesupport_fastrtps_c.h
[157.458s] -- Up-to-date symlink: /home/pinet/SLAM_AGV/workspace/install/control_msgs/include/control_msgs/control_msgs/action/detail/point_head__rosidl_typesupport_fastrtps_c.h
[157.460s] -- Up-to-date symlink: /home/pinet/SLAM_AGV/workspace/install/control_msgs/include/control_msgs/control_msgs/action/detail/single_joint_position__rosidl_typesupport_fastrtps_c.h
[157.461s] -- Up-to-date symlink: /home/pinet/SLAM_AGV/workspace/install/control_msgs/include/control_msgs/control_msgs/msg/detail/admittance_controller_state__rosidl_typesupport_fastrtps_c.h
[157.463s] -- Up-to-date symlink: /home/pinet/SLAM_AGV/workspace/install/control_msgs/include/control_msgs/control_msgs/msg/detail/dynamic_interface_group_values__rosidl_typesupport_fastrtps_c.h
[157.464s] -- Up-to-date symlink: /home/pinet/SLAM_AGV/workspace/install/control_msgs/include/control_msgs/control_msgs/msg/detail/dynamic_joint_state__rosidl_typesupport_fastrtps_c.h
[157.466s] -- Up-to-date symlink: /home/pinet/SLAM_AGV/workspace/install/control_msgs/include/control_msgs/control_msgs/msg/detail/gripper_command__rosidl_typesupport_fastrtps_c.h
[157.468s] -- Up-to-date symlink: /home/pinet/SLAM_AGV/workspace/install/control_msgs/include/control_msgs/control_msgs/msg/detail/interface_value__rosidl_typesupport_fastrtps_c.h
[157.469s] -- Up-to-date symlink: /home/pinet/SLAM_AGV/workspace/install/control_msgs/include/control_msgs/control_msgs/msg/detail/joint_component_tolerance__rosidl_typesupport_fastrtps_c.h
[157.471s] -- Up-to-date symlink: /home/pinet/SLAM_AGV/workspace/install/control_msgs/include/control_msgs/control_msgs/msg/detail/joint_controller_state__rosidl_typesupport_fastrtps_c.h
[157.472s] -- Up-to-date symlink: /home/pinet/SLAM_AGV/workspace/install/control_msgs/include/control_msgs/control_msgs/msg/detail/joint_jog__rosidl_typesupport_fastrtps_c.h
[157.474s] -- Up-to-date symlink: /home/pinet/SLAM_AGV/workspace/install/control_msgs/include/control_msgs/control_msgs/msg/detail/joint_tolerance__rosidl_typesupport_fastrtps_c.h
[157.476s] -- Up-to-date symlink: /home/pinet/SLAM_AGV/workspace/install/control_msgs/include/control_msgs/control_msgs/msg/detail/joint_trajectory_controller_state__rosidl_typesupport_fastrtps_c.h
[157.477s] -- Up-to-date symlink: /home/pinet/SLAM_AGV/workspace/install/control_msgs/include/control_msgs/control_msgs/msg/detail/mecanum_drive_controller_state__rosidl_typesupport_fastrtps_c.h
[157.479s] -- Up-to-date symlink: /home/pinet/SLAM_AGV/workspace/install/control_msgs/include/control_msgs/control_msgs/msg/detail/multi_dof_command__rosidl_typesupport_fastrtps_c.h
[157.480s] -- Up-to-date symlink: /home/pinet/SLAM_AGV/workspace/install/control_msgs/include/control_msgs/control_msgs/msg/detail/multi_dof_state_stamped__rosidl_typesupport_fastrtps_c.h
[157.482s] -- Up-to-date symlink: /home/pinet/SLAM_AGV/workspace/install/control_msgs/include/control_msgs/control_msgs/msg/detail/pid_state__rosidl_typesupport_fastrtps_c.h
[157.484s] -- Up-to-date symlink: /home/pinet/SLAM_AGV/workspace/install/control_msgs/include/control_msgs/control_msgs/msg/detail/single_dof_state__rosidl_typesupport_fastrtps_c.h
[157.485s] -- Up-to-date symlink: /home/pinet/SLAM_AGV/workspace/install/control_msgs/include/control_msgs/control_msgs/msg/detail/single_dof_state_stamped__rosidl_typesupport_fastrtps_c.h
[157.487s] -- Up-to-date symlink: /home/pinet/SLAM_AGV/workspace/install/control_msgs/include/control_msgs/control_msgs/msg/detail/steering_controller_status__rosidl_typesupport_fastrtps_c.h
[157.488s] -- Up-to-date symlink: /home/pinet/SLAM_AGV/workspace/install/control_msgs/include/control_msgs/control_msgs/msg/rosidl_typesupport_fastrtps_c__visibility_control.h
[157.490s] -- Up-to-date symlink: /home/pinet/SLAM_AGV/workspace/install/control_msgs/include/control_msgs/control_msgs/srv/detail/query_calibration_state__rosidl_typesupport_fastrtps_c.h
[157.492s] -- Up-to-date symlink: /home/pinet/SLAM_AGV/workspace/install/control_msgs/include/control_msgs/control_msgs/srv/detail/query_trajectory_state__rosidl_typesupport_fastrtps_c.h
[157.506s] -- Up-to-date symlink: /home/pinet/SLAM_AGV/workspace/install/control_msgs/include/control_msgs/control_msgs/action/detail/follow_joint_trajectory__builder.hpp
[157.507s] -- Up-to-date symlink: /home/pinet/SLAM_AGV/workspace/install/control_msgs/include/control_msgs/control_msgs/action/detail/follow_joint_trajectory__struct.hpp
[157.509s] -- Up-to-date symlink: /home/pinet/SLAM_AGV/workspace/install/control_msgs/include/control_msgs/control_msgs/action/detail/follow_joint_trajectory__traits.hpp
[157.510s] -- Up-to-date symlink: /home/pinet/SLAM_AGV/workspace/install/control_msgs/include/control_msgs/control_msgs/action/detail/follow_joint_trajectory__type_support.hpp
[157.512s] -- Up-to-date symlink: /home/pinet/SLAM_AGV/workspace/install/control_msgs/include/control_msgs/control_msgs/action/detail/gripper_command__builder.hpp
[157.513s] -- Up-to-date symlink: /home/pinet/SLAM_AGV/workspace/install/control_msgs/include/control_msgs/control_msgs/action/detail/gripper_command__struct.hpp
[157.515s] -- Up-to-date symlink: /home/pinet/SLAM_AGV/workspace/install/control_msgs/include/control_msgs/control_msgs/action/detail/gripper_command__traits.hpp
[157.516s] -- Up-to-date symlink: /home/pinet/SLAM_AGV/workspace/install/control_msgs/include/control_msgs/control_msgs/action/detail/gripper_command__type_support.hpp
[157.518s] -- Up-to-date symlink: /home/pinet/SLAM_AGV/workspace/install/control_msgs/include/control_msgs/control_msgs/action/detail/joint_trajectory__builder.hpp
[157.520s] -- Up-to-date symlink: /home/pinet/SLAM_AGV/workspace/install/control_msgs/include/control_msgs/control_msgs/action/detail/joint_trajectory__struct.hpp
[157.521s] -- Up-to-date symlink: /home/pinet/SLAM_AGV/workspace/install/control_msgs/include/control_msgs/control_msgs/action/detail/joint_trajectory__traits.hpp
[157.523s] -- Up-to-date symlink: /home/pinet/SLAM_AGV/workspace/install/control_msgs/include/control_msgs/control_msgs/action/detail/joint_trajectory__type_support.hpp
[157.524s] -- Up-to-date symlink: /home/pinet/SLAM_AGV/workspace/install/control_msgs/include/control_msgs/control_msgs/action/detail/parallel_gripper_command__builder.hpp
[157.526s] -- Up-to-date symlink: /home/pinet/SLAM_AGV/workspace/install/control_msgs/include/control_msgs/control_msgs/action/detail/parallel_gripper_command__struct.hpp
[157.527s] -- Up-to-date symlink: /home/pinet/SLAM_AGV/workspace/install/control_msgs/include/control_msgs/control_msgs/action/detail/parallel_gripper_command__traits.hpp
[157.529s] -- Up-to-date symlink: /home/pinet/SLAM_AGV/workspace/install/control_msgs/include/control_msgs/control_msgs/action/detail/parallel_gripper_command__type_support.hpp
[157.531s] -- Up-to-date symlink: /home/pinet/SLAM_AGV/workspace/install/control_msgs/include/control_msgs/control_msgs/action/detail/point_head__builder.hpp
[157.532s] -- Up-to-date symlink: /home/pinet/SLAM_AGV/workspace/install/control_msgs/include/control_msgs/control_msgs/action/detail/point_head__struct.hpp
[157.534s] -- Up-to-date symlink: /home/pinet/SLAM_AGV/workspace/install/control_msgs/include/control_msgs/control_msgs/action/detail/point_head__traits.hpp
[157.536s] -- Up-to-date symlink: /home/pinet/SLAM_AGV/workspace/install/control_msgs/include/control_msgs/control_msgs/action/detail/point_head__type_support.hpp
[157.537s] -- Up-to-date symlink: /home/pinet/SLAM_AGV/workspace/install/control_msgs/include/control_msgs/control_msgs/action/detail/single_joint_position__builder.hpp
[157.539s] -- Up-to-date symlink: /home/pinet/SLAM_AGV/workspace/install/control_msgs/include/control_msgs/control_msgs/action/detail/single_joint_position__struct.hpp
[157.541s] -- Up-to-date symlink: /home/pinet/SLAM_AGV/workspace/install/control_msgs/include/control_msgs/control_msgs/action/detail/single_joint_position__traits.hpp
[157.542s] -- Up-to-date symlink: /home/pinet/SLAM_AGV/workspace/install/control_msgs/include/control_msgs/control_msgs/action/detail/single_joint_position__type_support.hpp
[157.544s] -- Up-to-date symlink: /home/pinet/SLAM_AGV/workspace/install/control_msgs/include/control_msgs/control_msgs/action/follow_joint_trajectory.hpp
[157.545s] -- Up-to-date symlink: /home/pinet/SLAM_AGV/workspace/install/control_msgs/include/control_msgs/control_msgs/action/gripper_command.hpp
[157.547s] -- Up-to-date symlink: /home/pinet/SLAM_AGV/workspace/install/control_msgs/include/control_msgs/control_msgs/action/joint_trajectory.hpp
[157.548s] -- Up-to-date symlink: /home/pinet/SLAM_AGV/workspace/install/control_msgs/include/control_msgs/control_msgs/action/parallel_gripper_command.hpp
[157.550s] -- Up-to-date symlink: /home/pinet/SLAM_AGV/workspace/install/control_msgs/include/control_msgs/control_msgs/action/point_head.hpp
[157.551s] -- Up-to-date symlink: /home/pinet/SLAM_AGV/workspace/install/control_msgs/include/control_msgs/control_msgs/action/single_joint_position.hpp
[157.553s] -- Up-to-date symlink: /home/pinet/SLAM_AGV/workspace/install/control_msgs/include/control_msgs/control_msgs/msg/admittance_controller_state.hpp
[157.554s] -- Up-to-date symlink: /home/pinet/SLAM_AGV/workspace/install/control_msgs/include/control_msgs/control_msgs/msg/detail/admittance_controller_state__builder.hpp
[157.556s] -- Up-to-date symlink: /home/pinet/SLAM_AGV/workspace/install/control_msgs/include/control_msgs/control_msgs/msg/detail/admittance_controller_state__struct.hpp
[157.558s] -- Up-to-date symlink: /home/pinet/SLAM_AGV/workspace/install/control_msgs/include/control_msgs/control_msgs/msg/detail/admittance_controller_state__traits.hpp
[157.559s] -- Up-to-date symlink: /home/pinet/SLAM_AGV/workspace/install/control_msgs/include/control_msgs/control_msgs/msg/detail/admittance_controller_state__type_support.hpp
[157.561s] -- Up-to-date symlink: /home/pinet/SLAM_AGV/workspace/install/control_msgs/include/control_msgs/control_msgs/msg/detail/dynamic_interface_group_values__builder.hpp
[157.563s] -- Up-to-date symlink: /home/pinet/SLAM_AGV/workspace/install/control_msgs/include/control_msgs/control_msgs/msg/detail/dynamic_interface_group_values__struct.hpp
[157.564s] -- Up-to-date symlink: /home/pinet/SLAM_AGV/workspace/install/control_msgs/include/control_msgs/control_msgs/msg/detail/dynamic_interface_group_values__traits.hpp
[157.566s] -- Up-to-date symlink: /home/pinet/SLAM_AGV/workspace/install/control_msgs/include/control_msgs/control_msgs/msg/detail/dynamic_interface_group_values__type_support.hpp
[157.567s] -- Up-to-date symlink: /home/pinet/SLAM_AGV/workspace/install/control_msgs/include/control_msgs/control_msgs/msg/detail/dynamic_joint_state__builder.hpp
[157.569s] -- Up-to-date symlink: /home/pinet/SLAM_AGV/workspace/install/control_msgs/include/control_msgs/control_msgs/msg/detail/dynamic_joint_state__struct.hpp
[157.571s] -- Up-to-date symlink: /home/pinet/SLAM_AGV/workspace/install/control_msgs/include/control_msgs/control_msgs/msg/detail/dynamic_joint_state__traits.hpp
[157.582s] -- Up-to-date symlink: /home/pinet/SLAM_AGV/workspace/install/control_msgs/include/control_msgs/control_msgs/msg/detail/dynamic_joint_state__type_support.hpp
[157.585s] -- Up-to-date symlink: /home/pinet/SLAM_AGV/workspace/install/control_msgs/include/control_msgs/control_msgs/msg/detail/gripper_command__builder.hpp
[157.587s] -- Up-to-date symlink: /home/pinet/SLAM_AGV/workspace/install/control_msgs/include/control_msgs/control_msgs/msg/detail/gripper_command__struct.hpp
[157.590s] -- Up-to-date symlink: /home/pinet/SLAM_AGV/workspace/install/control_msgs/include/control_msgs/control_msgs/msg/detail/gripper_command__traits.hpp
[157.593s] -- Up-to-date symlink: /home/pinet/SLAM_AGV/workspace/install/control_msgs/include/control_msgs/control_msgs/msg/detail/gripper_command__type_support.hpp
[157.594s] -- Up-to-date symlink: /home/pinet/SLAM_AGV/workspace/install/control_msgs/include/control_msgs/control_msgs/msg/detail/interface_value__builder.hpp
[157.596s] -- Up-to-date symlink: /home/pinet/SLAM_AGV/workspace/install/control_msgs/include/control_msgs/control_msgs/msg/detail/interface_value__struct.hpp
[157.597s] -- Up-to-date symlink: /home/pinet/SLAM_AGV/workspace/install/control_msgs/include/control_msgs/control_msgs/msg/detail/interface_value__traits.hpp
[157.599s] -- Up-to-date symlink: /home/pinet/SLAM_AGV/workspace/install/control_msgs/include/control_msgs/control_msgs/msg/detail/interface_value__type_support.hpp
[157.601s] -- Up-to-date symlink: /home/pinet/SLAM_AGV/workspace/install/control_msgs/include/control_msgs/control_msgs/msg/detail/joint_component_tolerance__builder.hpp
[157.602s] -- Up-to-date symlink: /home/pinet/SLAM_AGV/workspace/install/control_msgs/include/control_msgs/control_msgs/msg/detail/joint_component_tolerance__struct.hpp
[157.604s] -- Up-to-date symlink: /home/pinet/SLAM_AGV/workspace/install/control_msgs/include/control_msgs/control_msgs/msg/detail/joint_component_tolerance__traits.hpp
[157.605s] -- Up-to-date symlink: /home/pinet/SLAM_AGV/workspace/install/control_msgs/include/control_msgs/control_msgs/msg/detail/joint_component_tolerance__type_support.hpp
[157.607s] -- Up-to-date symlink: /home/pinet/SLAM_AGV/workspace/install/control_msgs/include/control_msgs/control_msgs/msg/detail/joint_controller_state__builder.hpp
[157.608s] -- Up-to-date symlink: /home/pinet/SLAM_AGV/workspace/install/control_msgs/include/control_msgs/control_msgs/msg/detail/joint_controller_state__struct.hpp
[157.610s] -- Up-to-date symlink: /home/pinet/SLAM_AGV/workspace/install/control_msgs/include/control_msgs/control_msgs/msg/detail/joint_controller_state__traits.hpp
[157.612s] -- Up-to-date symlink: /home/pinet/SLAM_AGV/workspace/install/control_msgs/include/control_msgs/control_msgs/msg/detail/joint_controller_state__type_support.hpp
[157.613s] -- Up-to-date symlink: /home/pinet/SLAM_AGV/workspace/install/control_msgs/include/control_msgs/control_msgs/msg/detail/joint_jog__builder.hpp
[157.615s] -- Up-to-date symlink: /home/pinet/SLAM_AGV/workspace/install/control_msgs/include/control_msgs/control_msgs/msg/detail/joint_jog__struct.hpp
[157.617s] -- Up-to-date symlink: /home/pinet/SLAM_AGV/workspace/install/control_msgs/include/control_msgs/control_msgs/msg/detail/joint_jog__traits.hpp
[157.618s] -- Up-to-date symlink: /home/pinet/SLAM_AGV/workspace/install/control_msgs/include/control_msgs/control_msgs/msg/detail/joint_jog__type_support.hpp
[157.620s] -- Up-to-date symlink: /home/pinet/SLAM_AGV/workspace/install/control_msgs/include/control_msgs/control_msgs/msg/detail/joint_tolerance__builder.hpp
[157.622s] -- Up-to-date symlink: /home/pinet/SLAM_AGV/workspace/install/control_msgs/include/control_msgs/control_msgs/msg/detail/joint_tolerance__struct.hpp
[157.623s] -- Up-to-date symlink: /home/pinet/SLAM_AGV/workspace/install/control_msgs/include/control_msgs/control_msgs/msg/detail/joint_tolerance__traits.hpp
[157.625s] -- Up-to-date symlink: /home/pinet/SLAM_AGV/workspace/install/control_msgs/include/control_msgs/control_msgs/msg/detail/joint_tolerance__type_support.hpp
[157.626s] -- Up-to-date symlink: /home/pinet/SLAM_AGV/workspace/install/control_msgs/include/control_msgs/control_msgs/msg/detail/joint_trajectory_controller_state__builder.hpp
[157.628s] -- Up-to-date symlink: /home/pinet/SLAM_AGV/workspace/install/control_msgs/include/control_msgs/control_msgs/msg/detail/joint_trajectory_controller_state__struct.hpp
[157.629s] -- Up-to-date symlink: /home/pinet/SLAM_AGV/workspace/install/control_msgs/include/control_msgs/control_msgs/msg/detail/joint_trajectory_controller_state__traits.hpp
[157.631s] -- Up-to-date symlink: /home/pinet/SLAM_AGV/workspace/install/control_msgs/include/control_msgs/control_msgs/msg/detail/joint_trajectory_controller_state__type_support.hpp
[157.633s] -- Up-to-date symlink: /home/pinet/SLAM_AGV/workspace/install/control_msgs/include/control_msgs/control_msgs/msg/detail/mecanum_drive_controller_state__builder.hpp
[157.634s] -- Up-to-date symlink: /home/pinet/SLAM_AGV/workspace/install/control_msgs/include/control_msgs/control_msgs/msg/detail/mecanum_drive_controller_state__struct.hpp
[157.636s] -- Up-to-date symlink: /home/pinet/SLAM_AGV/workspace/install/control_msgs/include/control_msgs/control_msgs/msg/detail/mecanum_drive_controller_state__traits.hpp
[157.638s] -- Up-to-date symlink: /home/pinet/SLAM_AGV/workspace/install/control_msgs/include/control_msgs/control_msgs/msg/detail/mecanum_drive_controller_state__type_support.hpp
[157.639s] -- Up-to-date symlink: /home/pinet/SLAM_AGV/workspace/install/control_msgs/include/control_msgs/control_msgs/msg/detail/multi_dof_command__builder.hpp
[157.641s] -- Up-to-date symlink: /home/pinet/SLAM_AGV/workspace/install/control_msgs/include/control_msgs/control_msgs/msg/detail/multi_dof_command__struct.hpp
[157.643s] -- Up-to-date symlink: /home/pinet/SLAM_AGV/workspace/install/control_msgs/include/control_msgs/control_msgs/msg/detail/multi_dof_command__traits.hpp
[157.644s] -- Up-to-date symlink: /home/pinet/SLAM_AGV/workspace/install/control_msgs/include/control_msgs/control_msgs/msg/detail/multi_dof_command__type_support.hpp
[157.646s] -- Up-to-date symlink: /home/pinet/SLAM_AGV/workspace/install/control_msgs/include/control_msgs/control_msgs/msg/detail/multi_dof_state_stamped__builder.hpp
[157.648s] -- Up-to-date symlink: /home/pinet/SLAM_AGV/workspace/install/control_msgs/include/control_msgs/control_msgs/msg/detail/multi_dof_state_stamped__struct.hpp
[157.649s] -- Up-to-date symlink: /home/pinet/SLAM_AGV/workspace/install/control_msgs/include/control_msgs/control_msgs/msg/detail/multi_dof_state_stamped__traits.hpp
[157.651s] -- Up-to-date symlink: /home/pinet/SLAM_AGV/workspace/install/control_msgs/include/control_msgs/control_msgs/msg/detail/multi_dof_state_stamped__type_support.hpp
[157.653s] -- Up-to-date symlink: /home/pinet/SLAM_AGV/workspace/install/control_msgs/include/control_msgs/control_msgs/msg/detail/pid_state__builder.hpp
[157.654s] -- Up-to-date symlink: /home/pinet/SLAM_AGV/workspace/install/control_msgs/include/control_msgs/control_msgs/msg/detail/pid_state__struct.hpp
[157.656s] -- Up-to-date symlink: /home/pinet/SLAM_AGV/workspace/install/control_msgs/include/control_msgs/control_msgs/msg/detail/pid_state__traits.hpp
[157.657s] -- Up-to-date symlink: /home/pinet/SLAM_AGV/workspace/install/control_msgs/include/control_msgs/control_msgs/msg/detail/pid_state__type_support.hpp
[157.659s] -- Up-to-date symlink: /home/pinet/SLAM_AGV/workspace/install/control_msgs/include/control_msgs/control_msgs/msg/detail/single_dof_state__builder.hpp
[157.661s] -- Up-to-date symlink: /home/pinet/SLAM_AGV/workspace/install/control_msgs/include/control_msgs/control_msgs/msg/detail/single_dof_state__struct.hpp
[157.662s] -- Up-to-date symlink: /home/pinet/SLAM_AGV/workspace/install/control_msgs/include/control_msgs/control_msgs/msg/detail/single_dof_state__traits.hpp
[157.664s] -- Up-to-date symlink: /home/pinet/SLAM_AGV/workspace/install/control_msgs/include/control_msgs/control_msgs/msg/detail/single_dof_state__type_support.hpp
[157.665s] -- Up-to-date symlink: /home/pinet/SLAM_AGV/workspace/install/control_msgs/include/control_msgs/control_msgs/msg/detail/single_dof_state_stamped__builder.hpp
[157.667s] -- Up-to-date symlink: /home/pinet/SLAM_AGV/workspace/install/control_msgs/include/control_msgs/control_msgs/msg/detail/single_dof_state_stamped__struct.hpp
[157.668s] -- Up-to-date symlink: /home/pinet/SLAM_AGV/workspace/install/control_msgs/include/control_msgs/control_msgs/msg/detail/single_dof_state_stamped__traits.hpp
[157.670s] -- Up-to-date symlink: /home/pinet/SLAM_AGV/workspace/install/control_msgs/include/control_msgs/control_msgs/msg/detail/single_dof_state_stamped__type_support.hpp
[157.672s] -- Up-to-date symlink: /home/pinet/SLAM_AGV/workspace/install/control_msgs/include/control_msgs/control_msgs/msg/detail/steering_controller_status__builder.hpp
[157.673s] -- Up-to-date symlink: /home/pinet/SLAM_AGV/workspace/install/control_msgs/include/control_msgs/control_msgs/msg/detail/steering_controller_status__struct.hpp
[157.675s] -- Up-to-date symlink: /home/pinet/SLAM_AGV/workspace/install/control_msgs/include/control_msgs/control_msgs/msg/detail/steering_controller_status__traits.hpp
[157.677s] -- Up-to-date symlink: /home/pinet/SLAM_AGV/workspace/install/control_msgs/include/control_msgs/control_msgs/msg/detail/steering_controller_status__type_support.hpp
[157.678s] -- Up-to-date symlink: /home/pinet/SLAM_AGV/workspace/install/control_msgs/include/control_msgs/control_msgs/msg/dynamic_interface_group_values.hpp
[157.680s] -- Up-to-date symlink: /home/pinet/SLAM_AGV/workspace/install/control_msgs/include/control_msgs/control_msgs/msg/dynamic_joint_state.hpp
[157.681s] -- Up-to-date symlink: /home/pinet/SLAM_AGV/workspace/install/control_msgs/include/control_msgs/control_msgs/msg/gripper_command.hpp
[157.683s] -- Up-to-date symlink: /home/pinet/SLAM_AGV/workspace/install/control_msgs/include/control_msgs/control_msgs/msg/interface_value.hpp
[157.684s] -- Up-to-date symlink: /home/pinet/SLAM_AGV/workspace/install/control_msgs/include/control_msgs/control_msgs/msg/joint_component_tolerance.hpp
[157.686s] -- Up-to-date symlink: /home/pinet/SLAM_AGV/workspace/install/control_msgs/include/control_msgs/control_msgs/msg/joint_controller_state.hpp
[157.687s] -- Up-to-date symlink: /home/pinet/SLAM_AGV/workspace/install/control_msgs/include/control_msgs/control_msgs/msg/joint_jog.hpp
[157.689s] -- Up-to-date symlink: /home/pinet/SLAM_AGV/workspace/install/control_msgs/include/control_msgs/control_msgs/msg/joint_tolerance.hpp
[157.690s] -- Up-to-date symlink: /home/pinet/SLAM_AGV/workspace/install/control_msgs/include/control_msgs/control_msgs/msg/joint_trajectory_controller_state.hpp
[157.692s] -- Up-to-date symlink: /home/pinet/SLAM_AGV/workspace/install/control_msgs/include/control_msgs/control_msgs/msg/mecanum_drive_controller_state.hpp
[157.693s] -- Up-to-date symlink: /home/pinet/SLAM_AGV/workspace/install/control_msgs/include/control_msgs/control_msgs/msg/multi_dof_command.hpp
[157.695s] -- Up-to-date symlink: /home/pinet/SLAM_AGV/workspace/install/control_msgs/include/control_msgs/control_msgs/msg/multi_dof_state_stamped.hpp
[157.696s] -- Up-to-date symlink: /home/pinet/SLAM_AGV/workspace/install/control_msgs/include/control_msgs/control_msgs/msg/pid_state.hpp
[157.698s] -- Up-to-date symlink: /home/pinet/SLAM_AGV/workspace/install/control_msgs/include/control_msgs/control_msgs/msg/rosidl_generator_cpp__visibility_control.hpp
[157.699s] -- Up-to-date symlink: /home/pinet/SLAM_AGV/workspace/install/control_msgs/include/control_msgs/control_msgs/msg/single_dof_state.hpp
[157.701s] -- Up-to-date symlink: /home/pinet/SLAM_AGV/workspace/install/control_msgs/include/control_msgs/control_msgs/msg/single_dof_state_stamped.hpp
[157.702s] -- Up-to-date symlink: /home/pinet/SLAM_AGV/workspace/install/control_msgs/include/control_msgs/control_msgs/msg/steering_controller_status.hpp
[157.704s] -- Up-to-date symlink: /home/pinet/SLAM_AGV/workspace/install/control_msgs/include/control_msgs/control_msgs/srv/detail/query_calibration_state__builder.hpp
[157.705s] -- Up-to-date symlink: /home/pinet/SLAM_AGV/workspace/install/control_msgs/include/control_msgs/control_msgs/srv/detail/query_calibration_state__struct.hpp
[157.707s] -- Up-to-date symlink: /home/pinet/SLAM_AGV/workspace/install/control_msgs/include/control_msgs/control_msgs/srv/detail/query_calibration_state__traits.hpp
[157.708s] -- Up-to-date symlink: /home/pinet/SLAM_AGV/workspace/install/control_msgs/include/control_msgs/control_msgs/srv/detail/query_calibration_state__type_support.hpp
[157.710s] -- Up-to-date symlink: /home/pinet/SLAM_AGV/workspace/install/control_msgs/include/control_msgs/control_msgs/srv/detail/query_trajectory_state__builder.hpp
[157.712s] -- Up-to-date symlink: /home/pinet/SLAM_AGV/workspace/install/control_msgs/include/control_msgs/control_msgs/srv/detail/query_trajectory_state__struct.hpp
[157.713s] -- Up-to-date symlink: /home/pinet/SLAM_AGV/workspace/install/control_msgs/include/control_msgs/control_msgs/srv/detail/query_trajectory_state__traits.hpp
[157.715s] -- Up-to-date symlink: /home/pinet/SLAM_AGV/workspace/install/control_msgs/include/control_msgs/control_msgs/srv/detail/query_trajectory_state__type_support.hpp
[157.716s] -- Up-to-date symlink: /home/pinet/SLAM_AGV/workspace/install/control_msgs/include/control_msgs/control_msgs/srv/query_calibration_state.hpp
[157.718s] -- Up-to-date symlink: /home/pinet/SLAM_AGV/workspace/install/control_msgs/include/control_msgs/control_msgs/srv/query_trajectory_state.hpp
[157.733s] -- Up-to-date symlink: /home/pinet/SLAM_AGV/workspace/install/control_msgs/include/control_msgs/control_msgs/action/detail/follow_joint_trajectory__rosidl_typesupport_fastrtps_cpp.hpp
[157.734s] -- Up-to-date symlink: /home/pinet/SLAM_AGV/workspace/install/control_msgs/include/control_msgs/control_msgs/action/detail/gripper_command__rosidl_typesupport_fastrtps_cpp.hpp
[157.736s] -- Up-to-date symlink: /home/pinet/SLAM_AGV/workspace/install/control_msgs/include/control_msgs/control_msgs/action/detail/joint_trajectory__rosidl_typesupport_fastrtps_cpp.hpp
[157.738s] -- Up-to-date symlink: /home/pinet/SLAM_AGV/workspace/install/control_msgs/include/control_msgs/control_msgs/action/detail/parallel_gripper_command__rosidl_typesupport_fastrtps_cpp.hpp
[157.739s] -- Up-to-date symlink: /home/pinet/SLAM_AGV/workspace/install/control_msgs/include/control_msgs/control_msgs/action/detail/point_head__rosidl_typesupport_fastrtps_cpp.hpp
[157.741s] -- Up-to-date symlink: /home/pinet/SLAM_AGV/workspace/install/control_msgs/include/control_msgs/control_msgs/action/detail/single_joint_position__rosidl_typesupport_fastrtps_cpp.hpp
[157.742s] -- Up-to-date symlink: /home/pinet/SLAM_AGV/workspace/install/control_msgs/include/control_msgs/control_msgs/msg/detail/admittance_controller_state__rosidl_typesupport_fastrtps_cpp.hpp
[157.744s] -- Up-to-date symlink: /home/pinet/SLAM_AGV/workspace/install/control_msgs/include/control_msgs/control_msgs/msg/detail/dynamic_interface_group_values__rosidl_typesupport_fastrtps_cpp.hpp
[157.745s] -- Up-to-date symlink: /home/pinet/SLAM_AGV/workspace/install/control_msgs/include/control_msgs/control_msgs/msg/detail/dynamic_joint_state__rosidl_typesupport_fastrtps_cpp.hpp
[157.747s] -- Up-to-date symlink: /home/pinet/SLAM_AGV/workspace/install/control_msgs/include/control_msgs/control_msgs/msg/detail/gripper_command__rosidl_typesupport_fastrtps_cpp.hpp
[157.749s] -- Up-to-date symlink: /home/pinet/SLAM_AGV/workspace/install/control_msgs/include/control_msgs/control_msgs/msg/detail/interface_value__rosidl_typesupport_fastrtps_cpp.hpp
[157.750s] -- Up-to-date symlink: /home/pinet/SLAM_AGV/workspace/install/control_msgs/include/control_msgs/control_msgs/msg/detail/joint_component_tolerance__rosidl_typesupport_fastrtps_cpp.hpp
[157.752s] -- Up-to-date symlink: /home/pinet/SLAM_AGV/workspace/install/control_msgs/include/control_msgs/control_msgs/msg/detail/joint_controller_state__rosidl_typesupport_fastrtps_cpp.hpp
[157.754s] -- Up-to-date symlink: /home/pinet/SLAM_AGV/workspace/install/control_msgs/include/control_msgs/control_msgs/msg/detail/joint_jog__rosidl_typesupport_fastrtps_cpp.hpp
[157.755s] -- Up-to-date symlink: /home/pinet/SLAM_AGV/workspace/install/control_msgs/include/control_msgs/control_msgs/msg/detail/joint_tolerance__rosidl_typesupport_fastrtps_cpp.hpp
[157.757s] -- Up-to-date symlink: /home/pinet/SLAM_AGV/workspace/install/control_msgs/include/control_msgs/control_msgs/msg/detail/joint_trajectory_controller_state__rosidl_typesupport_fastrtps_cpp.hpp
[157.759s] -- Up-to-date symlink: /home/pinet/SLAM_AGV/workspace/install/control_msgs/include/control_msgs/control_msgs/msg/detail/mecanum_drive_controller_state__rosidl_typesupport_fastrtps_cpp.hpp
[157.760s] -- Up-to-date symlink: /home/pinet/SLAM_AGV/workspace/install/control_msgs/include/control_msgs/control_msgs/msg/detail/multi_dof_command__rosidl_typesupport_fastrtps_cpp.hpp
[157.762s] -- Up-to-date symlink: /home/pinet/SLAM_AGV/workspace/install/control_msgs/include/control_msgs/control_msgs/msg/detail/multi_dof_state_stamped__rosidl_typesupport_fastrtps_cpp.hpp
[157.764s] -- Up-to-date symlink: /home/pinet/SLAM_AGV/workspace/install/control_msgs/include/control_msgs/control_msgs/msg/detail/pid_state__rosidl_typesupport_fastrtps_cpp.hpp
[157.766s] -- Up-to-date symlink: /home/pinet/SLAM_AGV/workspace/install/control_msgs/include/control_msgs/control_msgs/msg/detail/single_dof_state__rosidl_typesupport_fastrtps_cpp.hpp
[157.767s] -- Up-to-date symlink: /home/pinet/SLAM_AGV/workspace/install/control_msgs/include/control_msgs/control_msgs/msg/detail/single_dof_state_stamped__rosidl_typesupport_fastrtps_cpp.hpp
[157.769s] -- Up-to-date symlink: /home/pinet/SLAM_AGV/workspace/install/control_msgs/include/control_msgs/control_msgs/msg/detail/steering_controller_status__rosidl_typesupport_fastrtps_cpp.hpp
[157.771s] -- Up-to-date symlink: /home/pinet/SLAM_AGV/workspace/install/control_msgs/include/control_msgs/control_msgs/msg/rosidl_typesupport_fastrtps_cpp__visibility_control.h
[157.772s] -- Up-to-date symlink: /home/pinet/SLAM_AGV/workspace/install/control_msgs/include/control_msgs/control_msgs/srv/detail/query_calibration_state__rosidl_typesupport_fastrtps_cpp.hpp
[157.774s] -- Up-to-date symlink: /home/pinet/SLAM_AGV/workspace/install/control_msgs/include/control_msgs/control_msgs/srv/detail/query_trajectory_state__rosidl_typesupport_fastrtps_cpp.hpp
[157.783s] -- Up-to-date symlink: /home/pinet/SLAM_AGV/workspace/install/control_msgs/include/control_msgs/control_msgs/action/detail/follow_joint_trajectory__rosidl_typesupport_introspection_c.h
[157.784s] -- Up-to-date symlink: /home/pinet/SLAM_AGV/workspace/install/control_msgs/include/control_msgs/control_msgs/action/detail/gripper_command__rosidl_typesupport_introspection_c.h
[157.786s] -- Up-to-date symlink: /home/pinet/SLAM_AGV/workspace/install/control_msgs/include/control_msgs/control_msgs/action/detail/joint_trajectory__rosidl_typesupport_introspection_c.h
[157.787s] -- Up-to-date symlink: /home/pinet/SLAM_AGV/workspace/install/control_msgs/include/control_msgs/control_msgs/action/detail/parallel_gripper_command__rosidl_typesupport_introspection_c.h
[157.789s] -- Up-to-date symlink: /home/pinet/SLAM_AGV/workspace/install/control_msgs/include/control_msgs/control_msgs/action/detail/point_head__rosidl_typesupport_introspection_c.h
[157.791s] -- Up-to-date symlink: /home/pinet/SLAM_AGV/workspace/install/control_msgs/include/control_msgs/control_msgs/action/detail/single_joint_position__rosidl_typesupport_introspection_c.h
[157.792s] -- Up-to-date symlink: /home/pinet/SLAM_AGV/workspace/install/control_msgs/include/control_msgs/control_msgs/msg/detail/admittance_controller_state__rosidl_typesupport_introspection_c.h
[157.794s] -- Up-to-date symlink: /home/pinet/SLAM_AGV/workspace/install/control_msgs/include/control_msgs/control_msgs/msg/detail/dynamic_interface_group_values__rosidl_typesupport_introspection_c.h
[157.796s] -- Up-to-date symlink: /home/pinet/SLAM_AGV/workspace/install/control_msgs/include/control_msgs/control_msgs/msg/detail/dynamic_joint_state__rosidl_typesupport_introspection_c.h
[157.797s] -- Up-to-date symlink: /home/pinet/SLAM_AGV/workspace/install/control_msgs/include/control_msgs/control_msgs/msg/detail/gripper_command__rosidl_typesupport_introspection_c.h
[157.799s] -- Up-to-date symlink: /home/pinet/SLAM_AGV/workspace/install/control_msgs/include/control_msgs/control_msgs/msg/detail/interface_value__rosidl_typesupport_introspection_c.h
[157.801s] -- Up-to-date symlink: /home/pinet/SLAM_AGV/workspace/install/control_msgs/include/control_msgs/control_msgs/msg/detail/joint_component_tolerance__rosidl_typesupport_introspection_c.h
[157.802s] -- Up-to-date symlink: /home/pinet/SLAM_AGV/workspace/install/control_msgs/include/control_msgs/control_msgs/msg/detail/joint_controller_state__rosidl_typesupport_introspection_c.h
[157.804s] -- Up-to-date symlink: /home/pinet/SLAM_AGV/workspace/install/control_msgs/include/control_msgs/control_msgs/msg/detail/joint_jog__rosidl_typesupport_introspection_c.h
[157.806s] -- Up-to-date symlink: /home/pinet/SLAM_AGV/workspace/install/control_msgs/include/control_msgs/control_msgs/msg/detail/joint_tolerance__rosidl_typesupport_introspection_c.h
[157.807s] -- Up-to-date symlink: /home/pinet/SLAM_AGV/workspace/install/control_msgs/include/control_msgs/control_msgs/msg/detail/joint_trajectory_controller_state__rosidl_typesupport_introspection_c.h
[157.809s] -- Up-to-date symlink: /home/pinet/SLAM_AGV/workspace/install/control_msgs/include/control_msgs/control_msgs/msg/detail/mecanum_drive_controller_state__rosidl_typesupport_introspection_c.h
[157.811s] -- Up-to-date symlink: /home/pinet/SLAM_AGV/workspace/install/control_msgs/include/control_msgs/control_msgs/msg/detail/multi_dof_command__rosidl_typesupport_introspection_c.h
[157.812s] -- Up-to-date symlink: /home/pinet/SLAM_AGV/workspace/install/control_msgs/include/control_msgs/control_msgs/msg/detail/multi_dof_state_stamped__rosidl_typesupport_introspection_c.h
[157.814s] -- Up-to-date symlink: /home/pinet/SLAM_AGV/workspace/install/control_msgs/include/control_msgs/control_msgs/msg/detail/pid_state__rosidl_typesupport_introspection_c.h
[157.816s] -- Up-to-date symlink: /home/pinet/SLAM_AGV/workspace/install/control_msgs/include/control_msgs/control_msgs/msg/detail/single_dof_state__rosidl_typesupport_introspection_c.h
[157.817s] -- Up-to-date symlink: /home/pinet/SLAM_AGV/workspace/install/control_msgs/include/control_msgs/control_msgs/msg/detail/single_dof_state_stamped__rosidl_typesupport_introspection_c.h
[157.819s] -- Up-to-date symlink: /home/pinet/SLAM_AGV/workspace/install/control_msgs/include/control_msgs/control_msgs/msg/detail/steering_controller_status__rosidl_typesupport_introspection_c.h
[157.821s] -- Up-to-date symlink: /home/pinet/SLAM_AGV/workspace/install/control_msgs/include/control_msgs/control_msgs/msg/rosidl_typesupport_introspection_c__visibility_control.h
[157.822s] -- Up-to-date symlink: /home/pinet/SLAM_AGV/workspace/install/control_msgs/include/control_msgs/control_msgs/srv/detail/query_calibration_state__rosidl_typesupport_introspection_c.h
[157.824s] -- Up-to-date symlink: /home/pinet/SLAM_AGV/workspace/install/control_msgs/include/control_msgs/control_msgs/srv/detail/query_trajectory_state__rosidl_typesupport_introspection_c.h
[157.832s] -- Up-to-date symlink: /home/pinet/SLAM_AGV/workspace/install/control_msgs/include/control_msgs/control_msgs/action/detail/follow_joint_trajectory__rosidl_typesupport_introspection_cpp.hpp
[157.834s] -- Up-to-date symlink: /home/pinet/SLAM_AGV/workspace/install/control_msgs/include/control_msgs/control_msgs/action/detail/gripper_command__rosidl_typesupport_introspection_cpp.hpp
[157.836s] -- Up-to-date symlink: /home/pinet/SLAM_AGV/workspace/install/control_msgs/include/control_msgs/control_msgs/action/detail/joint_trajectory__rosidl_typesupport_introspection_cpp.hpp
[157.837s] -- Up-to-date symlink: /home/pinet/SLAM_AGV/workspace/install/control_msgs/include/control_msgs/control_msgs/action/detail/parallel_gripper_command__rosidl_typesupport_introspection_cpp.hpp
[157.839s] -- Up-to-date symlink: /home/pinet/SLAM_AGV/workspace/install/control_msgs/include/control_msgs/control_msgs/action/detail/point_head__rosidl_typesupport_introspection_cpp.hpp
[157.841s] -- Up-to-date symlink: /home/pinet/SLAM_AGV/workspace/install/control_msgs/include/control_msgs/control_msgs/action/detail/single_joint_position__rosidl_typesupport_introspection_cpp.hpp
[157.842s] -- Up-to-date symlink: /home/pinet/SLAM_AGV/workspace/install/control_msgs/include/control_msgs/control_msgs/msg/detail/admittance_controller_state__rosidl_typesupport_introspection_cpp.hpp
[157.844s] -- Up-to-date symlink: /home/pinet/SLAM_AGV/workspace/install/control_msgs/include/control_msgs/control_msgs/msg/detail/dynamic_interface_group_values__rosidl_typesupport_introspection_cpp.hpp
[157.846s] -- Up-to-date symlink: /home/pinet/SLAM_AGV/workspace/install/control_msgs/include/control_msgs/control_msgs/msg/detail/dynamic_joint_state__rosidl_typesupport_introspection_cpp.hpp
[157.847s] -- Up-to-date symlink: /home/pinet/SLAM_AGV/workspace/install/control_msgs/include/control_msgs/control_msgs/msg/detail/gripper_command__rosidl_typesupport_introspection_cpp.hpp
[157.849s] -- Up-to-date symlink: /home/pinet/SLAM_AGV/workspace/install/control_msgs/include/control_msgs/control_msgs/msg/detail/interface_value__rosidl_typesupport_introspection_cpp.hpp
[157.851s] -- Up-to-date symlink: /home/pinet/SLAM_AGV/workspace/install/control_msgs/include/control_msgs/control_msgs/msg/detail/joint_component_tolerance__rosidl_typesupport_introspection_cpp.hpp
[157.852s] -- Up-to-date symlink: /home/pinet/SLAM_AGV/workspace/install/control_msgs/include/control_msgs/control_msgs/msg/detail/joint_controller_state__rosidl_typesupport_introspection_cpp.hpp
[157.854s] -- Up-to-date symlink: /home/pinet/SLAM_AGV/workspace/install/control_msgs/include/control_msgs/control_msgs/msg/detail/joint_jog__rosidl_typesupport_introspection_cpp.hpp
[157.856s] -- Up-to-date symlink: /home/pinet/SLAM_AGV/workspace/install/control_msgs/include/control_msgs/control_msgs/msg/detail/joint_tolerance__rosidl_typesupport_introspection_cpp.hpp
[157.857s] -- Up-to-date symlink: /home/pinet/SLAM_AGV/workspace/install/control_msgs/include/control_msgs/control_msgs/msg/detail/joint_trajectory_controller_state__rosidl_typesupport_introspection_cpp.hpp
[157.859s] -- Up-to-date symlink: /home/pinet/SLAM_AGV/workspace/install/control_msgs/include/control_msgs/control_msgs/msg/detail/mecanum_drive_controller_state__rosidl_typesupport_introspection_cpp.hpp
[157.861s] -- Up-to-date symlink: /home/pinet/SLAM_AGV/workspace/install/control_msgs/include/control_msgs/control_msgs/msg/detail/multi_dof_command__rosidl_typesupport_introspection_cpp.hpp
[157.862s] -- Up-to-date symlink: /home/pinet/SLAM_AGV/workspace/install/control_msgs/include/control_msgs/control_msgs/msg/detail/multi_dof_state_stamped__rosidl_typesupport_introspection_cpp.hpp
[157.864s] -- Up-to-date symlink: /home/pinet/SLAM_AGV/workspace/install/control_msgs/include/control_msgs/control_msgs/msg/detail/pid_state__rosidl_typesupport_introspection_cpp.hpp
[157.865s] -- Up-to-date symlink: /home/pinet/SLAM_AGV/workspace/install/control_msgs/include/control_msgs/control_msgs/msg/detail/single_dof_state__rosidl_typesupport_introspection_cpp.hpp
[157.867s] -- Up-to-date symlink: /home/pinet/SLAM_AGV/workspace/install/control_msgs/include/control_msgs/control_msgs/msg/detail/single_dof_state_stamped__rosidl_typesupport_introspection_cpp.hpp
[157.869s] -- Up-to-date symlink: /home/pinet/SLAM_AGV/workspace/install/control_msgs/include/control_msgs/control_msgs/msg/detail/steering_controller_status__rosidl_typesupport_introspection_cpp.hpp
[157.871s] -- Up-to-date symlink: /home/pinet/SLAM_AGV/workspace/install/control_msgs/include/control_msgs/control_msgs/srv/detail/query_calibration_state__rosidl_typesupport_introspection_cpp.hpp
[157.872s] -- Up-to-date symlink: /home/pinet/SLAM_AGV/workspace/install/control_msgs/include/control_msgs/control_msgs/srv/detail/query_trajectory_state__rosidl_typesupport_introspection_cpp.hpp
[157.874s] -- Up-to-date symlink: /home/pinet/SLAM_AGV/workspace/install/control_msgs/share/control_msgs/environment/pythonpath.sh
[157.875s] -- Up-to-date symlink: /home/pinet/SLAM_AGV/workspace/install/control_msgs/share/control_msgs/environment/pythonpath.dsv
[157.880s] -- Up-to-date symlink: /home/pinet/SLAM_AGV/workspace/install/control_msgs/local/lib/python3.10/dist-packages/control_msgs-4.7.0-py3.10.egg-info/PKG-INFO
[157.881s] -- Up-to-date symlink: /home/pinet/SLAM_AGV/workspace/install/control_msgs/local/lib/python3.10/dist-packages/control_msgs-4.7.0-py3.10.egg-info/SOURCES.txt
[157.883s] -- Up-to-date symlink: /home/pinet/SLAM_AGV/workspace/install/control_msgs/local/lib/python3.10/dist-packages/control_msgs-4.7.0-py3.10.egg-info/dependency_links.txt
[157.885s] -- Up-to-date symlink: /home/pinet/SLAM_AGV/workspace/install/control_msgs/local/lib/python3.10/dist-packages/control_msgs-4.7.0-py3.10.egg-info/top_level.txt
[157.903s] -- Up-to-date symlink: /home/pinet/SLAM_AGV/workspace/install/control_msgs/local/lib/python3.10/dist-packages/control_msgs/__init__.py
[157.904s] -- Up-to-date symlink: /home/pinet/SLAM_AGV/workspace/install/control_msgs/local/lib/python3.10/dist-packages/control_msgs/_control_msgs_s.ep.rosidl_typesupport_c.c
[157.905s] -- Up-to-date symlink: /home/pinet/SLAM_AGV/workspace/install/control_msgs/local/lib/python3.10/dist-packages/control_msgs/_control_msgs_s.ep.rosidl_typesupport_fastrtps_c.c
[157.907s] -- Up-to-date symlink: /home/pinet/SLAM_AGV/workspace/install/control_msgs/local/lib/python3.10/dist-packages/control_msgs/_control_msgs_s.ep.rosidl_typesupport_introspection_c.c
[157.909s] -- Up-to-date symlink: /home/pinet/SLAM_AGV/workspace/install/control_msgs/local/lib/python3.10/dist-packages/control_msgs/action/__init__.py
[157.910s] -- Up-to-date symlink: /home/pinet/SLAM_AGV/workspace/install/control_msgs/local/lib/python3.10/dist-packages/control_msgs/action/_follow_joint_trajectory.py
[157.912s] -- Up-to-date symlink: /home/pinet/SLAM_AGV/workspace/install/control_msgs/local/lib/python3.10/dist-packages/control_msgs/action/_follow_joint_trajectory_s.c
[157.913s] -- Up-to-date symlink: /home/pinet/SLAM_AGV/workspace/install/control_msgs/local/lib/python3.10/dist-packages/control_msgs/action/_gripper_command.py
[157.915s] -- Up-to-date symlink: /home/pinet/SLAM_AGV/workspace/install/control_msgs/local/lib/python3.10/dist-packages/control_msgs/action/_gripper_command_s.c
[157.916s] -- Up-to-date symlink: /home/pinet/SLAM_AGV/workspace/install/control_msgs/local/lib/python3.10/dist-packages/control_msgs/action/_joint_trajectory.py
[157.918s] -- Up-to-date symlink: /home/pinet/SLAM_AGV/workspace/install/control_msgs/local/lib/python3.10/dist-packages/control_msgs/action/_joint_trajectory_s.c
[157.919s] -- Up-to-date symlink: /home/pinet/SLAM_AGV/workspace/install/control_msgs/local/lib/python3.10/dist-packages/control_msgs/action/_parallel_gripper_command.py
[157.921s] -- Up-to-date symlink: /home/pinet/SLAM_AGV/workspace/install/control_msgs/local/lib/python3.10/dist-packages/control_msgs/action/_parallel_gripper_command_s.c
[157.922s] -- Up-to-date symlink: /home/pinet/SLAM_AGV/workspace/install/control_msgs/local/lib/python3.10/dist-packages/control_msgs/action/_point_head.py
[157.924s] -- Up-to-date symlink: /home/pinet/SLAM_AGV/workspace/install/control_msgs/local/lib/python3.10/dist-packages/control_msgs/action/_point_head_s.c
[157.926s] -- Up-to-date symlink: /home/pinet/SLAM_AGV/workspace/install/control_msgs/local/lib/python3.10/dist-packages/control_msgs/action/_single_joint_position.py
[157.927s] -- Up-to-date symlink: /home/pinet/SLAM_AGV/workspace/install/control_msgs/local/lib/python3.10/dist-packages/control_msgs/action/_single_joint_position_s.c
[157.929s] -- Up-to-date symlink: /home/pinet/SLAM_AGV/workspace/install/control_msgs/local/lib/python3.10/dist-packages/control_msgs/control_msgs_s__rosidl_typesupport_c.cpython-310-aarch64-linux-gnu.so
[157.930s] -- Up-to-date symlink: /home/pinet/SLAM_AGV/workspace/install/control_msgs/local/lib/python3.10/dist-packages/control_msgs/control_msgs_s__rosidl_typesupport_fastrtps_c.cpython-310-aarch64-linux-gnu.so
[157.932s] -- Up-to-date symlink: /home/pinet/SLAM_AGV/workspace/install/control_msgs/local/lib/python3.10/dist-packages/control_msgs/control_msgs_s__rosidl_typesupport_introspection_c.cpython-310-aarch64-linux-gnu.so
[157.933s] -- Up-to-date symlink: /home/pinet/SLAM_AGV/workspace/install/control_msgs/local/lib/python3.10/dist-packages/control_msgs/libcontrol_msgs__rosidl_generator_py.so
[157.935s] -- Up-to-date symlink: /home/pinet/SLAM_AGV/workspace/install/control_msgs/local/lib/python3.10/dist-packages/control_msgs/msg/__init__.py
[157.937s] -- Up-to-date symlink: /home/pinet/SLAM_AGV/workspace/install/control_msgs/local/lib/python3.10/dist-packages/control_msgs/msg/_admittance_controller_state.py
[157.939s] -- Up-to-date symlink: /home/pinet/SLAM_AGV/workspace/install/control_msgs/local/lib/python3.10/dist-packages/control_msgs/msg/_admittance_controller_state_s.c
[157.940s] -- Up-to-date symlink: /home/pinet/SLAM_AGV/workspace/install/control_msgs/local/lib/python3.10/dist-packages/control_msgs/msg/_dynamic_interface_group_values.py
[157.942s] -- Up-to-date symlink: /home/pinet/SLAM_AGV/workspace/install/control_msgs/local/lib/python3.10/dist-packages/control_msgs/msg/_dynamic_interface_group_values_s.c
[157.943s] -- Up-to-date symlink: /home/pinet/SLAM_AGV/workspace/install/control_msgs/local/lib/python3.10/dist-packages/control_msgs/msg/_dynamic_joint_state.py
[157.945s] -- Up-to-date symlink: /home/pinet/SLAM_AGV/workspace/install/control_msgs/local/lib/python3.10/dist-packages/control_msgs/msg/_dynamic_joint_state_s.c
[157.947s] -- Up-to-date symlink: /home/pinet/SLAM_AGV/workspace/install/control_msgs/local/lib/python3.10/dist-packages/control_msgs/msg/_gripper_command.py
[157.948s] -- Up-to-date symlink: /home/pinet/SLAM_AGV/workspace/install/control_msgs/local/lib/python3.10/dist-packages/control_msgs/msg/_gripper_command_s.c
[157.950s] -- Up-to-date symlink: /home/pinet/SLAM_AGV/workspace/install/control_msgs/local/lib/python3.10/dist-packages/control_msgs/msg/_interface_value.py
[157.951s] -- Up-to-date symlink: /home/pinet/SLAM_AGV/workspace/install/control_msgs/local/lib/python3.10/dist-packages/control_msgs/msg/_interface_value_s.c
[157.953s] -- Up-to-date symlink: /home/pinet/SLAM_AGV/workspace/install/control_msgs/local/lib/python3.10/dist-packages/control_msgs/msg/_joint_component_tolerance.py
[157.955s] -- Up-to-date symlink: /home/pinet/SLAM_AGV/workspace/install/control_msgs/local/lib/python3.10/dist-packages/control_msgs/msg/_joint_component_tolerance_s.c
[157.956s] -- Up-to-date symlink: /home/pinet/SLAM_AGV/workspace/install/control_msgs/local/lib/python3.10/dist-packages/control_msgs/msg/_joint_controller_state.py
[157.957s] -- Up-to-date symlink: /home/pinet/SLAM_AGV/workspace/install/control_msgs/local/lib/python3.10/dist-packages/control_msgs/msg/_joint_controller_state_s.c
[157.959s] -- Up-to-date symlink: /home/pinet/SLAM_AGV/workspace/install/control_msgs/local/lib/python3.10/dist-packages/control_msgs/msg/_joint_jog.py
[157.960s] -- Up-to-date symlink: /home/pinet/SLAM_AGV/workspace/install/control_msgs/local/lib/python3.10/dist-packages/control_msgs/msg/_joint_jog_s.c
[157.962s] -- Up-to-date symlink: /home/pinet/SLAM_AGV/workspace/install/control_msgs/local/lib/python3.10/dist-packages/control_msgs/msg/_joint_tolerance.py
[157.963s] -- Up-to-date symlink: /home/pinet/SLAM_AGV/workspace/install/control_msgs/local/lib/python3.10/dist-packages/control_msgs/msg/_joint_tolerance_s.c
[157.965s] -- Up-to-date symlink: /home/pinet/SLAM_AGV/workspace/install/control_msgs/local/lib/python3.10/dist-packages/control_msgs/msg/_joint_trajectory_controller_state.py
[157.967s] -- Up-to-date symlink: /home/pinet/SLAM_AGV/workspace/install/control_msgs/local/lib/python3.10/dist-packages/control_msgs/msg/_joint_trajectory_controller_state_s.c
[157.968s] -- Up-to-date symlink: /home/pinet/SLAM_AGV/workspace/install/control_msgs/local/lib/python3.10/dist-packages/control_msgs/msg/_mecanum_drive_controller_state.py
[157.970s] -- Up-to-date symlink: /home/pinet/SLAM_AGV/workspace/install/control_msgs/local/lib/python3.10/dist-packages/control_msgs/msg/_mecanum_drive_controller_state_s.c
[157.971s] -- Up-to-date symlink: /home/pinet/SLAM_AGV/workspace/install/control_msgs/local/lib/python3.10/dist-packages/control_msgs/msg/_multi_dof_command.py
[157.973s] -- Up-to-date symlink: /home/pinet/SLAM_AGV/workspace/install/control_msgs/local/lib/python3.10/dist-packages/control_msgs/msg/_multi_dof_command_s.c
[157.974s] -- Up-to-date symlink: /home/pinet/SLAM_AGV/workspace/install/control_msgs/local/lib/python3.10/dist-packages/control_msgs/msg/_multi_dof_state_stamped.py
[157.976s] -- Up-to-date symlink: /home/pinet/SLAM_AGV/workspace/install/control_msgs/local/lib/python3.10/dist-packages/control_msgs/msg/_multi_dof_state_stamped_s.c
[157.977s] -- Up-to-date symlink: /home/pinet/SLAM_AGV/workspace/install/control_msgs/local/lib/python3.10/dist-packages/control_msgs/msg/_pid_state.py
[157.979s] -- Up-to-date symlink: /home/pinet/SLAM_AGV/workspace/install/control_msgs/local/lib/python3.10/dist-packages/control_msgs/msg/_pid_state_s.c
[157.980s] -- Up-to-date symlink: /home/pinet/SLAM_AGV/workspace/install/control_msgs/local/lib/python3.10/dist-packages/control_msgs/msg/_single_dof_state.py
[157.982s] -- Up-to-date symlink: /home/pinet/SLAM_AGV/workspace/install/control_msgs/local/lib/python3.10/dist-packages/control_msgs/msg/_single_dof_state_s.c
[157.983s] -- Up-to-date symlink: /home/pinet/SLAM_AGV/workspace/install/control_msgs/local/lib/python3.10/dist-packages/control_msgs/msg/_single_dof_state_stamped.py
[157.985s] -- Up-to-date symlink: /home/pinet/SLAM_AGV/workspace/install/control_msgs/local/lib/python3.10/dist-packages/control_msgs/msg/_single_dof_state_stamped_s.c
[157.986s] -- Up-to-date symlink: /home/pinet/SLAM_AGV/workspace/install/control_msgs/local/lib/python3.10/dist-packages/control_msgs/msg/_steering_controller_status.py
[157.988s] -- Up-to-date symlink: /home/pinet/SLAM_AGV/workspace/install/control_msgs/local/lib/python3.10/dist-packages/control_msgs/msg/_steering_controller_status_s.c
[157.990s] -- Up-to-date symlink: /home/pinet/SLAM_AGV/workspace/install/control_msgs/local/lib/python3.10/dist-packages/control_msgs/srv/__init__.py
[157.991s] -- Up-to-date symlink: /home/pinet/SLAM_AGV/workspace/install/control_msgs/local/lib/python3.10/dist-packages/control_msgs/srv/_query_calibration_state.py
[157.993s] -- Up-to-date symlink: /home/pinet/SLAM_AGV/workspace/install/control_msgs/local/lib/python3.10/dist-packages/control_msgs/srv/_query_calibration_state_s.c
[157.994s] -- Up-to-date symlink: /home/pinet/SLAM_AGV/workspace/install/control_msgs/local/lib/python3.10/dist-packages/control_msgs/srv/_query_trajectory_state.py
[157.996s] -- Up-to-date symlink: /home/pinet/SLAM_AGV/workspace/install/control_msgs/local/lib/python3.10/dist-packages/control_msgs/srv/_query_trajectory_state_s.c
[157.998s] -- Up-to-date symlink: /home/pinet/SLAM_AGV/workspace/install/control_msgs/local/lib/python3.10/dist-packages/control_msgs/control_msgs_s__rosidl_typesupport_fastrtps_c.cpython-310-aarch64-linux-gnu.so
[157.999s] -- Up-to-date symlink: /home/pinet/SLAM_AGV/workspace/install/control_msgs/local/lib/python3.10/dist-packages/control_msgs/control_msgs_s__rosidl_typesupport_introspection_c.cpython-310-aarch64-linux-gnu.so
[158.001s] -- Up-to-date symlink: /home/pinet/SLAM_AGV/workspace/install/control_msgs/local/lib/python3.10/dist-packages/control_msgs/control_msgs_s__rosidl_typesupport_c.cpython-310-aarch64-linux-gnu.so
[158.003s] -- Up-to-date symlink: /home/pinet/SLAM_AGV/workspace/install/control_msgs/share/control_msgs/action/ParallelGripperCommand.idl
[158.005s] -- Up-to-date symlink: /home/pinet/SLAM_AGV/workspace/install/control_msgs/share/control_msgs/action/FollowJointTrajectory.idl
[158.006s] -- Up-to-date symlink: /home/pinet/SLAM_AGV/workspace/install/control_msgs/share/control_msgs/action/GripperCommand.idl
[158.008s] -- Up-to-date symlink: /home/pinet/SLAM_AGV/workspace/install/control_msgs/share/control_msgs/action/JointTrajectory.idl
[158.010s] -- Up-to-date symlink: /home/pinet/SLAM_AGV/workspace/install/control_msgs/share/control_msgs/action/PointHead.idl
[158.011s] -- Up-to-date symlink: /home/pinet/SLAM_AGV/workspace/install/control_msgs/share/control_msgs/action/SingleJointPosition.idl
[158.013s] -- Up-to-date symlink: /home/pinet/SLAM_AGV/workspace/install/control_msgs/share/control_msgs/msg/AdmittanceControllerState.idl
[158.015s] -- Up-to-date symlink: /home/pinet/SLAM_AGV/workspace/install/control_msgs/share/control_msgs/msg/DynamicInterfaceGroupValues.idl
[158.017s] -- Up-to-date symlink: /home/pinet/SLAM_AGV/workspace/install/control_msgs/share/control_msgs/msg/DynamicJointState.idl
[158.018s] -- Up-to-date symlink: /home/pinet/SLAM_AGV/workspace/install/control_msgs/share/control_msgs/msg/GripperCommand.idl
[158.020s] -- Up-to-date symlink: /home/pinet/SLAM_AGV/workspace/install/control_msgs/share/control_msgs/msg/InterfaceValue.idl
[158.022s] -- Up-to-date symlink: /home/pinet/SLAM_AGV/workspace/install/control_msgs/share/control_msgs/msg/JointComponentTolerance.idl
[158.023s] -- Up-to-date symlink: /home/pinet/SLAM_AGV/workspace/install/control_msgs/share/control_msgs/msg/JointControllerState.idl
[158.025s] -- Up-to-date symlink: /home/pinet/SLAM_AGV/workspace/install/control_msgs/share/control_msgs/msg/JointJog.idl
[158.027s] -- Up-to-date symlink: /home/pinet/SLAM_AGV/workspace/install/control_msgs/share/control_msgs/msg/JointTolerance.idl
[158.028s] -- Up-to-date symlink: /home/pinet/SLAM_AGV/workspace/install/control_msgs/share/control_msgs/msg/JointTrajectoryControllerState.idl
[158.030s] -- Up-to-date symlink: /home/pinet/SLAM_AGV/workspace/install/control_msgs/share/control_msgs/msg/MecanumDriveControllerState.idl
[158.032s] -- Up-to-date symlink: /home/pinet/SLAM_AGV/workspace/install/control_msgs/share/control_msgs/msg/MultiDOFCommand.idl
[158.033s] -- Up-to-date symlink: /home/pinet/SLAM_AGV/workspace/install/control_msgs/share/control_msgs/msg/MultiDOFStateStamped.idl
[158.035s] -- Up-to-date symlink: /home/pinet/SLAM_AGV/workspace/install/control_msgs/share/control_msgs/msg/PidState.idl
[158.037s] -- Up-to-date symlink: /home/pinet/SLAM_AGV/workspace/install/control_msgs/share/control_msgs/msg/SingleDOFState.idl
[158.038s] -- Up-to-date symlink: /home/pinet/SLAM_AGV/workspace/install/control_msgs/share/control_msgs/msg/SingleDOFStateStamped.idl
[158.040s] -- Up-to-date symlink: /home/pinet/SLAM_AGV/workspace/install/control_msgs/share/control_msgs/msg/SteeringControllerStatus.idl
[158.042s] -- Up-to-date symlink: /home/pinet/SLAM_AGV/workspace/install/control_msgs/share/control_msgs/srv/QueryCalibrationState.idl
[158.044s] -- Up-to-date symlink: /home/pinet/SLAM_AGV/workspace/install/control_msgs/share/control_msgs/srv/QueryTrajectoryState.idl
[158.045s] -- Up-to-date symlink: /home/pinet/SLAM_AGV/workspace/install/control_msgs/share/control_msgs/action/ParallelGripperCommand.action
[158.047s] -- Up-to-date symlink: /home/pinet/SLAM_AGV/workspace/install/control_msgs/share/control_msgs/action/FollowJointTrajectory.action
[158.049s] -- Up-to-date symlink: /home/pinet/SLAM_AGV/workspace/install/control_msgs/share/control_msgs/action/GripperCommand.action
[158.050s] -- Up-to-date symlink: /home/pinet/SLAM_AGV/workspace/install/control_msgs/share/control_msgs/action/JointTrajectory.action
[158.052s] -- Up-to-date symlink: /home/pinet/SLAM_AGV/workspace/install/control_msgs/share/control_msgs/action/PointHead.action
[158.054s] -- Up-to-date symlink: /home/pinet/SLAM_AGV/workspace/install/control_msgs/share/control_msgs/action/SingleJointPosition.action
[158.055s] -- Up-to-date symlink: /home/pinet/SLAM_AGV/workspace/install/control_msgs/share/control_msgs/msg/AdmittanceControllerState.msg
[158.057s] -- Up-to-date symlink: /home/pinet/SLAM_AGV/workspace/install/control_msgs/share/control_msgs/msg/DynamicInterfaceGroupValues.msg
[158.058s] -- Up-to-date symlink: /home/pinet/SLAM_AGV/workspace/install/control_msgs/share/control_msgs/msg/DynamicJointState.msg
[158.060s] -- Up-to-date symlink: /home/pinet/SLAM_AGV/workspace/install/control_msgs/share/control_msgs/msg/GripperCommand.msg
[158.062s] -- Up-to-date symlink: /home/pinet/SLAM_AGV/workspace/install/control_msgs/share/control_msgs/msg/InterfaceValue.msg
[158.063s] -- Up-to-date symlink: /home/pinet/SLAM_AGV/workspace/install/control_msgs/share/control_msgs/msg/JointComponentTolerance.msg
[158.065s] -- Up-to-date symlink: /home/pinet/SLAM_AGV/workspace/install/control_msgs/share/control_msgs/msg/JointControllerState.msg
[158.066s] -- Up-to-date symlink: /home/pinet/SLAM_AGV/workspace/install/control_msgs/share/control_msgs/msg/JointJog.msg
[158.068s] -- Up-to-date symlink: /home/pinet/SLAM_AGV/workspace/install/control_msgs/share/control_msgs/msg/JointTolerance.msg
[158.070s] -- Up-to-date symlink: /home/pinet/SLAM_AGV/workspace/install/control_msgs/share/control_msgs/msg/JointTrajectoryControllerState.msg
[158.072s] -- Up-to-date symlink: /home/pinet/SLAM_AGV/workspace/install/control_msgs/share/control_msgs/msg/MecanumDriveControllerState.msg
[158.073s] -- Up-to-date symlink: /home/pinet/SLAM_AGV/workspace/install/control_msgs/share/control_msgs/msg/MultiDOFCommand.msg
[158.075s] -- Up-to-date symlink: /home/pinet/SLAM_AGV/workspace/install/control_msgs/share/control_msgs/msg/MultiDOFStateStamped.msg
[158.076s] -- Up-to-date symlink: /home/pinet/SLAM_AGV/workspace/install/control_msgs/share/control_msgs/msg/PidState.msg
[158.078s] -- Up-to-date symlink: /home/pinet/SLAM_AGV/workspace/install/control_msgs/share/control_msgs/msg/SingleDOFState.msg
[158.079s] -- Up-to-date symlink: /home/pinet/SLAM_AGV/workspace/install/control_msgs/share/control_msgs/msg/SingleDOFStateStamped.msg
[158.081s] -- Up-to-date symlink: /home/pinet/SLAM_AGV/workspace/install/control_msgs/share/control_msgs/msg/SteeringControllerStatus.msg
[158.082s] -- Up-to-date symlink: /home/pinet/SLAM_AGV/workspace/install/control_msgs/share/control_msgs/srv/QueryCalibrationState.srv
[158.084s] -- Up-to-date symlink: /home/pinet/SLAM_AGV/workspace/install/control_msgs/share/control_msgs/srv/QueryCalibrationState_Request.msg
[158.086s] -- Up-to-date symlink: /home/pinet/SLAM_AGV/workspace/install/control_msgs/share/control_msgs/srv/QueryCalibrationState_Response.msg
[158.087s] -- Up-to-date symlink: /home/pinet/SLAM_AGV/workspace/install/control_msgs/share/control_msgs/srv/QueryTrajectoryState.srv
[158.089s] -- Up-to-date symlink: /home/pinet/SLAM_AGV/workspace/install/control_msgs/share/control_msgs/srv/QueryTrajectoryState_Request.msg
[158.090s] -- Up-to-date symlink: /home/pinet/SLAM_AGV/workspace/install/control_msgs/share/control_msgs/srv/QueryTrajectoryState_Response.msg
[158.093s] -- Up-to-date symlink: /home/pinet/SLAM_AGV/workspace/install/control_msgs/share/ament_index/resource_index/package_run_dependencies/control_msgs
[158.095s] -- Up-to-date symlink: /home/pinet/SLAM_AGV/workspace/install/control_msgs/share/ament_index/resource_index/parent_prefix_path/control_msgs
[158.097s] -- Up-to-date symlink: /home/pinet/SLAM_AGV/workspace/install/control_msgs/share/control_msgs/environment/ament_prefix_path.sh
[158.098s] -- Up-to-date symlink: /home/pinet/SLAM_AGV/workspace/install/control_msgs/share/control_msgs/environment/ament_prefix_path.dsv
[158.100s] -- Up-to-date symlink: /home/pinet/SLAM_AGV/workspace/install/control_msgs/share/control_msgs/environment/path.sh
[158.102s] -- Up-to-date symlink: /home/pinet/SLAM_AGV/workspace/install/control_msgs/share/control_msgs/environment/path.dsv
[158.103s] -- Up-to-date symlink: /home/pinet/SLAM_AGV/workspace/install/control_msgs/share/control_msgs/local_setup.bash
[158.104s] -- Up-to-date symlink: /home/pinet/SLAM_AGV/workspace/install/control_msgs/share/control_msgs/local_setup.sh
[158.106s] -- Up-to-date symlink: /home/pinet/SLAM_AGV/workspace/install/control_msgs/share/control_msgs/local_setup.zsh
[158.107s] -- Up-to-date symlink: /home/pinet/SLAM_AGV/workspace/install/control_msgs/share/control_msgs/local_setup.dsv
[158.108s] -- Symlinking: /home/pinet/SLAM_AGV/workspace/install/control_msgs/share/control_msgs/package.dsv
[158.141s] -- Up-to-date symlink: /home/pinet/SLAM_AGV/workspace/install/control_msgs/share/ament_index/resource_index/packages/control_msgs
[158.143s] -- Up-to-date symlink: /home/pinet/SLAM_AGV/workspace/install/control_msgs/share/control_msgs/cmake/rosidl_cmake-extras.cmake
[158.144s] -- Up-to-date symlink: /home/pinet/SLAM_AGV/workspace/install/control_msgs/share/control_msgs/cmake/ament_cmake_export_dependencies-extras.cmake
[158.146s] -- Up-to-date symlink: /home/pinet/SLAM_AGV/workspace/install/control_msgs/share/control_msgs/cmake/ament_cmake_export_include_directories-extras.cmake
[158.147s] -- Up-to-date symlink: /home/pinet/SLAM_AGV/workspace/install/control_msgs/share/control_msgs/cmake/ament_cmake_export_libraries-extras.cmake
[158.149s] -- Up-to-date symlink: /home/pinet/SLAM_AGV/workspace/install/control_msgs/share/control_msgs/cmake/ament_cmake_export_targets-extras.cmake
[158.151s] -- Up-to-date symlink: /home/pinet/SLAM_AGV/workspace/install/control_msgs/share/control_msgs/cmake/rosidl_cmake_export_typesupport_targets-extras.cmake
[158.152s] -- Up-to-date symlink: /home/pinet/SLAM_AGV/workspace/install/control_msgs/share/control_msgs/cmake/rosidl_cmake_export_typesupport_libraries-extras.cmake
[158.153s] -- Up-to-date symlink: /home/pinet/SLAM_AGV/workspace/install/control_msgs/share/control_msgs/cmake/control_msgsConfig.cmake
[158.155s] -- Up-to-date symlink: /home/pinet/SLAM_AGV/workspace/install/control_msgs/share/control_msgs/cmake/control_msgsConfig-version.cmake
[158.157s] -- Up-to-date symlink: /home/pinet/SLAM_AGV/workspace/install/control_msgs/share/control_msgs/package.xml
[158.161s] -- Installing: /home/pinet/SLAM_AGV/workspace/install/control_msgs/lib/libcontrol_msgs__rosidl_generator_c.so
[158.167s] -- Set runtime path of "/home/pinet/SLAM_AGV/workspace/install/control_msgs/lib/libcontrol_msgs__rosidl_generator_c.so" to ""
[158.170s] -- Installing: /home/pinet/SLAM_AGV/workspace/install/control_msgs/lib/libcontrol_msgs__rosidl_typesupport_fastrtps_c.so
[158.176s] -- Set runtime path of "/home/pinet/SLAM_AGV/workspace/install/control_msgs/lib/libcontrol_msgs__rosidl_typesupport_fastrtps_c.so" to ""
[158.180s] -- Installing: /home/pinet/SLAM_AGV/workspace/install/control_msgs/lib/libcontrol_msgs__rosidl_typesupport_fastrtps_cpp.so
[158.188s] -- Set runtime path of "/home/pinet/SLAM_AGV/workspace/install/control_msgs/lib/libcontrol_msgs__rosidl_typesupport_fastrtps_cpp.so" to ""
[158.192s] -- Installing: /home/pinet/SLAM_AGV/workspace/install/control_msgs/lib/libcontrol_msgs__rosidl_typesupport_introspection_c.so
[158.197s] -- Set runtime path of "/home/pinet/SLAM_AGV/workspace/install/control_msgs/lib/libcontrol_msgs__rosidl_typesupport_introspection_c.so" to ""
[158.200s] -- Installing: /home/pinet/SLAM_AGV/workspace/install/control_msgs/lib/libcontrol_msgs__rosidl_typesupport_c.so
[158.204s] -- Set runtime path of "/home/pinet/SLAM_AGV/workspace/install/control_msgs/lib/libcontrol_msgs__rosidl_typesupport_c.so" to ""
[158.208s] -- Installing: /home/pinet/SLAM_AGV/workspace/install/control_msgs/lib/libcontrol_msgs__rosidl_typesupport_introspection_cpp.so
[158.217s] -- Set runtime path of "/home/pinet/SLAM_AGV/workspace/install/control_msgs/lib/libcontrol_msgs__rosidl_typesupport_introspection_cpp.so" to ""
[158.220s] -- Installing: /home/pinet/SLAM_AGV/workspace/install/control_msgs/lib/libcontrol_msgs__rosidl_typesupport_cpp.so
[158.224s] -- Set runtime path of "/home/pinet/SLAM_AGV/workspace/install/control_msgs/lib/libcontrol_msgs__rosidl_typesupport_cpp.so" to ""
[158.696s] Listing '/home/pinet/SLAM_AGV/workspace/install/control_msgs/local/lib/python3.10/dist-packages/control_msgs'...
[158.697s] Compiling '/home/pinet/SLAM_AGV/workspace/install/control_msgs/local/lib/python3.10/dist-packages/control_msgs/__init__.py'...
[158.698s] Listing '/home/pinet/SLAM_AGV/workspace/install/control_msgs/local/lib/python3.10/dist-packages/control_msgs/action'...
[158.699s] Compiling '/home/pinet/SLAM_AGV/workspace/install/control_msgs/local/lib/python3.10/dist-packages/control_msgs/action/__init__.py'...
[158.700s] Compiling '/home/pinet/SLAM_AGV/workspace/install/control_msgs/local/lib/python3.10/dist-packages/control_msgs/action/_follow_joint_trajectory.py'...
[158.701s] Compiling '/home/pinet/SLAM_AGV/workspace/install/control_msgs/local/lib/python3.10/dist-packages/control_msgs/action/_gripper_command.py'...
[158.702s] Compiling '/home/pinet/SLAM_AGV/workspace/install/control_msgs/local/lib/python3.10/dist-packages/control_msgs/action/_joint_trajectory.py'...
[158.702s] Compiling '/home/pinet/SLAM_AGV/workspace/install/control_msgs/local/lib/python3.10/dist-packages/control_msgs/action/_parallel_gripper_command.py'...
[158.703s] Compiling '/home/pinet/SLAM_AGV/workspace/install/control_msgs/local/lib/python3.10/dist-packages/control_msgs/action/_point_head.py'...
[158.704s] Compiling '/home/pinet/SLAM_AGV/workspace/install/control_msgs/local/lib/python3.10/dist-packages/control_msgs/action/_single_joint_position.py'...
[158.705s] Listing '/home/pinet/SLAM_AGV/workspace/install/control_msgs/local/lib/python3.10/dist-packages/control_msgs/msg'...
[158.706s] Compiling '/home/pinet/SLAM_AGV/workspace/install/control_msgs/local/lib/python3.10/dist-packages/control_msgs/msg/__init__.py'...
[158.706s] Compiling '/home/pinet/SLAM_AGV/workspace/install/control_msgs/local/lib/python3.10/dist-packages/control_msgs/msg/_admittance_controller_state.py'...
[158.707s] Compiling '/home/pinet/SLAM_AGV/workspace/install/control_msgs/local/lib/python3.10/dist-packages/control_msgs/msg/_dynamic_interface_group_values.py'...
[158.708s] Compiling '/home/pinet/SLAM_AGV/workspace/install/control_msgs/local/lib/python3.10/dist-packages/control_msgs/msg/_dynamic_joint_state.py'...
[158.708s] Compiling '/home/pinet/SLAM_AGV/workspace/install/control_msgs/local/lib/python3.10/dist-packages/control_msgs/msg/_gripper_command.py'...
[158.709s] Compiling '/home/pinet/SLAM_AGV/workspace/install/control_msgs/local/lib/python3.10/dist-packages/control_msgs/msg/_interface_value.py'...
[158.709s] Compiling '/home/pinet/SLAM_AGV/workspace/install/control_msgs/local/lib/python3.10/dist-packages/control_msgs/msg/_joint_component_tolerance.py'...
[158.710s] Compiling '/home/pinet/SLAM_AGV/workspace/install/control_msgs/local/lib/python3.10/dist-packages/control_msgs/msg/_joint_controller_state.py'...
[158.710s] Compiling '/home/pinet/SLAM_AGV/workspace/install/control_msgs/local/lib/python3.10/dist-packages/control_msgs/msg/_joint_jog.py'...
[158.711s] Compiling '/home/pinet/SLAM_AGV/workspace/install/control_msgs/local/lib/python3.10/dist-packages/control_msgs/msg/_joint_tolerance.py'...
[158.711s] Compiling '/home/pinet/SLAM_AGV/workspace/install/control_msgs/local/lib/python3.10/dist-packages/control_msgs/msg/_joint_trajectory_controller_state.py'...
[158.712s] Compiling '/home/pinet/SLAM_AGV/workspace/install/control_msgs/local/lib/python3.10/dist-packages/control_msgs/msg/_mecanum_drive_controller_state.py'...
[158.712s] Compiling '/home/pinet/SLAM_AGV/workspace/install/control_msgs/local/lib/python3.10/dist-packages/control_msgs/msg/_multi_dof_command.py'...
[158.713s] Compiling '/home/pinet/SLAM_AGV/workspace/install/control_msgs/local/lib/python3.10/dist-packages/control_msgs/msg/_multi_dof_state_stamped.py'...
[158.714s] Compiling '/home/pinet/SLAM_AGV/workspace/install/control_msgs/local/lib/python3.10/dist-packages/control_msgs/msg/_pid_state.py'...
[158.715s] Compiling '/home/pinet/SLAM_AGV/workspace/install/control_msgs/local/lib/python3.10/dist-packages/control_msgs/msg/_single_dof_state.py'...
[158.715s] Compiling '/home/pinet/SLAM_AGV/workspace/install/control_msgs/local/lib/python3.10/dist-packages/control_msgs/msg/_single_dof_state_stamped.py'...
[158.716s] Compiling '/home/pinet/SLAM_AGV/workspace/install/control_msgs/local/lib/python3.10/dist-packages/control_msgs/msg/_steering_controller_status.py'...
[158.716s] Listing '/home/pinet/SLAM_AGV/workspace/install/control_msgs/local/lib/python3.10/dist-packages/control_msgs/srv'...
[158.717s] Compiling '/home/pinet/SLAM_AGV/workspace/install/control_msgs/local/lib/python3.10/dist-packages/control_msgs/srv/__init__.py'...
[158.718s] Compiling '/home/pinet/SLAM_AGV/workspace/install/control_msgs/local/lib/python3.10/dist-packages/control_msgs/srv/_query_calibration_state.py'...
[158.718s] Compiling '/home/pinet/SLAM_AGV/workspace/install/control_msgs/local/lib/python3.10/dist-packages/control_msgs/srv/_query_trajectory_state.py'...
[158.724s] -- Installing: /home/pinet/SLAM_AGV/workspace/install/control_msgs/lib/libcontrol_msgs__rosidl_generator_py.so
[158.730s] -- Set runtime path of "/home/pinet/SLAM_AGV/workspace/install/control_msgs/lib/libcontrol_msgs__rosidl_generator_py.so" to ""
[158.731s] -- Installing: /home/pinet/SLAM_AGV/workspace/install/control_msgs/share/control_msgs/cmake/export_control_msgs__rosidl_generator_cExport.cmake
[158.733s] -- Installing: /home/pinet/SLAM_AGV/workspace/install/control_msgs/share/control_msgs/cmake/export_control_msgs__rosidl_generator_cExport-noconfig.cmake
[158.736s] -- Installing: /home/pinet/SLAM_AGV/workspace/install/control_msgs/share/control_msgs/cmake/export_control_msgs__rosidl_typesupport_fastrtps_cExport.cmake
[158.738s] -- Installing: /home/pinet/SLAM_AGV/workspace/install/control_msgs/share/control_msgs/cmake/export_control_msgs__rosidl_typesupport_fastrtps_cExport-noconfig.cmake
[158.741s] -- Installing: /home/pinet/SLAM_AGV/workspace/install/control_msgs/share/control_msgs/cmake/export_control_msgs__rosidl_generator_cppExport.cmake
[158.744s] -- Installing: /home/pinet/SLAM_AGV/workspace/install/control_msgs/share/control_msgs/cmake/export_control_msgs__rosidl_typesupport_fastrtps_cppExport.cmake
[158.745s] -- Installing: /home/pinet/SLAM_AGV/workspace/install/control_msgs/share/control_msgs/cmake/export_control_msgs__rosidl_typesupport_fastrtps_cppExport-noconfig.cmake
[158.748s] -- Installing: /home/pinet/SLAM_AGV/workspace/install/control_msgs/share/control_msgs/cmake/control_msgs__rosidl_typesupport_introspection_cExport.cmake
[158.749s] -- Installing: /home/pinet/SLAM_AGV/workspace/install/control_msgs/share/control_msgs/cmake/control_msgs__rosidl_typesupport_introspection_cExport-noconfig.cmake
[158.752s] -- Installing: /home/pinet/SLAM_AGV/workspace/install/control_msgs/share/control_msgs/cmake/control_msgs__rosidl_typesupport_cExport.cmake
[158.754s] -- Installing: /home/pinet/SLAM_AGV/workspace/install/control_msgs/share/control_msgs/cmake/control_msgs__rosidl_typesupport_cExport-noconfig.cmake
[158.756s] -- Installing: /home/pinet/SLAM_AGV/workspace/install/control_msgs/share/control_msgs/cmake/control_msgs__rosidl_typesupport_introspection_cppExport.cmake
[158.758s] -- Installing: /home/pinet/SLAM_AGV/workspace/install/control_msgs/share/control_msgs/cmake/control_msgs__rosidl_typesupport_introspection_cppExport-noconfig.cmake
[158.760s] -- Installing: /home/pinet/SLAM_AGV/workspace/install/control_msgs/share/control_msgs/cmake/control_msgs__rosidl_typesupport_cppExport.cmake
[158.762s] -- Installing: /home/pinet/SLAM_AGV/workspace/install/control_msgs/share/control_msgs/cmake/control_msgs__rosidl_typesupport_cppExport-noconfig.cmake
[158.764s] -- Installing: /home/pinet/SLAM_AGV/workspace/install/control_msgs/share/control_msgs/cmake/export_control_msgs__rosidl_generator_pyExport.cmake
[158.766s] -- Installing: /home/pinet/SLAM_AGV/workspace/install/control_msgs/share/control_msgs/cmake/export_control_msgs__rosidl_generator_pyExport-noconfig.cmake
[158.774s] Invoked command in '/home/pinet/SLAM_AGV/workspace/build/control_msgs' returned '0': CMAKE_PREFIX_PATH=/opt/ros/humble /usr/bin/cmake --install /home/pinet/SLAM_AGV/workspace/build/control_msgs
