[0.426s] DEBUG:colcon:Command line arguments: ['/usr/bin/colcon', 'build', '--symlink-install', '--executor', 'sequential']
[0.426s] DEBUG:colcon:Parsed command line arguments: Namespace(log_base=None, log_level=None, verb_name='build', build_base='build', install_base='install', merge_install=False, symlink_install=True, test_result_base=None, continue_on_error=False, executor='sequential', parallel_workers=4, event_handlers=None, ignore_user_meta=False, metas=['./colcon.meta'], base_paths=['.'], packages_ignore=None, packages_ignore_regex=None, paths=None, packages_up_to=None, packages_up_to_regex=None, packages_above=None, packages_above_and_dependencies=None, packages_above_depth=None, packages_select_by_dep=None, packages_skip_by_dep=None, packages_skip_up_to=None, packages_select_build_failed=False, packages_skip_build_finished=False, packages_select_test_failures=False, packages_skip_test_passed=False, packages_select=None, packages_skip=None, packages_select_regex=None, packages_skip_regex=None, packages_start=None, packages_end=None, allow_overriding=[], cmake_args=None, cmake_target=None, cmake_target_skip_unavailable=False, cmake_clean_cache=False, cmake_clean_first=False, cmake_force_configure=False, ament_cmake_args=None, catkin_cmake_args=None, catkin_skip_building_tests=False, mixin_files=None, mixin=None, verb_parser=<colcon_mixin.mixin.mixin_argument.MixinArgumentDecorator object at 0xffffbb267610>, verb_extension=<colcon_core.verb.build.BuildVerb object at 0xffffbb3cc5e0>, main=<bound method BuildVerb.main of <colcon_core.verb.build.BuildVerb object at 0xffffbb3cc5e0>>, mixin_verb=('build',))
[1.062s] Level 1:colcon.colcon_core.package_discovery:discover_packages(colcon_meta) check parameters
[1.063s] Level 1:colcon.colcon_core.package_discovery:discover_packages(recursive) check parameters
[1.063s] Level 1:colcon.colcon_core.package_discovery:discover_packages(ignore) check parameters
[1.063s] Level 1:colcon.colcon_core.package_discovery:discover_packages(path) check parameters
[1.063s] Level 1:colcon.colcon_core.package_discovery:discover_packages(colcon_meta) discover
[1.063s] Level 1:colcon.colcon_core.package_discovery:discover_packages(recursive) discover
[1.063s] INFO:colcon.colcon_core.package_discovery:Crawling recursively for packages in '/home/pinet/SLAM_AGV/workspace'
[1.064s] Level 1:colcon.colcon_core.package_identification:_identify(.) by extensions ['ignore', 'ignore_ament_install']
[1.064s] Level 1:colcon.colcon_core.package_identification:_identify(.) by extension 'ignore'
[1.064s] Level 1:colcon.colcon_core.package_identification:_identify(.) by extension 'ignore_ament_install'
[1.064s] Level 1:colcon.colcon_core.package_identification:_identify(.) by extensions ['colcon_pkg']
[1.065s] Level 1:colcon.colcon_core.package_identification:_identify(.) by extension 'colcon_pkg'
[1.065s] Level 1:colcon.colcon_core.package_identification:_identify(.) by extensions ['colcon_meta']
[1.065s] Level 1:colcon.colcon_core.package_identification:_identify(.) by extension 'colcon_meta'
[1.065s] Level 1:colcon.colcon_core.package_identification:_identify(.) by extensions ['ros']
[1.065s] Level 1:colcon.colcon_core.package_identification:_identify(.) by extension 'ros'
[1.113s] Level 1:colcon.colcon_core.package_identification:_identify(.) by extensions ['cmake', 'python']
[1.113s] Level 1:colcon.colcon_core.package_identification:_identify(.) by extension 'cmake'
[1.113s] Level 1:colcon.colcon_core.package_identification:_identify(.) by extension 'python'
[1.113s] Level 1:colcon.colcon_core.package_identification:_identify(.) by extensions ['python_setup_py']
[1.114s] Level 1:colcon.colcon_core.package_identification:_identify(.) by extension 'python_setup_py'
[1.114s] Level 1:colcon.colcon_core.package_identification:_identify(build) by extensions ['ignore', 'ignore_ament_install']
[1.115s] Level 1:colcon.colcon_core.package_identification:_identify(build) by extension 'ignore'
[1.115s] Level 1:colcon.colcon_core.package_identification:_identify(build) ignored
[1.115s] Level 1:colcon.colcon_core.package_identification:_identify(install) by extensions ['ignore', 'ignore_ament_install']
[1.116s] Level 1:colcon.colcon_core.package_identification:_identify(install) by extension 'ignore'
[1.116s] Level 1:colcon.colcon_core.package_identification:_identify(install) ignored
[1.117s] Level 1:colcon.colcon_core.package_identification:_identify(log) by extensions ['ignore', 'ignore_ament_install']
[1.117s] Level 1:colcon.colcon_core.package_identification:_identify(log) by extension 'ignore'
[1.117s] Level 1:colcon.colcon_core.package_identification:_identify(log) ignored
[1.118s] Level 1:colcon.colcon_core.package_identification:_identify(src) by extensions ['ignore', 'ignore_ament_install']
[1.118s] Level 1:colcon.colcon_core.package_identification:_identify(src) by extension 'ignore'
[1.118s] Level 1:colcon.colcon_core.package_identification:_identify(src) by extension 'ignore_ament_install'
[1.118s] Level 1:colcon.colcon_core.package_identification:_identify(src) by extensions ['colcon_pkg']
[1.119s] Level 1:colcon.colcon_core.package_identification:_identify(src) by extension 'colcon_pkg'
[1.119s] Level 1:colcon.colcon_core.package_identification:_identify(src) by extensions ['colcon_meta']
[1.119s] Level 1:colcon.colcon_core.package_identification:_identify(src) by extension 'colcon_meta'
[1.119s] Level 1:colcon.colcon_core.package_identification:_identify(src) by extensions ['ros']
[1.119s] Level 1:colcon.colcon_core.package_identification:_identify(src) by extension 'ros'
[1.119s] Level 1:colcon.colcon_core.package_identification:_identify(src) by extensions ['cmake', 'python']
[1.120s] Level 1:colcon.colcon_core.package_identification:_identify(src) by extension 'cmake'
[1.120s] Level 1:colcon.colcon_core.package_identification:_identify(src) by extension 'python'
[1.120s] Level 1:colcon.colcon_core.package_identification:_identify(src) by extensions ['python_setup_py']
[1.120s] Level 1:colcon.colcon_core.package_identification:_identify(src) by extension 'python_setup_py'
[1.120s] Level 1:colcon.colcon_core.package_identification:_identify(src/build) by extensions ['ignore', 'ignore_ament_install']
[1.121s] Level 1:colcon.colcon_core.package_identification:_identify(src/build) by extension 'ignore'
[1.121s] Level 1:colcon.colcon_core.package_identification:_identify(src/build) ignored
[1.121s] Level 1:colcon.colcon_core.package_identification:_identify(src/columbus) by extensions ['ignore', 'ignore_ament_install']
[1.122s] Level 1:colcon.colcon_core.package_identification:_identify(src/columbus) by extension 'ignore'
[1.122s] Level 1:colcon.colcon_core.package_identification:_identify(src/columbus) by extension 'ignore_ament_install'
[1.122s] Level 1:colcon.colcon_core.package_identification:_identify(src/columbus) by extensions ['colcon_pkg']
[1.122s] Level 1:colcon.colcon_core.package_identification:_identify(src/columbus) by extension 'colcon_pkg'
[1.122s] Level 1:colcon.colcon_core.package_identification:_identify(src/columbus) by extensions ['colcon_meta']
[1.122s] Level 1:colcon.colcon_core.package_identification:_identify(src/columbus) by extension 'colcon_meta'
[1.123s] Level 1:colcon.colcon_core.package_identification:_identify(src/columbus) by extensions ['ros']
[1.123s] Level 1:colcon.colcon_core.package_identification:_identify(src/columbus) by extension 'ros'
[1.131s] DEBUG:colcon.colcon_core.package_identification:Package 'src/columbus' with type 'ros.ament_cmake' and name 'columbus'
[1.131s] Level 1:colcon.colcon_core.package_identification:_identify(src/control_msgs) by extensions ['ignore', 'ignore_ament_install']
[1.132s] Level 1:colcon.colcon_core.package_identification:_identify(src/control_msgs) by extension 'ignore'
[1.132s] Level 1:colcon.colcon_core.package_identification:_identify(src/control_msgs) by extension 'ignore_ament_install'
[1.132s] Level 1:colcon.colcon_core.package_identification:_identify(src/control_msgs) by extensions ['colcon_pkg']
[1.132s] Level 1:colcon.colcon_core.package_identification:_identify(src/control_msgs) by extension 'colcon_pkg'
[1.132s] Level 1:colcon.colcon_core.package_identification:_identify(src/control_msgs) by extensions ['colcon_meta']
[1.133s] Level 1:colcon.colcon_core.package_identification:_identify(src/control_msgs) by extension 'colcon_meta'
[1.133s] Level 1:colcon.colcon_core.package_identification:_identify(src/control_msgs) by extensions ['ros']
[1.133s] Level 1:colcon.colcon_core.package_identification:_identify(src/control_msgs) by extension 'ros'
[1.133s] Level 1:colcon.colcon_core.package_identification:_identify(src/control_msgs) by extensions ['cmake', 'python']
[1.133s] Level 1:colcon.colcon_core.package_identification:_identify(src/control_msgs) by extension 'cmake'
[1.134s] Level 1:colcon.colcon_core.package_identification:_identify(src/control_msgs) by extension 'python'
[1.134s] Level 1:colcon.colcon_core.package_identification:_identify(src/control_msgs) by extensions ['python_setup_py']
[1.134s] Level 1:colcon.colcon_core.package_identification:_identify(src/control_msgs) by extension 'python_setup_py'
[1.134s] Level 1:colcon.colcon_core.package_identification:_identify(src/control_msgs/control_msgs) by extensions ['ignore', 'ignore_ament_install']
[1.135s] Level 1:colcon.colcon_core.package_identification:_identify(src/control_msgs/control_msgs) by extension 'ignore'
[1.135s] Level 1:colcon.colcon_core.package_identification:_identify(src/control_msgs/control_msgs) by extension 'ignore_ament_install'
[1.135s] Level 1:colcon.colcon_core.package_identification:_identify(src/control_msgs/control_msgs) by extensions ['colcon_pkg']
[1.135s] Level 1:colcon.colcon_core.package_identification:_identify(src/control_msgs/control_msgs) by extension 'colcon_pkg'
[1.135s] Level 1:colcon.colcon_core.package_identification:_identify(src/control_msgs/control_msgs) by extensions ['colcon_meta']
[1.135s] Level 1:colcon.colcon_core.package_identification:_identify(src/control_msgs/control_msgs) by extension 'colcon_meta'
[1.136s] Level 1:colcon.colcon_core.package_identification:_identify(src/control_msgs/control_msgs) by extensions ['ros']
[1.136s] Level 1:colcon.colcon_core.package_identification:_identify(src/control_msgs/control_msgs) by extension 'ros'
[1.140s] DEBUG:colcon.colcon_core.package_identification:Package 'src/control_msgs/control_msgs' with type 'ros.ament_cmake' and name 'control_msgs'
[1.141s] Level 1:colcon.colcon_core.package_identification:_identify(src/install) by extensions ['ignore', 'ignore_ament_install']
[1.141s] Level 1:colcon.colcon_core.package_identification:_identify(src/install) by extension 'ignore'
[1.141s] Level 1:colcon.colcon_core.package_identification:_identify(src/install) ignored
[1.142s] Level 1:colcon.colcon_core.package_identification:_identify(src/joy_tester) by extensions ['ignore', 'ignore_ament_install']
[1.142s] Level 1:colcon.colcon_core.package_identification:_identify(src/joy_tester) by extension 'ignore'
[1.142s] Level 1:colcon.colcon_core.package_identification:_identify(src/joy_tester) by extension 'ignore_ament_install'
[1.143s] Level 1:colcon.colcon_core.package_identification:_identify(src/joy_tester) by extensions ['colcon_pkg']
[1.143s] Level 1:colcon.colcon_core.package_identification:_identify(src/joy_tester) by extension 'colcon_pkg'
[1.143s] Level 1:colcon.colcon_core.package_identification:_identify(src/joy_tester) by extensions ['colcon_meta']
[1.143s] Level 1:colcon.colcon_core.package_identification:_identify(src/joy_tester) by extension 'colcon_meta'
[1.143s] Level 1:colcon.colcon_core.package_identification:_identify(src/joy_tester) by extensions ['ros']
[1.143s] Level 1:colcon.colcon_core.package_identification:_identify(src/joy_tester) by extension 'ros'
[1.146s] DEBUG:colcon.colcon_core.package_identification:Package 'src/joy_tester' with type 'ros.ament_python' and name 'joy_tester'
[1.147s] Level 1:colcon.colcon_core.package_identification:_identify(src/log) by extensions ['ignore', 'ignore_ament_install']
[1.147s] Level 1:colcon.colcon_core.package_identification:_identify(src/log) by extension 'ignore'
[1.147s] Level 1:colcon.colcon_core.package_identification:_identify(src/log) ignored
[1.148s] Level 1:colcon.colcon_core.package_identification:_identify(src/pi2stm_comms) by extensions ['ignore', 'ignore_ament_install']
[1.148s] Level 1:colcon.colcon_core.package_identification:_identify(src/pi2stm_comms) by extension 'ignore'
[1.148s] Level 1:colcon.colcon_core.package_identification:_identify(src/pi2stm_comms) by extension 'ignore_ament_install'
[1.148s] Level 1:colcon.colcon_core.package_identification:_identify(src/pi2stm_comms) by extensions ['colcon_pkg']
[1.149s] Level 1:colcon.colcon_core.package_identification:_identify(src/pi2stm_comms) by extension 'colcon_pkg'
[1.149s] Level 1:colcon.colcon_core.package_identification:_identify(src/pi2stm_comms) by extensions ['colcon_meta']
[1.149s] Level 1:colcon.colcon_core.package_identification:_identify(src/pi2stm_comms) by extension 'colcon_meta'
[1.149s] Level 1:colcon.colcon_core.package_identification:_identify(src/pi2stm_comms) by extensions ['ros']
[1.149s] Level 1:colcon.colcon_core.package_identification:_identify(src/pi2stm_comms) by extension 'ros'
[1.151s] DEBUG:colcon.colcon_core.package_identification:Package 'src/pi2stm_comms' with type 'ros.ament_python' and name 'pi2stm_comms'
[1.152s] Level 1:colcon.colcon_core.package_identification:_identify(src/ros2_control) by extensions ['ignore', 'ignore_ament_install']
[1.152s] Level 1:colcon.colcon_core.package_identification:_identify(src/ros2_control) by extension 'ignore'
[1.153s] Level 1:colcon.colcon_core.package_identification:_identify(src/ros2_control) by extension 'ignore_ament_install'
[1.153s] Level 1:colcon.colcon_core.package_identification:_identify(src/ros2_control) by extensions ['colcon_pkg']
[1.153s] Level 1:colcon.colcon_core.package_identification:_identify(src/ros2_control) by extension 'colcon_pkg'
[1.153s] Level 1:colcon.colcon_core.package_identification:_identify(src/ros2_control) by extensions ['colcon_meta']
[1.153s] Level 1:colcon.colcon_core.package_identification:_identify(src/ros2_control) by extension 'colcon_meta'
[1.153s] Level 1:colcon.colcon_core.package_identification:_identify(src/ros2_control) by extensions ['ros']
[1.154s] Level 1:colcon.colcon_core.package_identification:_identify(src/ros2_control) by extension 'ros'
[1.154s] Level 1:colcon.colcon_core.package_identification:_identify(src/ros2_control) by extensions ['cmake', 'python']
[1.154s] Level 1:colcon.colcon_core.package_identification:_identify(src/ros2_control) by extension 'cmake'
[1.154s] Level 1:colcon.colcon_core.package_identification:_identify(src/ros2_control) by extension 'python'
[1.154s] Level 1:colcon.colcon_core.package_identification:_identify(src/ros2_control) by extensions ['python_setup_py']
[1.154s] Level 1:colcon.colcon_core.package_identification:_identify(src/ros2_control) by extension 'python_setup_py'
[1.155s] Level 1:colcon.colcon_core.package_identification:_identify(src/ros2_control/controller_interface) by extensions ['ignore', 'ignore_ament_install']
[1.155s] Level 1:colcon.colcon_core.package_identification:_identify(src/ros2_control/controller_interface) by extension 'ignore'
[1.155s] Level 1:colcon.colcon_core.package_identification:_identify(src/ros2_control/controller_interface) by extension 'ignore_ament_install'
[1.156s] Level 1:colcon.colcon_core.package_identification:_identify(src/ros2_control/controller_interface) by extensions ['colcon_pkg']
[1.156s] Level 1:colcon.colcon_core.package_identification:_identify(src/ros2_control/controller_interface) by extension 'colcon_pkg'
[1.156s] Level 1:colcon.colcon_core.package_identification:_identify(src/ros2_control/controller_interface) by extensions ['colcon_meta']
[1.156s] Level 1:colcon.colcon_core.package_identification:_identify(src/ros2_control/controller_interface) by extension 'colcon_meta'
[1.156s] Level 1:colcon.colcon_core.package_identification:_identify(src/ros2_control/controller_interface) by extensions ['ros']
[1.156s] Level 1:colcon.colcon_core.package_identification:_identify(src/ros2_control/controller_interface) by extension 'ros'
[1.159s] DEBUG:colcon.colcon_core.package_identification:Package 'src/ros2_control/controller_interface' with type 'ros.ament_cmake' and name 'controller_interface'
[1.160s] Level 1:colcon.colcon_core.package_identification:_identify(src/ros2_control/controller_manager) by extensions ['ignore', 'ignore_ament_install']
[1.160s] Level 1:colcon.colcon_core.package_identification:_identify(src/ros2_control/controller_manager) by extension 'ignore'
[1.160s] Level 1:colcon.colcon_core.package_identification:_identify(src/ros2_control/controller_manager) by extension 'ignore_ament_install'
[1.160s] Level 1:colcon.colcon_core.package_identification:_identify(src/ros2_control/controller_manager) by extensions ['colcon_pkg']
[1.161s] Level 1:colcon.colcon_core.package_identification:_identify(src/ros2_control/controller_manager) by extension 'colcon_pkg'
[1.161s] Level 1:colcon.colcon_core.package_identification:_identify(src/ros2_control/controller_manager) by extensions ['colcon_meta']
[1.161s] Level 1:colcon.colcon_core.package_identification:_identify(src/ros2_control/controller_manager) by extension 'colcon_meta'
[1.161s] Level 1:colcon.colcon_core.package_identification:_identify(src/ros2_control/controller_manager) by extensions ['ros']
[1.161s] Level 1:colcon.colcon_core.package_identification:_identify(src/ros2_control/controller_manager) by extension 'ros'
[1.168s] DEBUG:colcon.colcon_core.package_identification:Package 'src/ros2_control/controller_manager' with type 'ros.ament_cmake' and name 'controller_manager'
[1.169s] Level 1:colcon.colcon_core.package_identification:_identify(src/ros2_control/controller_manager_msgs) by extensions ['ignore', 'ignore_ament_install']
[1.169s] Level 1:colcon.colcon_core.package_identification:_identify(src/ros2_control/controller_manager_msgs) by extension 'ignore'
[1.169s] Level 1:colcon.colcon_core.package_identification:_identify(src/ros2_control/controller_manager_msgs) by extension 'ignore_ament_install'
[1.169s] Level 1:colcon.colcon_core.package_identification:_identify(src/ros2_control/controller_manager_msgs) by extensions ['colcon_pkg']
[1.170s] Level 1:colcon.colcon_core.package_identification:_identify(src/ros2_control/controller_manager_msgs) by extension 'colcon_pkg'
[1.170s] Level 1:colcon.colcon_core.package_identification:_identify(src/ros2_control/controller_manager_msgs) by extensions ['colcon_meta']
[1.170s] Level 1:colcon.colcon_core.package_identification:_identify(src/ros2_control/controller_manager_msgs) by extension 'colcon_meta'
[1.170s] Level 1:colcon.colcon_core.package_identification:_identify(src/ros2_control/controller_manager_msgs) by extensions ['ros']
[1.170s] Level 1:colcon.colcon_core.package_identification:_identify(src/ros2_control/controller_manager_msgs) by extension 'ros'
[1.173s] DEBUG:colcon.colcon_core.package_identification:Package 'src/ros2_control/controller_manager_msgs' with type 'ros.ament_cmake' and name 'controller_manager_msgs'
[1.173s] Level 1:colcon.colcon_core.package_identification:_identify(src/ros2_control/doc) by extensions ['ignore', 'ignore_ament_install']
[1.174s] Level 1:colcon.colcon_core.package_identification:_identify(src/ros2_control/doc) by extension 'ignore'
[1.174s] Level 1:colcon.colcon_core.package_identification:_identify(src/ros2_control/doc) by extension 'ignore_ament_install'
[1.174s] Level 1:colcon.colcon_core.package_identification:_identify(src/ros2_control/doc) by extensions ['colcon_pkg']
[1.174s] Level 1:colcon.colcon_core.package_identification:_identify(src/ros2_control/doc) by extension 'colcon_pkg'
[1.174s] Level 1:colcon.colcon_core.package_identification:_identify(src/ros2_control/doc) by extensions ['colcon_meta']
[1.174s] Level 1:colcon.colcon_core.package_identification:_identify(src/ros2_control/doc) by extension 'colcon_meta'
[1.175s] Level 1:colcon.colcon_core.package_identification:_identify(src/ros2_control/doc) by extensions ['ros']
[1.175s] Level 1:colcon.colcon_core.package_identification:_identify(src/ros2_control/doc) by extension 'ros'
[1.175s] Level 1:colcon.colcon_core.package_identification:_identify(src/ros2_control/doc) by extensions ['cmake', 'python']
[1.175s] Level 1:colcon.colcon_core.package_identification:_identify(src/ros2_control/doc) by extension 'cmake'
[1.176s] Level 1:colcon.colcon_core.package_identification:_identify(src/ros2_control/doc) by extension 'python'
[1.176s] Level 1:colcon.colcon_core.package_identification:_identify(src/ros2_control/doc) by extensions ['python_setup_py']
[1.176s] Level 1:colcon.colcon_core.package_identification:_identify(src/ros2_control/doc) by extension 'python_setup_py'
[1.176s] Level 1:colcon.colcon_core.package_identification:_identify(src/ros2_control/hardware_interface) by extensions ['ignore', 'ignore_ament_install']
[1.177s] Level 1:colcon.colcon_core.package_identification:_identify(src/ros2_control/hardware_interface) by extension 'ignore'
[1.177s] Level 1:colcon.colcon_core.package_identification:_identify(src/ros2_control/hardware_interface) by extension 'ignore_ament_install'
[1.177s] Level 1:colcon.colcon_core.package_identification:_identify(src/ros2_control/hardware_interface) by extensions ['colcon_pkg']
[1.177s] Level 1:colcon.colcon_core.package_identification:_identify(src/ros2_control/hardware_interface) by extension 'colcon_pkg'
[1.177s] Level 1:colcon.colcon_core.package_identification:_identify(src/ros2_control/hardware_interface) by extensions ['colcon_meta']
[1.177s] Level 1:colcon.colcon_core.package_identification:_identify(src/ros2_control/hardware_interface) by extension 'colcon_meta'
[1.178s] Level 1:colcon.colcon_core.package_identification:_identify(src/ros2_control/hardware_interface) by extensions ['ros']
[1.178s] Level 1:colcon.colcon_core.package_identification:_identify(src/ros2_control/hardware_interface) by extension 'ros'
[1.181s] DEBUG:colcon.colcon_core.package_identification:Package 'src/ros2_control/hardware_interface' with type 'ros.ament_cmake' and name 'hardware_interface'
[1.182s] Level 1:colcon.colcon_core.package_identification:_identify(src/ros2_control/hardware_interface_testing) by extensions ['ignore', 'ignore_ament_install']
[1.182s] Level 1:colcon.colcon_core.package_identification:_identify(src/ros2_control/hardware_interface_testing) by extension 'ignore'
[1.183s] Level 1:colcon.colcon_core.package_identification:_identify(src/ros2_control/hardware_interface_testing) by extension 'ignore_ament_install'
[1.183s] Level 1:colcon.colcon_core.package_identification:_identify(src/ros2_control/hardware_interface_testing) by extensions ['colcon_pkg']
[1.183s] Level 1:colcon.colcon_core.package_identification:_identify(src/ros2_control/hardware_interface_testing) by extension 'colcon_pkg'
[1.183s] Level 1:colcon.colcon_core.package_identification:_identify(src/ros2_control/hardware_interface_testing) by extensions ['colcon_meta']
[1.183s] Level 1:colcon.colcon_core.package_identification:_identify(src/ros2_control/hardware_interface_testing) by extension 'colcon_meta'
[1.184s] Level 1:colcon.colcon_core.package_identification:_identify(src/ros2_control/hardware_interface_testing) by extensions ['ros']
[1.184s] Level 1:colcon.colcon_core.package_identification:_identify(src/ros2_control/hardware_interface_testing) by extension 'ros'
[1.187s] DEBUG:colcon.colcon_core.package_identification:Package 'src/ros2_control/hardware_interface_testing' with type 'ros.ament_cmake' and name 'hardware_interface_testing'
[1.188s] Level 1:colcon.colcon_core.package_identification:_identify(src/ros2_control/joint_limits) by extensions ['ignore', 'ignore_ament_install']
[1.188s] Level 1:colcon.colcon_core.package_identification:_identify(src/ros2_control/joint_limits) by extension 'ignore'
[1.188s] Level 1:colcon.colcon_core.package_identification:_identify(src/ros2_control/joint_limits) by extension 'ignore_ament_install'
[1.189s] Level 1:colcon.colcon_core.package_identification:_identify(src/ros2_control/joint_limits) by extensions ['colcon_pkg']
[1.189s] Level 1:colcon.colcon_core.package_identification:_identify(src/ros2_control/joint_limits) by extension 'colcon_pkg'
[1.189s] Level 1:colcon.colcon_core.package_identification:_identify(src/ros2_control/joint_limits) by extensions ['colcon_meta']
[1.189s] Level 1:colcon.colcon_core.package_identification:_identify(src/ros2_control/joint_limits) by extension 'colcon_meta'
[1.189s] Level 1:colcon.colcon_core.package_identification:_identify(src/ros2_control/joint_limits) by extensions ['ros']
[1.189s] Level 1:colcon.colcon_core.package_identification:_identify(src/ros2_control/joint_limits) by extension 'ros'
[1.192s] DEBUG:colcon.colcon_core.package_identification:Package 'src/ros2_control/joint_limits' with type 'ros.ament_cmake' and name 'joint_limits'
[1.193s] Level 1:colcon.colcon_core.package_identification:_identify(src/ros2_control/joint_limits_interface) by extensions ['ignore', 'ignore_ament_install']
[1.193s] Level 1:colcon.colcon_core.package_identification:_identify(src/ros2_control/joint_limits_interface) by extension 'ignore'
[1.193s] Level 1:colcon.colcon_core.package_identification:_identify(src/ros2_control/joint_limits_interface) ignored
[1.194s] Level 1:colcon.colcon_core.package_identification:_identify(src/ros2_control/ros2_control) by extensions ['ignore', 'ignore_ament_install']
[1.194s] Level 1:colcon.colcon_core.package_identification:_identify(src/ros2_control/ros2_control) by extension 'ignore'
[1.194s] Level 1:colcon.colcon_core.package_identification:_identify(src/ros2_control/ros2_control) by extension 'ignore_ament_install'
[1.195s] Level 1:colcon.colcon_core.package_identification:_identify(src/ros2_control/ros2_control) by extensions ['colcon_pkg']
[1.195s] Level 1:colcon.colcon_core.package_identification:_identify(src/ros2_control/ros2_control) by extension 'colcon_pkg'
[1.195s] Level 1:colcon.colcon_core.package_identification:_identify(src/ros2_control/ros2_control) by extensions ['colcon_meta']
[1.195s] Level 1:colcon.colcon_core.package_identification:_identify(src/ros2_control/ros2_control) by extension 'colcon_meta'
[1.195s] Level 1:colcon.colcon_core.package_identification:_identify(src/ros2_control/ros2_control) by extensions ['ros']
[1.195s] Level 1:colcon.colcon_core.package_identification:_identify(src/ros2_control/ros2_control) by extension 'ros'
[1.198s] DEBUG:colcon.colcon_core.package_identification:Package 'src/ros2_control/ros2_control' with type 'ros.ament_cmake' and name 'ros2_control'
[1.199s] Level 1:colcon.colcon_core.package_identification:_identify(src/ros2_control/ros2_control_test_assets) by extensions ['ignore', 'ignore_ament_install']
[1.199s] Level 1:colcon.colcon_core.package_identification:_identify(src/ros2_control/ros2_control_test_assets) by extension 'ignore'
[1.199s] Level 1:colcon.colcon_core.package_identification:_identify(src/ros2_control/ros2_control_test_assets) by extension 'ignore_ament_install'
[1.199s] Level 1:colcon.colcon_core.package_identification:_identify(src/ros2_control/ros2_control_test_assets) by extensions ['colcon_pkg']
[1.200s] Level 1:colcon.colcon_core.package_identification:_identify(src/ros2_control/ros2_control_test_assets) by extension 'colcon_pkg'
[1.200s] Level 1:colcon.colcon_core.package_identification:_identify(src/ros2_control/ros2_control_test_assets) by extensions ['colcon_meta']
[1.200s] Level 1:colcon.colcon_core.package_identification:_identify(src/ros2_control/ros2_control_test_assets) by extension 'colcon_meta'
[1.200s] Level 1:colcon.colcon_core.package_identification:_identify(src/ros2_control/ros2_control_test_assets) by extensions ['ros']
[1.200s] Level 1:colcon.colcon_core.package_identification:_identify(src/ros2_control/ros2_control_test_assets) by extension 'ros'
[1.202s] DEBUG:colcon.colcon_core.package_identification:Package 'src/ros2_control/ros2_control_test_assets' with type 'ros.ament_cmake' and name 'ros2_control_test_assets'
[1.203s] Level 1:colcon.colcon_core.package_identification:_identify(src/ros2_control/ros2controlcli) by extensions ['ignore', 'ignore_ament_install']
[1.203s] Level 1:colcon.colcon_core.package_identification:_identify(src/ros2_control/ros2controlcli) by extension 'ignore'
[1.203s] Level 1:colcon.colcon_core.package_identification:_identify(src/ros2_control/ros2controlcli) by extension 'ignore_ament_install'
[1.204s] Level 1:colcon.colcon_core.package_identification:_identify(src/ros2_control/ros2controlcli) by extensions ['colcon_pkg']
[1.204s] Level 1:colcon.colcon_core.package_identification:_identify(src/ros2_control/ros2controlcli) by extension 'colcon_pkg'
[1.204s] Level 1:colcon.colcon_core.package_identification:_identify(src/ros2_control/ros2controlcli) by extensions ['colcon_meta']
[1.204s] Level 1:colcon.colcon_core.package_identification:_identify(src/ros2_control/ros2controlcli) by extension 'colcon_meta'
[1.204s] Level 1:colcon.colcon_core.package_identification:_identify(src/ros2_control/ros2controlcli) by extensions ['ros']
[1.204s] Level 1:colcon.colcon_core.package_identification:_identify(src/ros2_control/ros2controlcli) by extension 'ros'
[1.208s] DEBUG:colcon.colcon_core.package_identification:Package 'src/ros2_control/ros2controlcli' with type 'ros.ament_python' and name 'ros2controlcli'
[1.209s] Level 1:colcon.colcon_core.package_identification:_identify(src/ros2_control/rqt_controller_manager) by extensions ['ignore', 'ignore_ament_install']
[1.209s] Level 1:colcon.colcon_core.package_identification:_identify(src/ros2_control/rqt_controller_manager) by extension 'ignore'
[1.209s] Level 1:colcon.colcon_core.package_identification:_identify(src/ros2_control/rqt_controller_manager) by extension 'ignore_ament_install'
[1.210s] Level 1:colcon.colcon_core.package_identification:_identify(src/ros2_control/rqt_controller_manager) by extensions ['colcon_pkg']
[1.210s] Level 1:colcon.colcon_core.package_identification:_identify(src/ros2_control/rqt_controller_manager) by extension 'colcon_pkg'
[1.210s] Level 1:colcon.colcon_core.package_identification:_identify(src/ros2_control/rqt_controller_manager) by extensions ['colcon_meta']
[1.210s] Level 1:colcon.colcon_core.package_identification:_identify(src/ros2_control/rqt_controller_manager) by extension 'colcon_meta'
[1.210s] Level 1:colcon.colcon_core.package_identification:_identify(src/ros2_control/rqt_controller_manager) by extensions ['ros']
[1.211s] Level 1:colcon.colcon_core.package_identification:_identify(src/ros2_control/rqt_controller_manager) by extension 'ros'
[1.213s] DEBUG:colcon.colcon_core.package_identification:Package 'src/ros2_control/rqt_controller_manager' with type 'ros.ament_python' and name 'rqt_controller_manager'
[1.214s] Level 1:colcon.colcon_core.package_identification:_identify(src/ros2_control/transmission_interface) by extensions ['ignore', 'ignore_ament_install']
[1.214s] Level 1:colcon.colcon_core.package_identification:_identify(src/ros2_control/transmission_interface) by extension 'ignore'
[1.215s] Level 1:colcon.colcon_core.package_identification:_identify(src/ros2_control/transmission_interface) by extension 'ignore_ament_install'
[1.215s] Level 1:colcon.colcon_core.package_identification:_identify(src/ros2_control/transmission_interface) by extensions ['colcon_pkg']
[1.215s] Level 1:colcon.colcon_core.package_identification:_identify(src/ros2_control/transmission_interface) by extension 'colcon_pkg'
[1.215s] Level 1:colcon.colcon_core.package_identification:_identify(src/ros2_control/transmission_interface) by extensions ['colcon_meta']
[1.215s] Level 1:colcon.colcon_core.package_identification:_identify(src/ros2_control/transmission_interface) by extension 'colcon_meta'
[1.215s] Level 1:colcon.colcon_core.package_identification:_identify(src/ros2_control/transmission_interface) by extensions ['ros']
[1.216s] Level 1:colcon.colcon_core.package_identification:_identify(src/ros2_control/transmission_interface) by extension 'ros'
[1.218s] DEBUG:colcon.colcon_core.package_identification:Package 'src/ros2_control/transmission_interface' with type 'ros.ament_cmake' and name 'transmission_interface'
[1.219s] Level 1:colcon.colcon_core.package_identification:_identify(src/ros2_controllers) by extensions ['ignore', 'ignore_ament_install']
[1.220s] Level 1:colcon.colcon_core.package_identification:_identify(src/ros2_controllers) by extension 'ignore'
[1.220s] Level 1:colcon.colcon_core.package_identification:_identify(src/ros2_controllers) by extension 'ignore_ament_install'
[1.220s] Level 1:colcon.colcon_core.package_identification:_identify(src/ros2_controllers) by extensions ['colcon_pkg']
[1.220s] Level 1:colcon.colcon_core.package_identification:_identify(src/ros2_controllers) by extension 'colcon_pkg'
[1.221s] Level 1:colcon.colcon_core.package_identification:_identify(src/ros2_controllers) by extensions ['colcon_meta']
[1.221s] Level 1:colcon.colcon_core.package_identification:_identify(src/ros2_controllers) by extension 'colcon_meta'
[1.221s] Level 1:colcon.colcon_core.package_identification:_identify(src/ros2_controllers) by extensions ['ros']
[1.221s] Level 1:colcon.colcon_core.package_identification:_identify(src/ros2_controllers) by extension 'ros'
[1.221s] Level 1:colcon.colcon_core.package_identification:_identify(src/ros2_controllers) by extensions ['cmake', 'python']
[1.221s] Level 1:colcon.colcon_core.package_identification:_identify(src/ros2_controllers) by extension 'cmake'
[1.222s] Level 1:colcon.colcon_core.package_identification:_identify(src/ros2_controllers) by extension 'python'
[1.222s] Level 1:colcon.colcon_core.package_identification:_identify(src/ros2_controllers) by extensions ['python_setup_py']
[1.222s] Level 1:colcon.colcon_core.package_identification:_identify(src/ros2_controllers) by extension 'python_setup_py'
[1.223s] Level 1:colcon.colcon_core.package_identification:_identify(src/ros2_controllers/ackermann_steering_controller) by extensions ['ignore', 'ignore_ament_install']
[1.223s] Level 1:colcon.colcon_core.package_identification:_identify(src/ros2_controllers/ackermann_steering_controller) by extension 'ignore'
[1.223s] Level 1:colcon.colcon_core.package_identification:_identify(src/ros2_controllers/ackermann_steering_controller) by extension 'ignore_ament_install'
[1.223s] Level 1:colcon.colcon_core.package_identification:_identify(src/ros2_controllers/ackermann_steering_controller) by extensions ['colcon_pkg']
[1.223s] Level 1:colcon.colcon_core.package_identification:_identify(src/ros2_controllers/ackermann_steering_controller) by extension 'colcon_pkg'
[1.224s] Level 1:colcon.colcon_core.package_identification:_identify(src/ros2_controllers/ackermann_steering_controller) by extensions ['colcon_meta']
[1.224s] Level 1:colcon.colcon_core.package_identification:_identify(src/ros2_controllers/ackermann_steering_controller) by extension 'colcon_meta'
[1.224s] Level 1:colcon.colcon_core.package_identification:_identify(src/ros2_controllers/ackermann_steering_controller) by extensions ['ros']
[1.224s] Level 1:colcon.colcon_core.package_identification:_identify(src/ros2_controllers/ackermann_steering_controller) by extension 'ros'
[1.229s] DEBUG:colcon.colcon_core.package_identification:Package 'src/ros2_controllers/ackermann_steering_controller' with type 'ros.ament_cmake' and name 'ackermann_steering_controller'
[1.230s] Level 1:colcon.colcon_core.package_identification:_identify(src/ros2_controllers/admittance_controller) by extensions ['ignore', 'ignore_ament_install']
[1.230s] Level 1:colcon.colcon_core.package_identification:_identify(src/ros2_controllers/admittance_controller) by extension 'ignore'
[1.230s] Level 1:colcon.colcon_core.package_identification:_identify(src/ros2_controllers/admittance_controller) by extension 'ignore_ament_install'
[1.231s] Level 1:colcon.colcon_core.package_identification:_identify(src/ros2_controllers/admittance_controller) by extensions ['colcon_pkg']
[1.231s] Level 1:colcon.colcon_core.package_identification:_identify(src/ros2_controllers/admittance_controller) by extension 'colcon_pkg'
[1.231s] Level 1:colcon.colcon_core.package_identification:_identify(src/ros2_controllers/admittance_controller) by extensions ['colcon_meta']
[1.231s] Level 1:colcon.colcon_core.package_identification:_identify(src/ros2_controllers/admittance_controller) by extension 'colcon_meta'
[1.231s] Level 1:colcon.colcon_core.package_identification:_identify(src/ros2_controllers/admittance_controller) by extensions ['ros']
[1.231s] Level 1:colcon.colcon_core.package_identification:_identify(src/ros2_controllers/admittance_controller) by extension 'ros'
[1.239s] DEBUG:colcon.colcon_core.package_identification:Package 'src/ros2_controllers/admittance_controller' with type 'ros.ament_cmake' and name 'admittance_controller'
[1.240s] Level 1:colcon.colcon_core.package_identification:_identify(src/ros2_controllers/bicycle_steering_controller) by extensions ['ignore', 'ignore_ament_install']
[1.240s] Level 1:colcon.colcon_core.package_identification:_identify(src/ros2_controllers/bicycle_steering_controller) by extension 'ignore'
[1.241s] Level 1:colcon.colcon_core.package_identification:_identify(src/ros2_controllers/bicycle_steering_controller) by extension 'ignore_ament_install'
[1.241s] Level 1:colcon.colcon_core.package_identification:_identify(src/ros2_controllers/bicycle_steering_controller) by extensions ['colcon_pkg']
[1.241s] Level 1:colcon.colcon_core.package_identification:_identify(src/ros2_controllers/bicycle_steering_controller) by extension 'colcon_pkg'
[1.241s] Level 1:colcon.colcon_core.package_identification:_identify(src/ros2_controllers/bicycle_steering_controller) by extensions ['colcon_meta']
[1.241s] Level 1:colcon.colcon_core.package_identification:_identify(src/ros2_controllers/bicycle_steering_controller) by extension 'colcon_meta'
[1.242s] Level 1:colcon.colcon_core.package_identification:_identify(src/ros2_controllers/bicycle_steering_controller) by extensions ['ros']
[1.242s] Level 1:colcon.colcon_core.package_identification:_identify(src/ros2_controllers/bicycle_steering_controller) by extension 'ros'
[1.247s] DEBUG:colcon.colcon_core.package_identification:Package 'src/ros2_controllers/bicycle_steering_controller' with type 'ros.ament_cmake' and name 'bicycle_steering_controller'
[1.248s] Level 1:colcon.colcon_core.package_identification:_identify(src/ros2_controllers/diff_drive_controller) by extensions ['ignore', 'ignore_ament_install']
[1.248s] Level 1:colcon.colcon_core.package_identification:_identify(src/ros2_controllers/diff_drive_controller) by extension 'ignore'
[1.248s] Level 1:colcon.colcon_core.package_identification:_identify(src/ros2_controllers/diff_drive_controller) by extension 'ignore_ament_install'
[1.249s] Level 1:colcon.colcon_core.package_identification:_identify(src/ros2_controllers/diff_drive_controller) by extensions ['colcon_pkg']
[1.249s] Level 1:colcon.colcon_core.package_identification:_identify(src/ros2_controllers/diff_drive_controller) by extension 'colcon_pkg'
[1.249s] Level 1:colcon.colcon_core.package_identification:_identify(src/ros2_controllers/diff_drive_controller) by extensions ['colcon_meta']
[1.249s] Level 1:colcon.colcon_core.package_identification:_identify(src/ros2_controllers/diff_drive_controller) by extension 'colcon_meta'
[1.249s] Level 1:colcon.colcon_core.package_identification:_identify(src/ros2_controllers/diff_drive_controller) by extensions ['ros']
[1.249s] Level 1:colcon.colcon_core.package_identification:_identify(src/ros2_controllers/diff_drive_controller) by extension 'ros'
[1.255s] DEBUG:colcon.colcon_core.package_identification:Package 'src/ros2_controllers/diff_drive_controller' with type 'ros.ament_cmake' and name 'diff_drive_controller'
[1.256s] Level 1:colcon.colcon_core.package_identification:_identify(src/ros2_controllers/doc) by extensions ['ignore', 'ignore_ament_install']
[1.256s] Level 1:colcon.colcon_core.package_identification:_identify(src/ros2_controllers/doc) by extension 'ignore'
[1.256s] Level 1:colcon.colcon_core.package_identification:_identify(src/ros2_controllers/doc) by extension 'ignore_ament_install'
[1.257s] Level 1:colcon.colcon_core.package_identification:_identify(src/ros2_controllers/doc) by extensions ['colcon_pkg']
[1.257s] Level 1:colcon.colcon_core.package_identification:_identify(src/ros2_controllers/doc) by extension 'colcon_pkg'
[1.257s] Level 1:colcon.colcon_core.package_identification:_identify(src/ros2_controllers/doc) by extensions ['colcon_meta']
[1.257s] Level 1:colcon.colcon_core.package_identification:_identify(src/ros2_controllers/doc) by extension 'colcon_meta'
[1.257s] Level 1:colcon.colcon_core.package_identification:_identify(src/ros2_controllers/doc) by extensions ['ros']
[1.257s] Level 1:colcon.colcon_core.package_identification:_identify(src/ros2_controllers/doc) by extension 'ros'
[1.258s] Level 1:colcon.colcon_core.package_identification:_identify(src/ros2_controllers/doc) by extensions ['cmake', 'python']
[1.258s] Level 1:colcon.colcon_core.package_identification:_identify(src/ros2_controllers/doc) by extension 'cmake'
[1.258s] Level 1:colcon.colcon_core.package_identification:_identify(src/ros2_controllers/doc) by extension 'python'
[1.258s] Level 1:colcon.colcon_core.package_identification:_identify(src/ros2_controllers/doc) by extensions ['python_setup_py']
[1.258s] Level 1:colcon.colcon_core.package_identification:_identify(src/ros2_controllers/doc) by extension 'python_setup_py'
[1.259s] Level 1:colcon.colcon_core.package_identification:_identify(src/ros2_controllers/doc/images) by extensions ['ignore', 'ignore_ament_install']
[1.259s] Level 1:colcon.colcon_core.package_identification:_identify(src/ros2_controllers/doc/images) by extension 'ignore'
[1.259s] Level 1:colcon.colcon_core.package_identification:_identify(src/ros2_controllers/doc/images) by extension 'ignore_ament_install'
[1.260s] Level 1:colcon.colcon_core.package_identification:_identify(src/ros2_controllers/doc/images) by extensions ['colcon_pkg']
[1.260s] Level 1:colcon.colcon_core.package_identification:_identify(src/ros2_controllers/doc/images) by extension 'colcon_pkg'
[1.260s] Level 1:colcon.colcon_core.package_identification:_identify(src/ros2_controllers/doc/images) by extensions ['colcon_meta']
[1.260s] Level 1:colcon.colcon_core.package_identification:_identify(src/ros2_controllers/doc/images) by extension 'colcon_meta'
[1.260s] Level 1:colcon.colcon_core.package_identification:_identify(src/ros2_controllers/doc/images) by extensions ['ros']
[1.260s] Level 1:colcon.colcon_core.package_identification:_identify(src/ros2_controllers/doc/images) by extension 'ros'
[1.261s] Level 1:colcon.colcon_core.package_identification:_identify(src/ros2_controllers/doc/images) by extensions ['cmake', 'python']
[1.261s] Level 1:colcon.colcon_core.package_identification:_identify(src/ros2_controllers/doc/images) by extension 'cmake'
[1.261s] Level 1:colcon.colcon_core.package_identification:_identify(src/ros2_controllers/doc/images) by extension 'python'
[1.261s] Level 1:colcon.colcon_core.package_identification:_identify(src/ros2_controllers/doc/images) by extensions ['python_setup_py']
[1.261s] Level 1:colcon.colcon_core.package_identification:_identify(src/ros2_controllers/doc/images) by extension 'python_setup_py'
[1.262s] Level 1:colcon.colcon_core.package_identification:_identify(src/ros2_controllers/effort_controllers) by extensions ['ignore', 'ignore_ament_install']
[1.262s] Level 1:colcon.colcon_core.package_identification:_identify(src/ros2_controllers/effort_controllers) by extension 'ignore'
[1.262s] Level 1:colcon.colcon_core.package_identification:_identify(src/ros2_controllers/effort_controllers) by extension 'ignore_ament_install'
[1.263s] Level 1:colcon.colcon_core.package_identification:_identify(src/ros2_controllers/effort_controllers) by extensions ['colcon_pkg']
[1.263s] Level 1:colcon.colcon_core.package_identification:_identify(src/ros2_controllers/effort_controllers) by extension 'colcon_pkg'
[1.263s] Level 1:colcon.colcon_core.package_identification:_identify(src/ros2_controllers/effort_controllers) by extensions ['colcon_meta']
[1.263s] Level 1:colcon.colcon_core.package_identification:_identify(src/ros2_controllers/effort_controllers) by extension 'colcon_meta'
[1.263s] Level 1:colcon.colcon_core.package_identification:_identify(src/ros2_controllers/effort_controllers) by extensions ['ros']
[1.263s] Level 1:colcon.colcon_core.package_identification:_identify(src/ros2_controllers/effort_controllers) by extension 'ros'
[1.267s] DEBUG:colcon.colcon_core.package_identification:Package 'src/ros2_controllers/effort_controllers' with type 'ros.ament_cmake' and name 'effort_controllers'
[1.268s] Level 1:colcon.colcon_core.package_identification:_identify(src/ros2_controllers/force_torque_sensor_broadcaster) by extensions ['ignore', 'ignore_ament_install']
[1.268s] Level 1:colcon.colcon_core.package_identification:_identify(src/ros2_controllers/force_torque_sensor_broadcaster) by extension 'ignore'
[1.268s] Level 1:colcon.colcon_core.package_identification:_identify(src/ros2_controllers/force_torque_sensor_broadcaster) by extension 'ignore_ament_install'
[1.269s] Level 1:colcon.colcon_core.package_identification:_identify(src/ros2_controllers/force_torque_sensor_broadcaster) by extensions ['colcon_pkg']
[1.269s] Level 1:colcon.colcon_core.package_identification:_identify(src/ros2_controllers/force_torque_sensor_broadcaster) by extension 'colcon_pkg'
[1.269s] Level 1:colcon.colcon_core.package_identification:_identify(src/ros2_controllers/force_torque_sensor_broadcaster) by extensions ['colcon_meta']
[1.269s] Level 1:colcon.colcon_core.package_identification:_identify(src/ros2_controllers/force_torque_sensor_broadcaster) by extension 'colcon_meta'
[1.269s] Level 1:colcon.colcon_core.package_identification:_identify(src/ros2_controllers/force_torque_sensor_broadcaster) by extensions ['ros']
[1.269s] Level 1:colcon.colcon_core.package_identification:_identify(src/ros2_controllers/force_torque_sensor_broadcaster) by extension 'ros'
[1.274s] DEBUG:colcon.colcon_core.package_identification:Package 'src/ros2_controllers/force_torque_sensor_broadcaster' with type 'ros.ament_cmake' and name 'force_torque_sensor_broadcaster'
[1.275s] Level 1:colcon.colcon_core.package_identification:_identify(src/ros2_controllers/forward_command_controller) by extensions ['ignore', 'ignore_ament_install']
[1.275s] Level 1:colcon.colcon_core.package_identification:_identify(src/ros2_controllers/forward_command_controller) by extension 'ignore'
[1.276s] Level 1:colcon.colcon_core.package_identification:_identify(src/ros2_controllers/forward_command_controller) by extension 'ignore_ament_install'
[1.276s] Level 1:colcon.colcon_core.package_identification:_identify(src/ros2_controllers/forward_command_controller) by extensions ['colcon_pkg']
[1.276s] Level 1:colcon.colcon_core.package_identification:_identify(src/ros2_controllers/forward_command_controller) by extension 'colcon_pkg'
[1.276s] Level 1:colcon.colcon_core.package_identification:_identify(src/ros2_controllers/forward_command_controller) by extensions ['colcon_meta']
[1.276s] Level 1:colcon.colcon_core.package_identification:_identify(src/ros2_controllers/forward_command_controller) by extension 'colcon_meta'
[1.276s] Level 1:colcon.colcon_core.package_identification:_identify(src/ros2_controllers/forward_command_controller) by extensions ['ros']
[1.277s] Level 1:colcon.colcon_core.package_identification:_identify(src/ros2_controllers/forward_command_controller) by extension 'ros'
[1.281s] DEBUG:colcon.colcon_core.package_identification:Package 'src/ros2_controllers/forward_command_controller' with type 'ros.ament_cmake' and name 'forward_command_controller'
[1.282s] Level 1:colcon.colcon_core.package_identification:_identify(src/ros2_controllers/gpio_controllers) by extensions ['ignore', 'ignore_ament_install']
[1.282s] Level 1:colcon.colcon_core.package_identification:_identify(src/ros2_controllers/gpio_controllers) by extension 'ignore'
[1.283s] Level 1:colcon.colcon_core.package_identification:_identify(src/ros2_controllers/gpio_controllers) by extension 'ignore_ament_install'
[1.283s] Level 1:colcon.colcon_core.package_identification:_identify(src/ros2_controllers/gpio_controllers) by extensions ['colcon_pkg']
[1.283s] Level 1:colcon.colcon_core.package_identification:_identify(src/ros2_controllers/gpio_controllers) by extension 'colcon_pkg'
[1.283s] Level 1:colcon.colcon_core.package_identification:_identify(src/ros2_controllers/gpio_controllers) by extensions ['colcon_meta']
[1.283s] Level 1:colcon.colcon_core.package_identification:_identify(src/ros2_controllers/gpio_controllers) by extension 'colcon_meta'
[1.284s] Level 1:colcon.colcon_core.package_identification:_identify(src/ros2_controllers/gpio_controllers) by extensions ['ros']
[1.284s] Level 1:colcon.colcon_core.package_identification:_identify(src/ros2_controllers/gpio_controllers) by extension 'ros'
[1.288s] DEBUG:colcon.colcon_core.package_identification:Package 'src/ros2_controllers/gpio_controllers' with type 'ros.ament_cmake' and name 'gpio_controllers'
[1.289s] Level 1:colcon.colcon_core.package_identification:_identify(src/ros2_controllers/gripper_controllers) by extensions ['ignore', 'ignore_ament_install']
[1.289s] Level 1:colcon.colcon_core.package_identification:_identify(src/ros2_controllers/gripper_controllers) by extension 'ignore'
[1.290s] Level 1:colcon.colcon_core.package_identification:_identify(src/ros2_controllers/gripper_controllers) by extension 'ignore_ament_install'
[1.290s] Level 1:colcon.colcon_core.package_identification:_identify(src/ros2_controllers/gripper_controllers) by extensions ['colcon_pkg']
[1.290s] Level 1:colcon.colcon_core.package_identification:_identify(src/ros2_controllers/gripper_controllers) by extension 'colcon_pkg'
[1.290s] Level 1:colcon.colcon_core.package_identification:_identify(src/ros2_controllers/gripper_controllers) by extensions ['colcon_meta']
[1.290s] Level 1:colcon.colcon_core.package_identification:_identify(src/ros2_controllers/gripper_controllers) by extension 'colcon_meta'
[1.291s] Level 1:colcon.colcon_core.package_identification:_identify(src/ros2_controllers/gripper_controllers) by extensions ['ros']
[1.291s] Level 1:colcon.colcon_core.package_identification:_identify(src/ros2_controllers/gripper_controllers) by extension 'ros'
[1.296s] DEBUG:colcon.colcon_core.package_identification:Package 'src/ros2_controllers/gripper_controllers' with type 'ros.ament_cmake' and name 'gripper_controllers'
[1.296s] Level 1:colcon.colcon_core.package_identification:_identify(src/ros2_controllers/imu_sensor_broadcaster) by extensions ['ignore', 'ignore_ament_install']
[1.297s] Level 1:colcon.colcon_core.package_identification:_identify(src/ros2_controllers/imu_sensor_broadcaster) by extension 'ignore'
[1.297s] Level 1:colcon.colcon_core.package_identification:_identify(src/ros2_controllers/imu_sensor_broadcaster) by extension 'ignore_ament_install'
[1.297s] Level 1:colcon.colcon_core.package_identification:_identify(src/ros2_controllers/imu_sensor_broadcaster) by extensions ['colcon_pkg']
[1.297s] Level 1:colcon.colcon_core.package_identification:_identify(src/ros2_controllers/imu_sensor_broadcaster) by extension 'colcon_pkg'
[1.297s] Level 1:colcon.colcon_core.package_identification:_identify(src/ros2_controllers/imu_sensor_broadcaster) by extensions ['colcon_meta']
[1.298s] Level 1:colcon.colcon_core.package_identification:_identify(src/ros2_controllers/imu_sensor_broadcaster) by extension 'colcon_meta'
[1.298s] Level 1:colcon.colcon_core.package_identification:_identify(src/ros2_controllers/imu_sensor_broadcaster) by extensions ['ros']
[1.298s] Level 1:colcon.colcon_core.package_identification:_identify(src/ros2_controllers/imu_sensor_broadcaster) by extension 'ros'
[1.303s] DEBUG:colcon.colcon_core.package_identification:Package 'src/ros2_controllers/imu_sensor_broadcaster' with type 'ros.ament_cmake' and name 'imu_sensor_broadcaster'
[1.304s] Level 1:colcon.colcon_core.package_identification:_identify(src/ros2_controllers/joint_state_broadcaster) by extensions ['ignore', 'ignore_ament_install']
[1.304s] Level 1:colcon.colcon_core.package_identification:_identify(src/ros2_controllers/joint_state_broadcaster) by extension 'ignore'
[1.304s] Level 1:colcon.colcon_core.package_identification:_identify(src/ros2_controllers/joint_state_broadcaster) by extension 'ignore_ament_install'
[1.304s] Level 1:colcon.colcon_core.package_identification:_identify(src/ros2_controllers/joint_state_broadcaster) by extensions ['colcon_pkg']
[1.304s] Level 1:colcon.colcon_core.package_identification:_identify(src/ros2_controllers/joint_state_broadcaster) by extension 'colcon_pkg'
[1.305s] Level 1:colcon.colcon_core.package_identification:_identify(src/ros2_controllers/joint_state_broadcaster) by extensions ['colcon_meta']
[1.305s] Level 1:colcon.colcon_core.package_identification:_identify(src/ros2_controllers/joint_state_broadcaster) by extension 'colcon_meta'
[1.305s] Level 1:colcon.colcon_core.package_identification:_identify(src/ros2_controllers/joint_state_broadcaster) by extensions ['ros']
[1.305s] Level 1:colcon.colcon_core.package_identification:_identify(src/ros2_controllers/joint_state_broadcaster) by extension 'ros'
[1.311s] DEBUG:colcon.colcon_core.package_identification:Package 'src/ros2_controllers/joint_state_broadcaster' with type 'ros.ament_cmake' and name 'joint_state_broadcaster'
[1.311s] Level 1:colcon.colcon_core.package_identification:_identify(src/ros2_controllers/joint_trajectory_controller) by extensions ['ignore', 'ignore_ament_install']
[1.312s] Level 1:colcon.colcon_core.package_identification:_identify(src/ros2_controllers/joint_trajectory_controller) by extension 'ignore'
[1.312s] Level 1:colcon.colcon_core.package_identification:_identify(src/ros2_controllers/joint_trajectory_controller) by extension 'ignore_ament_install'
[1.312s] Level 1:colcon.colcon_core.package_identification:_identify(src/ros2_controllers/joint_trajectory_controller) by extensions ['colcon_pkg']
[1.312s] Level 1:colcon.colcon_core.package_identification:_identify(src/ros2_controllers/joint_trajectory_controller) by extension 'colcon_pkg'
[1.312s] Level 1:colcon.colcon_core.package_identification:_identify(src/ros2_controllers/joint_trajectory_controller) by extensions ['colcon_meta']
[1.313s] Level 1:colcon.colcon_core.package_identification:_identify(src/ros2_controllers/joint_trajectory_controller) by extension 'colcon_meta'
[1.313s] Level 1:colcon.colcon_core.package_identification:_identify(src/ros2_controllers/joint_trajectory_controller) by extensions ['ros']
[1.313s] Level 1:colcon.colcon_core.package_identification:_identify(src/ros2_controllers/joint_trajectory_controller) by extension 'ros'
[1.319s] DEBUG:colcon.colcon_core.package_identification:Package 'src/ros2_controllers/joint_trajectory_controller' with type 'ros.ament_cmake' and name 'joint_trajectory_controller'
[1.320s] Level 1:colcon.colcon_core.package_identification:_identify(src/ros2_controllers/mecanum_drive_controller) by extensions ['ignore', 'ignore_ament_install']
[1.320s] Level 1:colcon.colcon_core.package_identification:_identify(src/ros2_controllers/mecanum_drive_controller) by extension 'ignore'
[1.320s] Level 1:colcon.colcon_core.package_identification:_identify(src/ros2_controllers/mecanum_drive_controller) by extension 'ignore_ament_install'
[1.321s] Level 1:colcon.colcon_core.package_identification:_identify(src/ros2_controllers/mecanum_drive_controller) by extensions ['colcon_pkg']
[1.321s] Level 1:colcon.colcon_core.package_identification:_identify(src/ros2_controllers/mecanum_drive_controller) by extension 'colcon_pkg'
[1.321s] Level 1:colcon.colcon_core.package_identification:_identify(src/ros2_controllers/mecanum_drive_controller) by extensions ['colcon_meta']
[1.321s] Level 1:colcon.colcon_core.package_identification:_identify(src/ros2_controllers/mecanum_drive_controller) by extension 'colcon_meta'
[1.321s] Level 1:colcon.colcon_core.package_identification:_identify(src/ros2_controllers/mecanum_drive_controller) by extensions ['ros']
[1.321s] Level 1:colcon.colcon_core.package_identification:_identify(src/ros2_controllers/mecanum_drive_controller) by extension 'ros'
[1.328s] DEBUG:colcon.colcon_core.package_identification:Package 'src/ros2_controllers/mecanum_drive_controller' with type 'ros.ament_cmake' and name 'mecanum_drive_controller'
[1.329s] Level 1:colcon.colcon_core.package_identification:_identify(src/ros2_controllers/pid_controller) by extensions ['ignore', 'ignore_ament_install']
[1.329s] Level 1:colcon.colcon_core.package_identification:_identify(src/ros2_controllers/pid_controller) by extension 'ignore'
[1.329s] Level 1:colcon.colcon_core.package_identification:_identify(src/ros2_controllers/pid_controller) by extension 'ignore_ament_install'
[1.329s] Level 1:colcon.colcon_core.package_identification:_identify(src/ros2_controllers/pid_controller) by extensions ['colcon_pkg']
[1.330s] Level 1:colcon.colcon_core.package_identification:_identify(src/ros2_controllers/pid_controller) by extension 'colcon_pkg'
[1.330s] Level 1:colcon.colcon_core.package_identification:_identify(src/ros2_controllers/pid_controller) by extensions ['colcon_meta']
[1.330s] Level 1:colcon.colcon_core.package_identification:_identify(src/ros2_controllers/pid_controller) by extension 'colcon_meta'
[1.330s] Level 1:colcon.colcon_core.package_identification:_identify(src/ros2_controllers/pid_controller) by extensions ['ros']
[1.330s] Level 1:colcon.colcon_core.package_identification:_identify(src/ros2_controllers/pid_controller) by extension 'ros'
[1.336s] DEBUG:colcon.colcon_core.package_identification:Package 'src/ros2_controllers/pid_controller' with type 'ros.ament_cmake' and name 'pid_controller'
[1.337s] Level 1:colcon.colcon_core.package_identification:_identify(src/ros2_controllers/pose_broadcaster) by extensions ['ignore', 'ignore_ament_install']
[1.337s] Level 1:colcon.colcon_core.package_identification:_identify(src/ros2_controllers/pose_broadcaster) by extension 'ignore'
[1.337s] Level 1:colcon.colcon_core.package_identification:_identify(src/ros2_controllers/pose_broadcaster) by extension 'ignore_ament_install'
[1.337s] Level 1:colcon.colcon_core.package_identification:_identify(src/ros2_controllers/pose_broadcaster) by extensions ['colcon_pkg']
[1.338s] Level 1:colcon.colcon_core.package_identification:_identify(src/ros2_controllers/pose_broadcaster) by extension 'colcon_pkg'
[1.338s] Level 1:colcon.colcon_core.package_identification:_identify(src/ros2_controllers/pose_broadcaster) by extensions ['colcon_meta']
[1.338s] Level 1:colcon.colcon_core.package_identification:_identify(src/ros2_controllers/pose_broadcaster) by extension 'colcon_meta'
[1.338s] Level 1:colcon.colcon_core.package_identification:_identify(src/ros2_controllers/pose_broadcaster) by extensions ['ros']
[1.338s] Level 1:colcon.colcon_core.package_identification:_identify(src/ros2_controllers/pose_broadcaster) by extension 'ros'
[1.343s] DEBUG:colcon.colcon_core.package_identification:Package 'src/ros2_controllers/pose_broadcaster' with type 'ros.ament_cmake' and name 'pose_broadcaster'
[1.344s] Level 1:colcon.colcon_core.package_identification:_identify(src/ros2_controllers/position_controllers) by extensions ['ignore', 'ignore_ament_install']
[1.344s] Level 1:colcon.colcon_core.package_identification:_identify(src/ros2_controllers/position_controllers) by extension 'ignore'
[1.344s] Level 1:colcon.colcon_core.package_identification:_identify(src/ros2_controllers/position_controllers) by extension 'ignore_ament_install'
[1.344s] Level 1:colcon.colcon_core.package_identification:_identify(src/ros2_controllers/position_controllers) by extensions ['colcon_pkg']
[1.345s] Level 1:colcon.colcon_core.package_identification:_identify(src/ros2_controllers/position_controllers) by extension 'colcon_pkg'
[1.345s] Level 1:colcon.colcon_core.package_identification:_identify(src/ros2_controllers/position_controllers) by extensions ['colcon_meta']
[1.345s] Level 1:colcon.colcon_core.package_identification:_identify(src/ros2_controllers/position_controllers) by extension 'colcon_meta'
[1.345s] Level 1:colcon.colcon_core.package_identification:_identify(src/ros2_controllers/position_controllers) by extensions ['ros']
[1.345s] Level 1:colcon.colcon_core.package_identification:_identify(src/ros2_controllers/position_controllers) by extension 'ros'
[1.349s] DEBUG:colcon.colcon_core.package_identification:Package 'src/ros2_controllers/position_controllers' with type 'ros.ament_cmake' and name 'position_controllers'
[1.350s] Level 1:colcon.colcon_core.package_identification:_identify(src/ros2_controllers/range_sensor_broadcaster) by extensions ['ignore', 'ignore_ament_install']
[1.350s] Level 1:colcon.colcon_core.package_identification:_identify(src/ros2_controllers/range_sensor_broadcaster) by extension 'ignore'
[1.350s] Level 1:colcon.colcon_core.package_identification:_identify(src/ros2_controllers/range_sensor_broadcaster) by extension 'ignore_ament_install'
[1.351s] Level 1:colcon.colcon_core.package_identification:_identify(src/ros2_controllers/range_sensor_broadcaster) by extensions ['colcon_pkg']
[1.351s] Level 1:colcon.colcon_core.package_identification:_identify(src/ros2_controllers/range_sensor_broadcaster) by extension 'colcon_pkg'
[1.351s] Level 1:colcon.colcon_core.package_identification:_identify(src/ros2_controllers/range_sensor_broadcaster) by extensions ['colcon_meta']
[1.351s] Level 1:colcon.colcon_core.package_identification:_identify(src/ros2_controllers/range_sensor_broadcaster) by extension 'colcon_meta'
[1.351s] Level 1:colcon.colcon_core.package_identification:_identify(src/ros2_controllers/range_sensor_broadcaster) by extensions ['ros']
[1.351s] Level 1:colcon.colcon_core.package_identification:_identify(src/ros2_controllers/range_sensor_broadcaster) by extension 'ros'
[1.356s] DEBUG:colcon.colcon_core.package_identification:Package 'src/ros2_controllers/range_sensor_broadcaster' with type 'ros.ament_cmake' and name 'range_sensor_broadcaster'
[1.357s] Level 1:colcon.colcon_core.package_identification:_identify(src/ros2_controllers/ros2_controllers) by extensions ['ignore', 'ignore_ament_install']
[1.357s] Level 1:colcon.colcon_core.package_identification:_identify(src/ros2_controllers/ros2_controllers) by extension 'ignore'
[1.357s] Level 1:colcon.colcon_core.package_identification:_identify(src/ros2_controllers/ros2_controllers) by extension 'ignore_ament_install'
[1.358s] Level 1:colcon.colcon_core.package_identification:_identify(src/ros2_controllers/ros2_controllers) by extensions ['colcon_pkg']
[1.358s] Level 1:colcon.colcon_core.package_identification:_identify(src/ros2_controllers/ros2_controllers) by extension 'colcon_pkg'
[1.358s] Level 1:colcon.colcon_core.package_identification:_identify(src/ros2_controllers/ros2_controllers) by extensions ['colcon_meta']
[1.358s] Level 1:colcon.colcon_core.package_identification:_identify(src/ros2_controllers/ros2_controllers) by extension 'colcon_meta'
[1.358s] Level 1:colcon.colcon_core.package_identification:_identify(src/ros2_controllers/ros2_controllers) by extensions ['ros']
[1.358s] Level 1:colcon.colcon_core.package_identification:_identify(src/ros2_controllers/ros2_controllers) by extension 'ros'
[1.362s] DEBUG:colcon.colcon_core.package_identification:Package 'src/ros2_controllers/ros2_controllers' with type 'ros.ament_cmake' and name 'ros2_controllers'
[1.362s] Level 1:colcon.colcon_core.package_identification:_identify(src/ros2_controllers/ros2_controllers_test_nodes) by extensions ['ignore', 'ignore_ament_install']
[1.363s] Level 1:colcon.colcon_core.package_identification:_identify(src/ros2_controllers/ros2_controllers_test_nodes) by extension 'ignore'
[1.363s] Level 1:colcon.colcon_core.package_identification:_identify(src/ros2_controllers/ros2_controllers_test_nodes) by extension 'ignore_ament_install'
[1.363s] Level 1:colcon.colcon_core.package_identification:_identify(src/ros2_controllers/ros2_controllers_test_nodes) by extensions ['colcon_pkg']
[1.363s] Level 1:colcon.colcon_core.package_identification:_identify(src/ros2_controllers/ros2_controllers_test_nodes) by extension 'colcon_pkg'
[1.363s] Level 1:colcon.colcon_core.package_identification:_identify(src/ros2_controllers/ros2_controllers_test_nodes) by extensions ['colcon_meta']
[1.364s] Level 1:colcon.colcon_core.package_identification:_identify(src/ros2_controllers/ros2_controllers_test_nodes) by extension 'colcon_meta'
[1.364s] Level 1:colcon.colcon_core.package_identification:_identify(src/ros2_controllers/ros2_controllers_test_nodes) by extensions ['ros']
[1.364s] Level 1:colcon.colcon_core.package_identification:_identify(src/ros2_controllers/ros2_controllers_test_nodes) by extension 'ros'
[1.370s] DEBUG:colcon.colcon_core.package_identification:Package 'src/ros2_controllers/ros2_controllers_test_nodes' with type 'ros.ament_python' and name 'ros2_controllers_test_nodes'
[1.371s] Level 1:colcon.colcon_core.package_identification:_identify(src/ros2_controllers/rqt_joint_trajectory_controller) by extensions ['ignore', 'ignore_ament_install']
[1.371s] Level 1:colcon.colcon_core.package_identification:_identify(src/ros2_controllers/rqt_joint_trajectory_controller) by extension 'ignore'
[1.371s] Level 1:colcon.colcon_core.package_identification:_identify(src/ros2_controllers/rqt_joint_trajectory_controller) by extension 'ignore_ament_install'
[1.371s] Level 1:colcon.colcon_core.package_identification:_identify(src/ros2_controllers/rqt_joint_trajectory_controller) by extensions ['colcon_pkg']
[1.372s] Level 1:colcon.colcon_core.package_identification:_identify(src/ros2_controllers/rqt_joint_trajectory_controller) by extension 'colcon_pkg'
[1.372s] Level 1:colcon.colcon_core.package_identification:_identify(src/ros2_controllers/rqt_joint_trajectory_controller) by extensions ['colcon_meta']
[1.372s] Level 1:colcon.colcon_core.package_identification:_identify(src/ros2_controllers/rqt_joint_trajectory_controller) by extension 'colcon_meta'
[1.372s] Level 1:colcon.colcon_core.package_identification:_identify(src/ros2_controllers/rqt_joint_trajectory_controller) by extensions ['ros']
[1.372s] Level 1:colcon.colcon_core.package_identification:_identify(src/ros2_controllers/rqt_joint_trajectory_controller) by extension 'ros'
[1.375s] DEBUG:colcon.colcon_core.package_identification:Package 'src/ros2_controllers/rqt_joint_trajectory_controller' with type 'ros.ament_python' and name 'rqt_joint_trajectory_controller'
[1.376s] Level 1:colcon.colcon_core.package_identification:_identify(src/ros2_controllers/steering_controllers_library) by extensions ['ignore', 'ignore_ament_install']
[1.376s] Level 1:colcon.colcon_core.package_identification:_identify(src/ros2_controllers/steering_controllers_library) by extension 'ignore'
[1.376s] Level 1:colcon.colcon_core.package_identification:_identify(src/ros2_controllers/steering_controllers_library) by extension 'ignore_ament_install'
[1.377s] Level 1:colcon.colcon_core.package_identification:_identify(src/ros2_controllers/steering_controllers_library) by extensions ['colcon_pkg']
[1.377s] Level 1:colcon.colcon_core.package_identification:_identify(src/ros2_controllers/steering_controllers_library) by extension 'colcon_pkg'
[1.377s] Level 1:colcon.colcon_core.package_identification:_identify(src/ros2_controllers/steering_controllers_library) by extensions ['colcon_meta']
[1.377s] Level 1:colcon.colcon_core.package_identification:_identify(src/ros2_controllers/steering_controllers_library) by extension 'colcon_meta'
[1.377s] Level 1:colcon.colcon_core.package_identification:_identify(src/ros2_controllers/steering_controllers_library) by extensions ['ros']
[1.377s] Level 1:colcon.colcon_core.package_identification:_identify(src/ros2_controllers/steering_controllers_library) by extension 'ros'
[1.384s] DEBUG:colcon.colcon_core.package_identification:Package 'src/ros2_controllers/steering_controllers_library' with type 'ros.ament_cmake' and name 'steering_controllers_library'
[1.385s] Level 1:colcon.colcon_core.package_identification:_identify(src/ros2_controllers/tricycle_controller) by extensions ['ignore', 'ignore_ament_install']
[1.386s] Level 1:colcon.colcon_core.package_identification:_identify(src/ros2_controllers/tricycle_controller) by extension 'ignore'
[1.386s] Level 1:colcon.colcon_core.package_identification:_identify(src/ros2_controllers/tricycle_controller) by extension 'ignore_ament_install'
[1.386s] Level 1:colcon.colcon_core.package_identification:_identify(src/ros2_controllers/tricycle_controller) by extensions ['colcon_pkg']
[1.386s] Level 1:colcon.colcon_core.package_identification:_identify(src/ros2_controllers/tricycle_controller) by extension 'colcon_pkg'
[1.386s] Level 1:colcon.colcon_core.package_identification:_identify(src/ros2_controllers/tricycle_controller) by extensions ['colcon_meta']
[1.386s] Level 1:colcon.colcon_core.package_identification:_identify(src/ros2_controllers/tricycle_controller) by extension 'colcon_meta'
[1.387s] Level 1:colcon.colcon_core.package_identification:_identify(src/ros2_controllers/tricycle_controller) by extensions ['ros']
[1.387s] Level 1:colcon.colcon_core.package_identification:_identify(src/ros2_controllers/tricycle_controller) by extension 'ros'
[1.427s] DEBUG:colcon.colcon_core.package_identification:Package 'src/ros2_controllers/tricycle_controller' with type 'ros.ament_cmake' and name 'tricycle_controller'
[1.427s] Level 1:colcon.colcon_core.package_identification:_identify(src/ros2_controllers/tricycle_steering_controller) by extensions ['ignore', 'ignore_ament_install']
[1.428s] Level 1:colcon.colcon_core.package_identification:_identify(src/ros2_controllers/tricycle_steering_controller) by extension 'ignore'
[1.428s] Level 1:colcon.colcon_core.package_identification:_identify(src/ros2_controllers/tricycle_steering_controller) by extension 'ignore_ament_install'
[1.428s] Level 1:colcon.colcon_core.package_identification:_identify(src/ros2_controllers/tricycle_steering_controller) by extensions ['colcon_pkg']
[1.428s] Level 1:colcon.colcon_core.package_identification:_identify(src/ros2_controllers/tricycle_steering_controller) by extension 'colcon_pkg'
[1.428s] Level 1:colcon.colcon_core.package_identification:_identify(src/ros2_controllers/tricycle_steering_controller) by extensions ['colcon_meta']
[1.428s] Level 1:colcon.colcon_core.package_identification:_identify(src/ros2_controllers/tricycle_steering_controller) by extension 'colcon_meta'
[1.429s] Level 1:colcon.colcon_core.package_identification:_identify(src/ros2_controllers/tricycle_steering_controller) by extensions ['ros']
[1.429s] Level 1:colcon.colcon_core.package_identification:_identify(src/ros2_controllers/tricycle_steering_controller) by extension 'ros'
[1.434s] DEBUG:colcon.colcon_core.package_identification:Package 'src/ros2_controllers/tricycle_steering_controller' with type 'ros.ament_cmake' and name 'tricycle_steering_controller'
[1.435s] Level 1:colcon.colcon_core.package_identification:_identify(src/ros2_controllers/velocity_controllers) by extensions ['ignore', 'ignore_ament_install']
[1.435s] Level 1:colcon.colcon_core.package_identification:_identify(src/ros2_controllers/velocity_controllers) by extension 'ignore'
[1.435s] Level 1:colcon.colcon_core.package_identification:_identify(src/ros2_controllers/velocity_controllers) by extension 'ignore_ament_install'
[1.435s] Level 1:colcon.colcon_core.package_identification:_identify(src/ros2_controllers/velocity_controllers) by extensions ['colcon_pkg']
[1.435s] Level 1:colcon.colcon_core.package_identification:_identify(src/ros2_controllers/velocity_controllers) by extension 'colcon_pkg'
[1.436s] Level 1:colcon.colcon_core.package_identification:_identify(src/ros2_controllers/velocity_controllers) by extensions ['colcon_meta']
[1.436s] Level 1:colcon.colcon_core.package_identification:_identify(src/ros2_controllers/velocity_controllers) by extension 'colcon_meta'
[1.436s] Level 1:colcon.colcon_core.package_identification:_identify(src/ros2_controllers/velocity_controllers) by extensions ['ros']
[1.436s] Level 1:colcon.colcon_core.package_identification:_identify(src/ros2_controllers/velocity_controllers) by extension 'ros'
[1.440s] DEBUG:colcon.colcon_core.package_identification:Package 'src/ros2_controllers/velocity_controllers' with type 'ros.ament_cmake' and name 'velocity_controllers'
[1.441s] Level 1:colcon.colcon_core.package_identification:_identify(src/twist_converter) by extensions ['ignore', 'ignore_ament_install']
[1.441s] Level 1:colcon.colcon_core.package_identification:_identify(src/twist_converter) by extension 'ignore'
[1.441s] Level 1:colcon.colcon_core.package_identification:_identify(src/twist_converter) by extension 'ignore_ament_install'
[1.441s] Level 1:colcon.colcon_core.package_identification:_identify(src/twist_converter) by extensions ['colcon_pkg']
[1.441s] Level 1:colcon.colcon_core.package_identification:_identify(src/twist_converter) by extension 'colcon_pkg'
[1.442s] Level 1:colcon.colcon_core.package_identification:_identify(src/twist_converter) by extensions ['colcon_meta']
[1.442s] Level 1:colcon.colcon_core.package_identification:_identify(src/twist_converter) by extension 'colcon_meta'
[1.442s] Level 1:colcon.colcon_core.package_identification:_identify(src/twist_converter) by extensions ['ros']
[1.442s] Level 1:colcon.colcon_core.package_identification:_identify(src/twist_converter) by extension 'ros'
[1.444s] DEBUG:colcon.colcon_core.package_identification:Package 'src/twist_converter' with type 'ros.ament_python' and name 'twist_converter'
[1.444s] Level 1:colcon.colcon_core.package_discovery:discover_packages(recursive) using defaults
[1.444s] Level 1:colcon.colcon_core.package_discovery:discover_packages(ignore) discover
[1.444s] Level 1:colcon.colcon_core.package_discovery:discover_packages(ignore) using defaults
[1.445s] Level 1:colcon.colcon_core.package_discovery:discover_packages(path) discover
[1.445s] Level 1:colcon.colcon_core.package_discovery:discover_packages(path) using defaults
[1.607s] Level 1:colcon.colcon_core.package_discovery:discover_packages(prefix_path) check parameters
[1.607s] Level 1:colcon.colcon_core.package_discovery:discover_packages(prefix_path) discover
[1.618s] DEBUG:colcon.colcon_installed_package_information.package_discovery:Found 182 installed packages in /opt/ros/humble
[1.622s] Level 1:colcon.colcon_core.package_discovery:discover_packages(prefix_path) using defaults
[1.726s] Level 5:colcon.colcon_core.verb:set package 'columbus' build argument 'cmake_args' from command line to 'None'
[1.726s] Level 5:colcon.colcon_core.verb:set package 'columbus' build argument 'cmake_target' from command line to 'None'
[1.726s] Level 5:colcon.colcon_core.verb:set package 'columbus' build argument 'cmake_target_skip_unavailable' from command line to 'False'
[1.726s] Level 5:colcon.colcon_core.verb:set package 'columbus' build argument 'cmake_clean_cache' from command line to 'False'
[1.726s] Level 5:colcon.colcon_core.verb:set package 'columbus' build argument 'cmake_clean_first' from command line to 'False'
[1.726s] Level 5:colcon.colcon_core.verb:set package 'columbus' build argument 'cmake_force_configure' from command line to 'False'
[1.726s] Level 5:colcon.colcon_core.verb:set package 'columbus' build argument 'ament_cmake_args' from command line to 'None'
[1.727s] Level 5:colcon.colcon_core.verb:set package 'columbus' build argument 'catkin_cmake_args' from command line to 'None'
[1.727s] Level 5:colcon.colcon_core.verb:set package 'columbus' build argument 'catkin_skip_building_tests' from command line to 'False'
[1.727s] DEBUG:colcon.colcon_core.verb:Building package 'columbus' with the following arguments: {'ament_cmake_args': None, 'build_base': '/home/pinet/SLAM_AGV/workspace/build/columbus', 'catkin_cmake_args': None, 'catkin_skip_building_tests': False, 'cmake_args': None, 'cmake_clean_cache': False, 'cmake_clean_first': False, 'cmake_force_configure': False, 'cmake_target': None, 'cmake_target_skip_unavailable': False, 'install_base': '/home/pinet/SLAM_AGV/workspace/install/columbus', 'merge_install': False, 'path': '/home/pinet/SLAM_AGV/workspace/src/columbus', 'symlink_install': True, 'test_result_base': None}
[1.728s] Level 5:colcon.colcon_core.verb:set package 'control_msgs' build argument 'cmake_args' from command line to 'None'
[1.728s] Level 5:colcon.colcon_core.verb:set package 'control_msgs' build argument 'cmake_target' from command line to 'None'
[1.728s] Level 5:colcon.colcon_core.verb:set package 'control_msgs' build argument 'cmake_target_skip_unavailable' from command line to 'False'
[1.729s] Level 5:colcon.colcon_core.verb:set package 'control_msgs' build argument 'cmake_clean_cache' from command line to 'False'
[1.729s] Level 5:colcon.colcon_core.verb:set package 'control_msgs' build argument 'cmake_clean_first' from command line to 'False'
[1.729s] Level 5:colcon.colcon_core.verb:set package 'control_msgs' build argument 'cmake_force_configure' from command line to 'False'
[1.729s] Level 5:colcon.colcon_core.verb:set package 'control_msgs' build argument 'ament_cmake_args' from command line to 'None'
[1.729s] Level 5:colcon.colcon_core.verb:set package 'control_msgs' build argument 'catkin_cmake_args' from command line to 'None'
[1.729s] Level 5:colcon.colcon_core.verb:set package 'control_msgs' build argument 'catkin_skip_building_tests' from command line to 'False'
[1.729s] DEBUG:colcon.colcon_core.verb:Building package 'control_msgs' with the following arguments: {'ament_cmake_args': None, 'build_base': '/home/pinet/SLAM_AGV/workspace/build/control_msgs', 'catkin_cmake_args': None, 'catkin_skip_building_tests': False, 'cmake_args': None, 'cmake_clean_cache': False, 'cmake_clean_first': False, 'cmake_force_configure': False, 'cmake_target': None, 'cmake_target_skip_unavailable': False, 'install_base': '/home/pinet/SLAM_AGV/workspace/install/control_msgs', 'merge_install': False, 'path': '/home/pinet/SLAM_AGV/workspace/src/control_msgs/control_msgs', 'symlink_install': True, 'test_result_base': None}
[1.731s] Level 5:colcon.colcon_core.verb:set package 'controller_manager_msgs' build argument 'cmake_args' from command line to 'None'
[1.731s] Level 5:colcon.colcon_core.verb:set package 'controller_manager_msgs' build argument 'cmake_target' from command line to 'None'
[1.731s] Level 5:colcon.colcon_core.verb:set package 'controller_manager_msgs' build argument 'cmake_target_skip_unavailable' from command line to 'False'
[1.731s] Level 5:colcon.colcon_core.verb:set package 'controller_manager_msgs' build argument 'cmake_clean_cache' from command line to 'False'
[1.731s] Level 5:colcon.colcon_core.verb:set package 'controller_manager_msgs' build argument 'cmake_clean_first' from command line to 'False'
[1.731s] Level 5:colcon.colcon_core.verb:set package 'controller_manager_msgs' build argument 'cmake_force_configure' from command line to 'False'
[1.731s] Level 5:colcon.colcon_core.verb:set package 'controller_manager_msgs' build argument 'ament_cmake_args' from command line to 'None'
[1.731s] Level 5:colcon.colcon_core.verb:set package 'controller_manager_msgs' build argument 'catkin_cmake_args' from command line to 'None'
[1.731s] Level 5:colcon.colcon_core.verb:set package 'controller_manager_msgs' build argument 'catkin_skip_building_tests' from command line to 'False'
[1.732s] DEBUG:colcon.colcon_core.verb:Building package 'controller_manager_msgs' with the following arguments: {'ament_cmake_args': None, 'build_base': '/home/pinet/SLAM_AGV/workspace/build/controller_manager_msgs', 'catkin_cmake_args': None, 'catkin_skip_building_tests': False, 'cmake_args': None, 'cmake_clean_cache': False, 'cmake_clean_first': False, 'cmake_force_configure': False, 'cmake_target': None, 'cmake_target_skip_unavailable': False, 'install_base': '/home/pinet/SLAM_AGV/workspace/install/controller_manager_msgs', 'merge_install': False, 'path': '/home/pinet/SLAM_AGV/workspace/src/ros2_control/controller_manager_msgs', 'symlink_install': True, 'test_result_base': None}
[1.733s] Level 5:colcon.colcon_core.verb:set package 'joint_limits' build argument 'cmake_args' from command line to 'None'
[1.733s] Level 5:colcon.colcon_core.verb:set package 'joint_limits' build argument 'cmake_target' from command line to 'None'
[1.733s] Level 5:colcon.colcon_core.verb:set package 'joint_limits' build argument 'cmake_target_skip_unavailable' from command line to 'False'
[1.733s] Level 5:colcon.colcon_core.verb:set package 'joint_limits' build argument 'cmake_clean_cache' from command line to 'False'
[1.733s] Level 5:colcon.colcon_core.verb:set package 'joint_limits' build argument 'cmake_clean_first' from command line to 'False'
[1.733s] Level 5:colcon.colcon_core.verb:set package 'joint_limits' build argument 'cmake_force_configure' from command line to 'False'
[1.734s] Level 5:colcon.colcon_core.verb:set package 'joint_limits' build argument 'ament_cmake_args' from command line to 'None'
[1.734s] Level 5:colcon.colcon_core.verb:set package 'joint_limits' build argument 'catkin_cmake_args' from command line to 'None'
[1.734s] Level 5:colcon.colcon_core.verb:set package 'joint_limits' build argument 'catkin_skip_building_tests' from command line to 'False'
[1.734s] DEBUG:colcon.colcon_core.verb:Building package 'joint_limits' with the following arguments: {'ament_cmake_args': None, 'build_base': '/home/pinet/SLAM_AGV/workspace/build/joint_limits', 'catkin_cmake_args': None, 'catkin_skip_building_tests': False, 'cmake_args': None, 'cmake_clean_cache': False, 'cmake_clean_first': False, 'cmake_force_configure': False, 'cmake_target': None, 'cmake_target_skip_unavailable': False, 'install_base': '/home/pinet/SLAM_AGV/workspace/install/joint_limits', 'merge_install': False, 'path': '/home/pinet/SLAM_AGV/workspace/src/ros2_control/joint_limits', 'symlink_install': True, 'test_result_base': None}
[1.735s] Level 5:colcon.colcon_core.verb:set package 'joy_tester' build argument 'cmake_args' from command line to 'None'
[1.735s] Level 5:colcon.colcon_core.verb:set package 'joy_tester' build argument 'cmake_target' from command line to 'None'
[1.736s] Level 5:colcon.colcon_core.verb:set package 'joy_tester' build argument 'cmake_target_skip_unavailable' from command line to 'False'
[1.736s] Level 5:colcon.colcon_core.verb:set package 'joy_tester' build argument 'cmake_clean_cache' from command line to 'False'
[1.736s] Level 5:colcon.colcon_core.verb:set package 'joy_tester' build argument 'cmake_clean_first' from command line to 'False'
[1.736s] Level 5:colcon.colcon_core.verb:set package 'joy_tester' build argument 'cmake_force_configure' from command line to 'False'
[1.736s] Level 5:colcon.colcon_core.verb:set package 'joy_tester' build argument 'ament_cmake_args' from command line to 'None'
[1.736s] Level 5:colcon.colcon_core.verb:set package 'joy_tester' build argument 'catkin_cmake_args' from command line to 'None'
[1.736s] Level 5:colcon.colcon_core.verb:set package 'joy_tester' build argument 'catkin_skip_building_tests' from command line to 'False'
[1.736s] DEBUG:colcon.colcon_core.verb:Building package 'joy_tester' with the following arguments: {'ament_cmake_args': None, 'build_base': '/home/pinet/SLAM_AGV/workspace/build/joy_tester', 'catkin_cmake_args': None, 'catkin_skip_building_tests': False, 'cmake_args': None, 'cmake_clean_cache': False, 'cmake_clean_first': False, 'cmake_force_configure': False, 'cmake_target': None, 'cmake_target_skip_unavailable': False, 'install_base': '/home/pinet/SLAM_AGV/workspace/install/joy_tester', 'merge_install': False, 'path': '/home/pinet/SLAM_AGV/workspace/src/joy_tester', 'symlink_install': True, 'test_result_base': None}
[1.738s] Level 5:colcon.colcon_core.verb:set package 'pi2stm_comms' build argument 'cmake_args' from command line to 'None'
[1.738s] Level 5:colcon.colcon_core.verb:set package 'pi2stm_comms' build argument 'cmake_target' from command line to 'None'
[1.738s] Level 5:colcon.colcon_core.verb:set package 'pi2stm_comms' build argument 'cmake_target_skip_unavailable' from command line to 'False'
[1.738s] Level 5:colcon.colcon_core.verb:set package 'pi2stm_comms' build argument 'cmake_clean_cache' from command line to 'False'
[1.738s] Level 5:colcon.colcon_core.verb:set package 'pi2stm_comms' build argument 'cmake_clean_first' from command line to 'False'
[1.738s] Level 5:colcon.colcon_core.verb:set package 'pi2stm_comms' build argument 'cmake_force_configure' from command line to 'False'
[1.738s] Level 5:colcon.colcon_core.verb:set package 'pi2stm_comms' build argument 'ament_cmake_args' from command line to 'None'
[1.738s] Level 5:colcon.colcon_core.verb:set package 'pi2stm_comms' build argument 'catkin_cmake_args' from command line to 'None'
[1.738s] Level 5:colcon.colcon_core.verb:set package 'pi2stm_comms' build argument 'catkin_skip_building_tests' from command line to 'False'
[1.739s] DEBUG:colcon.colcon_core.verb:Building package 'pi2stm_comms' with the following arguments: {'ament_cmake_args': None, 'build_base': '/home/pinet/SLAM_AGV/workspace/build/pi2stm_comms', 'catkin_cmake_args': None, 'catkin_skip_building_tests': False, 'cmake_args': None, 'cmake_clean_cache': False, 'cmake_clean_first': False, 'cmake_force_configure': False, 'cmake_target': None, 'cmake_target_skip_unavailable': False, 'install_base': '/home/pinet/SLAM_AGV/workspace/install/pi2stm_comms', 'merge_install': False, 'path': '/home/pinet/SLAM_AGV/workspace/src/pi2stm_comms', 'symlink_install': True, 'test_result_base': None}
[1.740s] Level 5:colcon.colcon_core.verb:set package 'ros2_control_test_assets' build argument 'cmake_args' from command line to 'None'
[1.740s] Level 5:colcon.colcon_core.verb:set package 'ros2_control_test_assets' build argument 'cmake_target' from command line to 'None'
[1.740s] Level 5:colcon.colcon_core.verb:set package 'ros2_control_test_assets' build argument 'cmake_target_skip_unavailable' from command line to 'False'
[1.740s] Level 5:colcon.colcon_core.verb:set package 'ros2_control_test_assets' build argument 'cmake_clean_cache' from command line to 'False'
[1.740s] Level 5:colcon.colcon_core.verb:set package 'ros2_control_test_assets' build argument 'cmake_clean_first' from command line to 'False'
[1.741s] Level 5:colcon.colcon_core.verb:set package 'ros2_control_test_assets' build argument 'cmake_force_configure' from command line to 'False'
[1.741s] Level 5:colcon.colcon_core.verb:set package 'ros2_control_test_assets' build argument 'ament_cmake_args' from command line to 'None'
[1.741s] Level 5:colcon.colcon_core.verb:set package 'ros2_control_test_assets' build argument 'catkin_cmake_args' from command line to 'None'
[1.741s] Level 5:colcon.colcon_core.verb:set package 'ros2_control_test_assets' build argument 'catkin_skip_building_tests' from command line to 'False'
[1.741s] DEBUG:colcon.colcon_core.verb:Building package 'ros2_control_test_assets' with the following arguments: {'ament_cmake_args': None, 'build_base': '/home/pinet/SLAM_AGV/workspace/build/ros2_control_test_assets', 'catkin_cmake_args': None, 'catkin_skip_building_tests': False, 'cmake_args': None, 'cmake_clean_cache': False, 'cmake_clean_first': False, 'cmake_force_configure': False, 'cmake_target': None, 'cmake_target_skip_unavailable': False, 'install_base': '/home/pinet/SLAM_AGV/workspace/install/ros2_control_test_assets', 'merge_install': False, 'path': '/home/pinet/SLAM_AGV/workspace/src/ros2_control/ros2_control_test_assets', 'symlink_install': True, 'test_result_base': None}
[1.742s] Level 5:colcon.colcon_core.verb:set package 'ros2_controllers_test_nodes' build argument 'cmake_args' from command line to 'None'
[1.742s] Level 5:colcon.colcon_core.verb:set package 'ros2_controllers_test_nodes' build argument 'cmake_target' from command line to 'None'
[1.743s] Level 5:colcon.colcon_core.verb:set package 'ros2_controllers_test_nodes' build argument 'cmake_target_skip_unavailable' from command line to 'False'
[1.743s] Level 5:colcon.colcon_core.verb:set package 'ros2_controllers_test_nodes' build argument 'cmake_clean_cache' from command line to 'False'
[1.743s] Level 5:colcon.colcon_core.verb:set package 'ros2_controllers_test_nodes' build argument 'cmake_clean_first' from command line to 'False'
[1.743s] Level 5:colcon.colcon_core.verb:set package 'ros2_controllers_test_nodes' build argument 'cmake_force_configure' from command line to 'False'
[1.743s] Level 5:colcon.colcon_core.verb:set package 'ros2_controllers_test_nodes' build argument 'ament_cmake_args' from command line to 'None'
[1.743s] Level 5:colcon.colcon_core.verb:set package 'ros2_controllers_test_nodes' build argument 'catkin_cmake_args' from command line to 'None'
[1.743s] Level 5:colcon.colcon_core.verb:set package 'ros2_controllers_test_nodes' build argument 'catkin_skip_building_tests' from command line to 'False'
[1.743s] DEBUG:colcon.colcon_core.verb:Building package 'ros2_controllers_test_nodes' with the following arguments: {'ament_cmake_args': None, 'build_base': '/home/pinet/SLAM_AGV/workspace/build/ros2_controllers_test_nodes', 'catkin_cmake_args': None, 'catkin_skip_building_tests': False, 'cmake_args': None, 'cmake_clean_cache': False, 'cmake_clean_first': False, 'cmake_force_configure': False, 'cmake_target': None, 'cmake_target_skip_unavailable': False, 'install_base': '/home/pinet/SLAM_AGV/workspace/install/ros2_controllers_test_nodes', 'merge_install': False, 'path': '/home/pinet/SLAM_AGV/workspace/src/ros2_controllers/ros2_controllers_test_nodes', 'symlink_install': True, 'test_result_base': None}
[1.745s] Level 5:colcon.colcon_core.verb:set package 'twist_converter' build argument 'cmake_args' from command line to 'None'
[1.745s] Level 5:colcon.colcon_core.verb:set package 'twist_converter' build argument 'cmake_target' from command line to 'None'
[1.745s] Level 5:colcon.colcon_core.verb:set package 'twist_converter' build argument 'cmake_target_skip_unavailable' from command line to 'False'
[1.745s] Level 5:colcon.colcon_core.verb:set package 'twist_converter' build argument 'cmake_clean_cache' from command line to 'False'
[1.745s] Level 5:colcon.colcon_core.verb:set package 'twist_converter' build argument 'cmake_clean_first' from command line to 'False'
[1.745s] Level 5:colcon.colcon_core.verb:set package 'twist_converter' build argument 'cmake_force_configure' from command line to 'False'
[1.745s] Level 5:colcon.colcon_core.verb:set package 'twist_converter' build argument 'ament_cmake_args' from command line to 'None'
[1.745s] Level 5:colcon.colcon_core.verb:set package 'twist_converter' build argument 'catkin_cmake_args' from command line to 'None'
[1.745s] Level 5:colcon.colcon_core.verb:set package 'twist_converter' build argument 'catkin_skip_building_tests' from command line to 'False'
[1.746s] DEBUG:colcon.colcon_core.verb:Building package 'twist_converter' with the following arguments: {'ament_cmake_args': None, 'build_base': '/home/pinet/SLAM_AGV/workspace/build/twist_converter', 'catkin_cmake_args': None, 'catkin_skip_building_tests': False, 'cmake_args': None, 'cmake_clean_cache': False, 'cmake_clean_first': False, 'cmake_force_configure': False, 'cmake_target': None, 'cmake_target_skip_unavailable': False, 'install_base': '/home/pinet/SLAM_AGV/workspace/install/twist_converter', 'merge_install': False, 'path': '/home/pinet/SLAM_AGV/workspace/src/twist_converter', 'symlink_install': True, 'test_result_base': None}
[1.747s] Level 5:colcon.colcon_core.verb:set package 'hardware_interface' build argument 'cmake_args' from command line to 'None'
[1.747s] Level 5:colcon.colcon_core.verb:set package 'hardware_interface' build argument 'cmake_target' from command line to 'None'
[1.747s] Level 5:colcon.colcon_core.verb:set package 'hardware_interface' build argument 'cmake_target_skip_unavailable' from command line to 'False'
[1.747s] Level 5:colcon.colcon_core.verb:set package 'hardware_interface' build argument 'cmake_clean_cache' from command line to 'False'
[1.747s] Level 5:colcon.colcon_core.verb:set package 'hardware_interface' build argument 'cmake_clean_first' from command line to 'False'
[1.747s] Level 5:colcon.colcon_core.verb:set package 'hardware_interface' build argument 'cmake_force_configure' from command line to 'False'
[1.748s] Level 5:colcon.colcon_core.verb:set package 'hardware_interface' build argument 'ament_cmake_args' from command line to 'None'
[1.748s] Level 5:colcon.colcon_core.verb:set package 'hardware_interface' build argument 'catkin_cmake_args' from command line to 'None'
[1.748s] Level 5:colcon.colcon_core.verb:set package 'hardware_interface' build argument 'catkin_skip_building_tests' from command line to 'False'
[1.748s] DEBUG:colcon.colcon_core.verb:Building package 'hardware_interface' with the following arguments: {'ament_cmake_args': None, 'build_base': '/home/pinet/SLAM_AGV/workspace/build/hardware_interface', 'catkin_cmake_args': None, 'catkin_skip_building_tests': False, 'cmake_args': None, 'cmake_clean_cache': False, 'cmake_clean_first': False, 'cmake_force_configure': False, 'cmake_target': None, 'cmake_target_skip_unavailable': False, 'install_base': '/home/pinet/SLAM_AGV/workspace/install/hardware_interface', 'merge_install': False, 'path': '/home/pinet/SLAM_AGV/workspace/src/ros2_control/hardware_interface', 'symlink_install': True, 'test_result_base': None}
[1.749s] Level 5:colcon.colcon_core.verb:set package 'rqt_joint_trajectory_controller' build argument 'cmake_args' from command line to 'None'
[1.749s] Level 5:colcon.colcon_core.verb:set package 'rqt_joint_trajectory_controller' build argument 'cmake_target' from command line to 'None'
[1.749s] Level 5:colcon.colcon_core.verb:set package 'rqt_joint_trajectory_controller' build argument 'cmake_target_skip_unavailable' from command line to 'False'
[1.750s] Level 5:colcon.colcon_core.verb:set package 'rqt_joint_trajectory_controller' build argument 'cmake_clean_cache' from command line to 'False'
[1.750s] Level 5:colcon.colcon_core.verb:set package 'rqt_joint_trajectory_controller' build argument 'cmake_clean_first' from command line to 'False'
[1.750s] Level 5:colcon.colcon_core.verb:set package 'rqt_joint_trajectory_controller' build argument 'cmake_force_configure' from command line to 'False'
[1.750s] Level 5:colcon.colcon_core.verb:set package 'rqt_joint_trajectory_controller' build argument 'ament_cmake_args' from command line to 'None'
[1.750s] Level 5:colcon.colcon_core.verb:set package 'rqt_joint_trajectory_controller' build argument 'catkin_cmake_args' from command line to 'None'
[1.750s] Level 5:colcon.colcon_core.verb:set package 'rqt_joint_trajectory_controller' build argument 'catkin_skip_building_tests' from command line to 'False'
[1.750s] DEBUG:colcon.colcon_core.verb:Building package 'rqt_joint_trajectory_controller' with the following arguments: {'ament_cmake_args': None, 'build_base': '/home/pinet/SLAM_AGV/workspace/build/rqt_joint_trajectory_controller', 'catkin_cmake_args': None, 'catkin_skip_building_tests': False, 'cmake_args': None, 'cmake_clean_cache': False, 'cmake_clean_first': False, 'cmake_force_configure': False, 'cmake_target': None, 'cmake_target_skip_unavailable': False, 'install_base': '/home/pinet/SLAM_AGV/workspace/install/rqt_joint_trajectory_controller', 'merge_install': False, 'path': '/home/pinet/SLAM_AGV/workspace/src/ros2_controllers/rqt_joint_trajectory_controller', 'symlink_install': True, 'test_result_base': None}
[1.752s] Level 5:colcon.colcon_core.verb:set package 'controller_interface' build argument 'cmake_args' from command line to 'None'
[1.752s] Level 5:colcon.colcon_core.verb:set package 'controller_interface' build argument 'cmake_target' from command line to 'None'
[1.752s] Level 5:colcon.colcon_core.verb:set package 'controller_interface' build argument 'cmake_target_skip_unavailable' from command line to 'False'
[1.752s] Level 5:colcon.colcon_core.verb:set package 'controller_interface' build argument 'cmake_clean_cache' from command line to 'False'
[1.752s] Level 5:colcon.colcon_core.verb:set package 'controller_interface' build argument 'cmake_clean_first' from command line to 'False'
[1.752s] Level 5:colcon.colcon_core.verb:set package 'controller_interface' build argument 'cmake_force_configure' from command line to 'False'
[1.752s] Level 5:colcon.colcon_core.verb:set package 'controller_interface' build argument 'ament_cmake_args' from command line to 'None'
[1.752s] Level 5:colcon.colcon_core.verb:set package 'controller_interface' build argument 'catkin_cmake_args' from command line to 'None'
[1.752s] Level 5:colcon.colcon_core.verb:set package 'controller_interface' build argument 'catkin_skip_building_tests' from command line to 'False'
[1.753s] DEBUG:colcon.colcon_core.verb:Building package 'controller_interface' with the following arguments: {'ament_cmake_args': None, 'build_base': '/home/pinet/SLAM_AGV/workspace/build/controller_interface', 'catkin_cmake_args': None, 'catkin_skip_building_tests': False, 'cmake_args': None, 'cmake_clean_cache': False, 'cmake_clean_first': False, 'cmake_force_configure': False, 'cmake_target': None, 'cmake_target_skip_unavailable': False, 'install_base': '/home/pinet/SLAM_AGV/workspace/install/controller_interface', 'merge_install': False, 'path': '/home/pinet/SLAM_AGV/workspace/src/ros2_control/controller_interface', 'symlink_install': True, 'test_result_base': None}
[1.754s] Level 5:colcon.colcon_core.verb:set package 'hardware_interface_testing' build argument 'cmake_args' from command line to 'None'
[1.754s] Level 5:colcon.colcon_core.verb:set package 'hardware_interface_testing' build argument 'cmake_target' from command line to 'None'
[1.754s] Level 5:colcon.colcon_core.verb:set package 'hardware_interface_testing' build argument 'cmake_target_skip_unavailable' from command line to 'False'
[1.754s] Level 5:colcon.colcon_core.verb:set package 'hardware_interface_testing' build argument 'cmake_clean_cache' from command line to 'False'
[1.754s] Level 5:colcon.colcon_core.verb:set package 'hardware_interface_testing' build argument 'cmake_clean_first' from command line to 'False'
[1.754s] Level 5:colcon.colcon_core.verb:set package 'hardware_interface_testing' build argument 'cmake_force_configure' from command line to 'False'
[1.755s] Level 5:colcon.colcon_core.verb:set package 'hardware_interface_testing' build argument 'ament_cmake_args' from command line to 'None'
[1.755s] Level 5:colcon.colcon_core.verb:set package 'hardware_interface_testing' build argument 'catkin_cmake_args' from command line to 'None'
[1.755s] Level 5:colcon.colcon_core.verb:set package 'hardware_interface_testing' build argument 'catkin_skip_building_tests' from command line to 'False'
[1.755s] DEBUG:colcon.colcon_core.verb:Building package 'hardware_interface_testing' with the following arguments: {'ament_cmake_args': None, 'build_base': '/home/pinet/SLAM_AGV/workspace/build/hardware_interface_testing', 'catkin_cmake_args': None, 'catkin_skip_building_tests': False, 'cmake_args': None, 'cmake_clean_cache': False, 'cmake_clean_first': False, 'cmake_force_configure': False, 'cmake_target': None, 'cmake_target_skip_unavailable': False, 'install_base': '/home/pinet/SLAM_AGV/workspace/install/hardware_interface_testing', 'merge_install': False, 'path': '/home/pinet/SLAM_AGV/workspace/src/ros2_control/hardware_interface_testing', 'symlink_install': True, 'test_result_base': None}
[1.756s] Level 5:colcon.colcon_core.verb:set package 'transmission_interface' build argument 'cmake_args' from command line to 'None'
[1.756s] Level 5:colcon.colcon_core.verb:set package 'transmission_interface' build argument 'cmake_target' from command line to 'None'
[1.756s] Level 5:colcon.colcon_core.verb:set package 'transmission_interface' build argument 'cmake_target_skip_unavailable' from command line to 'False'
[1.757s] Level 5:colcon.colcon_core.verb:set package 'transmission_interface' build argument 'cmake_clean_cache' from command line to 'False'
[1.757s] Level 5:colcon.colcon_core.verb:set package 'transmission_interface' build argument 'cmake_clean_first' from command line to 'False'
[1.757s] Level 5:colcon.colcon_core.verb:set package 'transmission_interface' build argument 'cmake_force_configure' from command line to 'False'
[1.757s] Level 5:colcon.colcon_core.verb:set package 'transmission_interface' build argument 'ament_cmake_args' from command line to 'None'
[1.757s] Level 5:colcon.colcon_core.verb:set package 'transmission_interface' build argument 'catkin_cmake_args' from command line to 'None'
[1.757s] Level 5:colcon.colcon_core.verb:set package 'transmission_interface' build argument 'catkin_skip_building_tests' from command line to 'False'
[1.757s] DEBUG:colcon.colcon_core.verb:Building package 'transmission_interface' with the following arguments: {'ament_cmake_args': None, 'build_base': '/home/pinet/SLAM_AGV/workspace/build/transmission_interface', 'catkin_cmake_args': None, 'catkin_skip_building_tests': False, 'cmake_args': None, 'cmake_clean_cache': False, 'cmake_clean_first': False, 'cmake_force_configure': False, 'cmake_target': None, 'cmake_target_skip_unavailable': False, 'install_base': '/home/pinet/SLAM_AGV/workspace/install/transmission_interface', 'merge_install': False, 'path': '/home/pinet/SLAM_AGV/workspace/src/ros2_control/transmission_interface', 'symlink_install': True, 'test_result_base': None}
[1.759s] Level 5:colcon.colcon_core.verb:set package 'controller_manager' build argument 'cmake_args' from command line to 'None'
[1.759s] Level 5:colcon.colcon_core.verb:set package 'controller_manager' build argument 'cmake_target' from command line to 'None'
[1.759s] Level 5:colcon.colcon_core.verb:set package 'controller_manager' build argument 'cmake_target_skip_unavailable' from command line to 'False'
[1.759s] Level 5:colcon.colcon_core.verb:set package 'controller_manager' build argument 'cmake_clean_cache' from command line to 'False'
[1.759s] Level 5:colcon.colcon_core.verb:set package 'controller_manager' build argument 'cmake_clean_first' from command line to 'False'
[1.759s] Level 5:colcon.colcon_core.verb:set package 'controller_manager' build argument 'cmake_force_configure' from command line to 'False'
[1.759s] Level 5:colcon.colcon_core.verb:set package 'controller_manager' build argument 'ament_cmake_args' from command line to 'None'
[1.759s] Level 5:colcon.colcon_core.verb:set package 'controller_manager' build argument 'catkin_cmake_args' from command line to 'None'
[1.759s] Level 5:colcon.colcon_core.verb:set package 'controller_manager' build argument 'catkin_skip_building_tests' from command line to 'False'
[1.760s] DEBUG:colcon.colcon_core.verb:Building package 'controller_manager' with the following arguments: {'ament_cmake_args': None, 'build_base': '/home/pinet/SLAM_AGV/workspace/build/controller_manager', 'catkin_cmake_args': None, 'catkin_skip_building_tests': False, 'cmake_args': None, 'cmake_clean_cache': False, 'cmake_clean_first': False, 'cmake_force_configure': False, 'cmake_target': None, 'cmake_target_skip_unavailable': False, 'install_base': '/home/pinet/SLAM_AGV/workspace/install/controller_manager', 'merge_install': False, 'path': '/home/pinet/SLAM_AGV/workspace/src/ros2_control/controller_manager', 'symlink_install': True, 'test_result_base': None}
[1.761s] Level 5:colcon.colcon_core.verb:set package 'admittance_controller' build argument 'cmake_args' from command line to 'None'
[1.761s] Level 5:colcon.colcon_core.verb:set package 'admittance_controller' build argument 'cmake_target' from command line to 'None'
[1.761s] Level 5:colcon.colcon_core.verb:set package 'admittance_controller' build argument 'cmake_target_skip_unavailable' from command line to 'False'
[1.761s] Level 5:colcon.colcon_core.verb:set package 'admittance_controller' build argument 'cmake_clean_cache' from command line to 'False'
[1.761s] Level 5:colcon.colcon_core.verb:set package 'admittance_controller' build argument 'cmake_clean_first' from command line to 'False'
[1.761s] Level 5:colcon.colcon_core.verb:set package 'admittance_controller' build argument 'cmake_force_configure' from command line to 'False'
[1.761s] Level 5:colcon.colcon_core.verb:set package 'admittance_controller' build argument 'ament_cmake_args' from command line to 'None'
[1.762s] Level 5:colcon.colcon_core.verb:set package 'admittance_controller' build argument 'catkin_cmake_args' from command line to 'None'
[1.762s] Level 5:colcon.colcon_core.verb:set package 'admittance_controller' build argument 'catkin_skip_building_tests' from command line to 'False'
[1.762s] DEBUG:colcon.colcon_core.verb:Building package 'admittance_controller' with the following arguments: {'ament_cmake_args': None, 'build_base': '/home/pinet/SLAM_AGV/workspace/build/admittance_controller', 'catkin_cmake_args': None, 'catkin_skip_building_tests': False, 'cmake_args': None, 'cmake_clean_cache': False, 'cmake_clean_first': False, 'cmake_force_configure': False, 'cmake_target': None, 'cmake_target_skip_unavailable': False, 'install_base': '/home/pinet/SLAM_AGV/workspace/install/admittance_controller', 'merge_install': False, 'path': '/home/pinet/SLAM_AGV/workspace/src/ros2_controllers/admittance_controller', 'symlink_install': True, 'test_result_base': None}
[1.763s] Level 5:colcon.colcon_core.verb:set package 'diff_drive_controller' build argument 'cmake_args' from command line to 'None'
[1.763s] Level 5:colcon.colcon_core.verb:set package 'diff_drive_controller' build argument 'cmake_target' from command line to 'None'
[1.764s] Level 5:colcon.colcon_core.verb:set package 'diff_drive_controller' build argument 'cmake_target_skip_unavailable' from command line to 'False'
[1.764s] Level 5:colcon.colcon_core.verb:set package 'diff_drive_controller' build argument 'cmake_clean_cache' from command line to 'False'
[1.764s] Level 5:colcon.colcon_core.verb:set package 'diff_drive_controller' build argument 'cmake_clean_first' from command line to 'False'
[1.764s] Level 5:colcon.colcon_core.verb:set package 'diff_drive_controller' build argument 'cmake_force_configure' from command line to 'False'
[1.764s] Level 5:colcon.colcon_core.verb:set package 'diff_drive_controller' build argument 'ament_cmake_args' from command line to 'None'
[1.764s] Level 5:colcon.colcon_core.verb:set package 'diff_drive_controller' build argument 'catkin_cmake_args' from command line to 'None'
[1.764s] Level 5:colcon.colcon_core.verb:set package 'diff_drive_controller' build argument 'catkin_skip_building_tests' from command line to 'False'
[1.764s] DEBUG:colcon.colcon_core.verb:Building package 'diff_drive_controller' with the following arguments: {'ament_cmake_args': None, 'build_base': '/home/pinet/SLAM_AGV/workspace/build/diff_drive_controller', 'catkin_cmake_args': None, 'catkin_skip_building_tests': False, 'cmake_args': None, 'cmake_clean_cache': False, 'cmake_clean_first': False, 'cmake_force_configure': False, 'cmake_target': None, 'cmake_target_skip_unavailable': False, 'install_base': '/home/pinet/SLAM_AGV/workspace/install/diff_drive_controller', 'merge_install': False, 'path': '/home/pinet/SLAM_AGV/workspace/src/ros2_controllers/diff_drive_controller', 'symlink_install': True, 'test_result_base': None}
[1.766s] Level 5:colcon.colcon_core.verb:set package 'force_torque_sensor_broadcaster' build argument 'cmake_args' from command line to 'None'
[1.766s] Level 5:colcon.colcon_core.verb:set package 'force_torque_sensor_broadcaster' build argument 'cmake_target' from command line to 'None'
[1.766s] Level 5:colcon.colcon_core.verb:set package 'force_torque_sensor_broadcaster' build argument 'cmake_target_skip_unavailable' from command line to 'False'
[1.766s] Level 5:colcon.colcon_core.verb:set package 'force_torque_sensor_broadcaster' build argument 'cmake_clean_cache' from command line to 'False'
[1.766s] Level 5:colcon.colcon_core.verb:set package 'force_torque_sensor_broadcaster' build argument 'cmake_clean_first' from command line to 'False'
[1.766s] Level 5:colcon.colcon_core.verb:set package 'force_torque_sensor_broadcaster' build argument 'cmake_force_configure' from command line to 'False'
[1.766s] Level 5:colcon.colcon_core.verb:set package 'force_torque_sensor_broadcaster' build argument 'ament_cmake_args' from command line to 'None'
[1.766s] Level 5:colcon.colcon_core.verb:set package 'force_torque_sensor_broadcaster' build argument 'catkin_cmake_args' from command line to 'None'
[1.766s] Level 5:colcon.colcon_core.verb:set package 'force_torque_sensor_broadcaster' build argument 'catkin_skip_building_tests' from command line to 'False'
[1.767s] DEBUG:colcon.colcon_core.verb:Building package 'force_torque_sensor_broadcaster' with the following arguments: {'ament_cmake_args': None, 'build_base': '/home/pinet/SLAM_AGV/workspace/build/force_torque_sensor_broadcaster', 'catkin_cmake_args': None, 'catkin_skip_building_tests': False, 'cmake_args': None, 'cmake_clean_cache': False, 'cmake_clean_first': False, 'cmake_force_configure': False, 'cmake_target': None, 'cmake_target_skip_unavailable': False, 'install_base': '/home/pinet/SLAM_AGV/workspace/install/force_torque_sensor_broadcaster', 'merge_install': False, 'path': '/home/pinet/SLAM_AGV/workspace/src/ros2_controllers/force_torque_sensor_broadcaster', 'symlink_install': True, 'test_result_base': None}
[1.768s] Level 5:colcon.colcon_core.verb:set package 'forward_command_controller' build argument 'cmake_args' from command line to 'None'
[1.768s] Level 5:colcon.colcon_core.verb:set package 'forward_command_controller' build argument 'cmake_target' from command line to 'None'
[1.768s] Level 5:colcon.colcon_core.verb:set package 'forward_command_controller' build argument 'cmake_target_skip_unavailable' from command line to 'False'
[1.768s] Level 5:colcon.colcon_core.verb:set package 'forward_command_controller' build argument 'cmake_clean_cache' from command line to 'False'
[1.768s] Level 5:colcon.colcon_core.verb:set package 'forward_command_controller' build argument 'cmake_clean_first' from command line to 'False'
[1.768s] Level 5:colcon.colcon_core.verb:set package 'forward_command_controller' build argument 'cmake_force_configure' from command line to 'False'
[1.769s] Level 5:colcon.colcon_core.verb:set package 'forward_command_controller' build argument 'ament_cmake_args' from command line to 'None'
[1.769s] Level 5:colcon.colcon_core.verb:set package 'forward_command_controller' build argument 'catkin_cmake_args' from command line to 'None'
[1.769s] Level 5:colcon.colcon_core.verb:set package 'forward_command_controller' build argument 'catkin_skip_building_tests' from command line to 'False'
[1.769s] DEBUG:colcon.colcon_core.verb:Building package 'forward_command_controller' with the following arguments: {'ament_cmake_args': None, 'build_base': '/home/pinet/SLAM_AGV/workspace/build/forward_command_controller', 'catkin_cmake_args': None, 'catkin_skip_building_tests': False, 'cmake_args': None, 'cmake_clean_cache': False, 'cmake_clean_first': False, 'cmake_force_configure': False, 'cmake_target': None, 'cmake_target_skip_unavailable': False, 'install_base': '/home/pinet/SLAM_AGV/workspace/install/forward_command_controller', 'merge_install': False, 'path': '/home/pinet/SLAM_AGV/workspace/src/ros2_controllers/forward_command_controller', 'symlink_install': True, 'test_result_base': None}
[1.770s] Level 5:colcon.colcon_core.verb:set package 'gpio_controllers' build argument 'cmake_args' from command line to 'None'
[1.770s] Level 5:colcon.colcon_core.verb:set package 'gpio_controllers' build argument 'cmake_target' from command line to 'None'
[1.771s] Level 5:colcon.colcon_core.verb:set package 'gpio_controllers' build argument 'cmake_target_skip_unavailable' from command line to 'False'
[1.771s] Level 5:colcon.colcon_core.verb:set package 'gpio_controllers' build argument 'cmake_clean_cache' from command line to 'False'
[1.771s] Level 5:colcon.colcon_core.verb:set package 'gpio_controllers' build argument 'cmake_clean_first' from command line to 'False'
[1.771s] Level 5:colcon.colcon_core.verb:set package 'gpio_controllers' build argument 'cmake_force_configure' from command line to 'False'
[1.771s] Level 5:colcon.colcon_core.verb:set package 'gpio_controllers' build argument 'ament_cmake_args' from command line to 'None'
[1.771s] Level 5:colcon.colcon_core.verb:set package 'gpio_controllers' build argument 'catkin_cmake_args' from command line to 'None'
[1.771s] Level 5:colcon.colcon_core.verb:set package 'gpio_controllers' build argument 'catkin_skip_building_tests' from command line to 'False'
[1.771s] DEBUG:colcon.colcon_core.verb:Building package 'gpio_controllers' with the following arguments: {'ament_cmake_args': None, 'build_base': '/home/pinet/SLAM_AGV/workspace/build/gpio_controllers', 'catkin_cmake_args': None, 'catkin_skip_building_tests': False, 'cmake_args': None, 'cmake_clean_cache': False, 'cmake_clean_first': False, 'cmake_force_configure': False, 'cmake_target': None, 'cmake_target_skip_unavailable': False, 'install_base': '/home/pinet/SLAM_AGV/workspace/install/gpio_controllers', 'merge_install': False, 'path': '/home/pinet/SLAM_AGV/workspace/src/ros2_controllers/gpio_controllers', 'symlink_install': True, 'test_result_base': None}
[1.773s] Level 5:colcon.colcon_core.verb:set package 'gripper_controllers' build argument 'cmake_args' from command line to 'None'
[1.773s] Level 5:colcon.colcon_core.verb:set package 'gripper_controllers' build argument 'cmake_target' from command line to 'None'
[1.773s] Level 5:colcon.colcon_core.verb:set package 'gripper_controllers' build argument 'cmake_target_skip_unavailable' from command line to 'False'
[1.773s] Level 5:colcon.colcon_core.verb:set package 'gripper_controllers' build argument 'cmake_clean_cache' from command line to 'False'
[1.773s] Level 5:colcon.colcon_core.verb:set package 'gripper_controllers' build argument 'cmake_clean_first' from command line to 'False'
[1.773s] Level 5:colcon.colcon_core.verb:set package 'gripper_controllers' build argument 'cmake_force_configure' from command line to 'False'
[1.773s] Level 5:colcon.colcon_core.verb:set package 'gripper_controllers' build argument 'ament_cmake_args' from command line to 'None'
[1.773s] Level 5:colcon.colcon_core.verb:set package 'gripper_controllers' build argument 'catkin_cmake_args' from command line to 'None'
[1.773s] Level 5:colcon.colcon_core.verb:set package 'gripper_controllers' build argument 'catkin_skip_building_tests' from command line to 'False'
[1.774s] DEBUG:colcon.colcon_core.verb:Building package 'gripper_controllers' with the following arguments: {'ament_cmake_args': None, 'build_base': '/home/pinet/SLAM_AGV/workspace/build/gripper_controllers', 'catkin_cmake_args': None, 'catkin_skip_building_tests': False, 'cmake_args': None, 'cmake_clean_cache': False, 'cmake_clean_first': False, 'cmake_force_configure': False, 'cmake_target': None, 'cmake_target_skip_unavailable': False, 'install_base': '/home/pinet/SLAM_AGV/workspace/install/gripper_controllers', 'merge_install': False, 'path': '/home/pinet/SLAM_AGV/workspace/src/ros2_controllers/gripper_controllers', 'symlink_install': True, 'test_result_base': None}
[1.775s] Level 5:colcon.colcon_core.verb:set package 'imu_sensor_broadcaster' build argument 'cmake_args' from command line to 'None'
[1.775s] Level 5:colcon.colcon_core.verb:set package 'imu_sensor_broadcaster' build argument 'cmake_target' from command line to 'None'
[1.775s] Level 5:colcon.colcon_core.verb:set package 'imu_sensor_broadcaster' build argument 'cmake_target_skip_unavailable' from command line to 'False'
[1.775s] Level 5:colcon.colcon_core.verb:set package 'imu_sensor_broadcaster' build argument 'cmake_clean_cache' from command line to 'False'
[1.775s] Level 5:colcon.colcon_core.verb:set package 'imu_sensor_broadcaster' build argument 'cmake_clean_first' from command line to 'False'
[1.776s] Level 5:colcon.colcon_core.verb:set package 'imu_sensor_broadcaster' build argument 'cmake_force_configure' from command line to 'False'
[1.776s] Level 5:colcon.colcon_core.verb:set package 'imu_sensor_broadcaster' build argument 'ament_cmake_args' from command line to 'None'
[1.776s] Level 5:colcon.colcon_core.verb:set package 'imu_sensor_broadcaster' build argument 'catkin_cmake_args' from command line to 'None'
[1.776s] Level 5:colcon.colcon_core.verb:set package 'imu_sensor_broadcaster' build argument 'catkin_skip_building_tests' from command line to 'False'
[1.776s] DEBUG:colcon.colcon_core.verb:Building package 'imu_sensor_broadcaster' with the following arguments: {'ament_cmake_args': None, 'build_base': '/home/pinet/SLAM_AGV/workspace/build/imu_sensor_broadcaster', 'catkin_cmake_args': None, 'catkin_skip_building_tests': False, 'cmake_args': None, 'cmake_clean_cache': False, 'cmake_clean_first': False, 'cmake_force_configure': False, 'cmake_target': None, 'cmake_target_skip_unavailable': False, 'install_base': '/home/pinet/SLAM_AGV/workspace/install/imu_sensor_broadcaster', 'merge_install': False, 'path': '/home/pinet/SLAM_AGV/workspace/src/ros2_controllers/imu_sensor_broadcaster', 'symlink_install': True, 'test_result_base': None}
[1.777s] Level 5:colcon.colcon_core.verb:set package 'joint_state_broadcaster' build argument 'cmake_args' from command line to 'None'
[1.777s] Level 5:colcon.colcon_core.verb:set package 'joint_state_broadcaster' build argument 'cmake_target' from command line to 'None'
[1.778s] Level 5:colcon.colcon_core.verb:set package 'joint_state_broadcaster' build argument 'cmake_target_skip_unavailable' from command line to 'False'
[1.778s] Level 5:colcon.colcon_core.verb:set package 'joint_state_broadcaster' build argument 'cmake_clean_cache' from command line to 'False'
[1.778s] Level 5:colcon.colcon_core.verb:set package 'joint_state_broadcaster' build argument 'cmake_clean_first' from command line to 'False'
[1.778s] Level 5:colcon.colcon_core.verb:set package 'joint_state_broadcaster' build argument 'cmake_force_configure' from command line to 'False'
[1.778s] Level 5:colcon.colcon_core.verb:set package 'joint_state_broadcaster' build argument 'ament_cmake_args' from command line to 'None'
[1.778s] Level 5:colcon.colcon_core.verb:set package 'joint_state_broadcaster' build argument 'catkin_cmake_args' from command line to 'None'
[1.778s] Level 5:colcon.colcon_core.verb:set package 'joint_state_broadcaster' build argument 'catkin_skip_building_tests' from command line to 'False'
[1.778s] DEBUG:colcon.colcon_core.verb:Building package 'joint_state_broadcaster' with the following arguments: {'ament_cmake_args': None, 'build_base': '/home/pinet/SLAM_AGV/workspace/build/joint_state_broadcaster', 'catkin_cmake_args': None, 'catkin_skip_building_tests': False, 'cmake_args': None, 'cmake_clean_cache': False, 'cmake_clean_first': False, 'cmake_force_configure': False, 'cmake_target': None, 'cmake_target_skip_unavailable': False, 'install_base': '/home/pinet/SLAM_AGV/workspace/install/joint_state_broadcaster', 'merge_install': False, 'path': '/home/pinet/SLAM_AGV/workspace/src/ros2_controllers/joint_state_broadcaster', 'symlink_install': True, 'test_result_base': None}
[1.780s] Level 5:colcon.colcon_core.verb:set package 'joint_trajectory_controller' build argument 'cmake_args' from command line to 'None'
[1.780s] Level 5:colcon.colcon_core.verb:set package 'joint_trajectory_controller' build argument 'cmake_target' from command line to 'None'
[1.780s] Level 5:colcon.colcon_core.verb:set package 'joint_trajectory_controller' build argument 'cmake_target_skip_unavailable' from command line to 'False'
[1.780s] Level 5:colcon.colcon_core.verb:set package 'joint_trajectory_controller' build argument 'cmake_clean_cache' from command line to 'False'
[1.780s] Level 5:colcon.colcon_core.verb:set package 'joint_trajectory_controller' build argument 'cmake_clean_first' from command line to 'False'
[1.780s] Level 5:colcon.colcon_core.verb:set package 'joint_trajectory_controller' build argument 'cmake_force_configure' from command line to 'False'
[1.780s] Level 5:colcon.colcon_core.verb:set package 'joint_trajectory_controller' build argument 'ament_cmake_args' from command line to 'None'
[1.780s] Level 5:colcon.colcon_core.verb:set package 'joint_trajectory_controller' build argument 'catkin_cmake_args' from command line to 'None'
[1.781s] Level 5:colcon.colcon_core.verb:set package 'joint_trajectory_controller' build argument 'catkin_skip_building_tests' from command line to 'False'
[1.781s] DEBUG:colcon.colcon_core.verb:Building package 'joint_trajectory_controller' with the following arguments: {'ament_cmake_args': None, 'build_base': '/home/pinet/SLAM_AGV/workspace/build/joint_trajectory_controller', 'catkin_cmake_args': None, 'catkin_skip_building_tests': False, 'cmake_args': None, 'cmake_clean_cache': False, 'cmake_clean_first': False, 'cmake_force_configure': False, 'cmake_target': None, 'cmake_target_skip_unavailable': False, 'install_base': '/home/pinet/SLAM_AGV/workspace/install/joint_trajectory_controller', 'merge_install': False, 'path': '/home/pinet/SLAM_AGV/workspace/src/ros2_controllers/joint_trajectory_controller', 'symlink_install': True, 'test_result_base': None}
[1.782s] Level 5:colcon.colcon_core.verb:set package 'mecanum_drive_controller' build argument 'cmake_args' from command line to 'None'
[1.782s] Level 5:colcon.colcon_core.verb:set package 'mecanum_drive_controller' build argument 'cmake_target' from command line to 'None'
[1.782s] Level 5:colcon.colcon_core.verb:set package 'mecanum_drive_controller' build argument 'cmake_target_skip_unavailable' from command line to 'False'
[1.782s] Level 5:colcon.colcon_core.verb:set package 'mecanum_drive_controller' build argument 'cmake_clean_cache' from command line to 'False'
[1.782s] Level 5:colcon.colcon_core.verb:set package 'mecanum_drive_controller' build argument 'cmake_clean_first' from command line to 'False'
[1.783s] Level 5:colcon.colcon_core.verb:set package 'mecanum_drive_controller' build argument 'cmake_force_configure' from command line to 'False'
[1.783s] Level 5:colcon.colcon_core.verb:set package 'mecanum_drive_controller' build argument 'ament_cmake_args' from command line to 'None'
[1.783s] Level 5:colcon.colcon_core.verb:set package 'mecanum_drive_controller' build argument 'catkin_cmake_args' from command line to 'None'
[1.783s] Level 5:colcon.colcon_core.verb:set package 'mecanum_drive_controller' build argument 'catkin_skip_building_tests' from command line to 'False'
[1.783s] DEBUG:colcon.colcon_core.verb:Building package 'mecanum_drive_controller' with the following arguments: {'ament_cmake_args': None, 'build_base': '/home/pinet/SLAM_AGV/workspace/build/mecanum_drive_controller', 'catkin_cmake_args': None, 'catkin_skip_building_tests': False, 'cmake_args': None, 'cmake_clean_cache': False, 'cmake_clean_first': False, 'cmake_force_configure': False, 'cmake_target': None, 'cmake_target_skip_unavailable': False, 'install_base': '/home/pinet/SLAM_AGV/workspace/install/mecanum_drive_controller', 'merge_install': False, 'path': '/home/pinet/SLAM_AGV/workspace/src/ros2_controllers/mecanum_drive_controller', 'symlink_install': True, 'test_result_base': None}
[1.784s] Level 5:colcon.colcon_core.verb:set package 'pid_controller' build argument 'cmake_args' from command line to 'None'
[1.785s] Level 5:colcon.colcon_core.verb:set package 'pid_controller' build argument 'cmake_target' from command line to 'None'
[1.785s] Level 5:colcon.colcon_core.verb:set package 'pid_controller' build argument 'cmake_target_skip_unavailable' from command line to 'False'
[1.785s] Level 5:colcon.colcon_core.verb:set package 'pid_controller' build argument 'cmake_clean_cache' from command line to 'False'
[1.785s] Level 5:colcon.colcon_core.verb:set package 'pid_controller' build argument 'cmake_clean_first' from command line to 'False'
[1.785s] Level 5:colcon.colcon_core.verb:set package 'pid_controller' build argument 'cmake_force_configure' from command line to 'False'
[1.785s] Level 5:colcon.colcon_core.verb:set package 'pid_controller' build argument 'ament_cmake_args' from command line to 'None'
[1.785s] Level 5:colcon.colcon_core.verb:set package 'pid_controller' build argument 'catkin_cmake_args' from command line to 'None'
[1.785s] Level 5:colcon.colcon_core.verb:set package 'pid_controller' build argument 'catkin_skip_building_tests' from command line to 'False'
[1.785s] DEBUG:colcon.colcon_core.verb:Building package 'pid_controller' with the following arguments: {'ament_cmake_args': None, 'build_base': '/home/pinet/SLAM_AGV/workspace/build/pid_controller', 'catkin_cmake_args': None, 'catkin_skip_building_tests': False, 'cmake_args': None, 'cmake_clean_cache': False, 'cmake_clean_first': False, 'cmake_force_configure': False, 'cmake_target': None, 'cmake_target_skip_unavailable': False, 'install_base': '/home/pinet/SLAM_AGV/workspace/install/pid_controller', 'merge_install': False, 'path': '/home/pinet/SLAM_AGV/workspace/src/ros2_controllers/pid_controller', 'symlink_install': True, 'test_result_base': None}
[1.787s] Level 5:colcon.colcon_core.verb:set package 'pose_broadcaster' build argument 'cmake_args' from command line to 'None'
[1.787s] Level 5:colcon.colcon_core.verb:set package 'pose_broadcaster' build argument 'cmake_target' from command line to 'None'
[1.787s] Level 5:colcon.colcon_core.verb:set package 'pose_broadcaster' build argument 'cmake_target_skip_unavailable' from command line to 'False'
[1.787s] Level 5:colcon.colcon_core.verb:set package 'pose_broadcaster' build argument 'cmake_clean_cache' from command line to 'False'
[1.787s] Level 5:colcon.colcon_core.verb:set package 'pose_broadcaster' build argument 'cmake_clean_first' from command line to 'False'
[1.787s] Level 5:colcon.colcon_core.verb:set package 'pose_broadcaster' build argument 'cmake_force_configure' from command line to 'False'
[1.787s] Level 5:colcon.colcon_core.verb:set package 'pose_broadcaster' build argument 'ament_cmake_args' from command line to 'None'
[1.787s] Level 5:colcon.colcon_core.verb:set package 'pose_broadcaster' build argument 'catkin_cmake_args' from command line to 'None'
[1.788s] Level 5:colcon.colcon_core.verb:set package 'pose_broadcaster' build argument 'catkin_skip_building_tests' from command line to 'False'
[1.788s] DEBUG:colcon.colcon_core.verb:Building package 'pose_broadcaster' with the following arguments: {'ament_cmake_args': None, 'build_base': '/home/pinet/SLAM_AGV/workspace/build/pose_broadcaster', 'catkin_cmake_args': None, 'catkin_skip_building_tests': False, 'cmake_args': None, 'cmake_clean_cache': False, 'cmake_clean_first': False, 'cmake_force_configure': False, 'cmake_target': None, 'cmake_target_skip_unavailable': False, 'install_base': '/home/pinet/SLAM_AGV/workspace/install/pose_broadcaster', 'merge_install': False, 'path': '/home/pinet/SLAM_AGV/workspace/src/ros2_controllers/pose_broadcaster', 'symlink_install': True, 'test_result_base': None}
[1.789s] Level 5:colcon.colcon_core.verb:set package 'range_sensor_broadcaster' build argument 'cmake_args' from command line to 'None'
[1.789s] Level 5:colcon.colcon_core.verb:set package 'range_sensor_broadcaster' build argument 'cmake_target' from command line to 'None'
[1.790s] Level 5:colcon.colcon_core.verb:set package 'range_sensor_broadcaster' build argument 'cmake_target_skip_unavailable' from command line to 'False'
[1.790s] Level 5:colcon.colcon_core.verb:set package 'range_sensor_broadcaster' build argument 'cmake_clean_cache' from command line to 'False'
[1.790s] Level 5:colcon.colcon_core.verb:set package 'range_sensor_broadcaster' build argument 'cmake_clean_first' from command line to 'False'
[1.790s] Level 5:colcon.colcon_core.verb:set package 'range_sensor_broadcaster' build argument 'cmake_force_configure' from command line to 'False'
[1.790s] Level 5:colcon.colcon_core.verb:set package 'range_sensor_broadcaster' build argument 'ament_cmake_args' from command line to 'None'
[1.790s] Level 5:colcon.colcon_core.verb:set package 'range_sensor_broadcaster' build argument 'catkin_cmake_args' from command line to 'None'
[1.790s] Level 5:colcon.colcon_core.verb:set package 'range_sensor_broadcaster' build argument 'catkin_skip_building_tests' from command line to 'False'
[1.790s] DEBUG:colcon.colcon_core.verb:Building package 'range_sensor_broadcaster' with the following arguments: {'ament_cmake_args': None, 'build_base': '/home/pinet/SLAM_AGV/workspace/build/range_sensor_broadcaster', 'catkin_cmake_args': None, 'catkin_skip_building_tests': False, 'cmake_args': None, 'cmake_clean_cache': False, 'cmake_clean_first': False, 'cmake_force_configure': False, 'cmake_target': None, 'cmake_target_skip_unavailable': False, 'install_base': '/home/pinet/SLAM_AGV/workspace/install/range_sensor_broadcaster', 'merge_install': False, 'path': '/home/pinet/SLAM_AGV/workspace/src/ros2_controllers/range_sensor_broadcaster', 'symlink_install': True, 'test_result_base': None}
[1.792s] Level 5:colcon.colcon_core.verb:set package 'ros2controlcli' build argument 'cmake_args' from command line to 'None'
[1.792s] Level 5:colcon.colcon_core.verb:set package 'ros2controlcli' build argument 'cmake_target' from command line to 'None'
[1.792s] Level 5:colcon.colcon_core.verb:set package 'ros2controlcli' build argument 'cmake_target_skip_unavailable' from command line to 'False'
[1.792s] Level 5:colcon.colcon_core.verb:set package 'ros2controlcli' build argument 'cmake_clean_cache' from command line to 'False'
[1.792s] Level 5:colcon.colcon_core.verb:set package 'ros2controlcli' build argument 'cmake_clean_first' from command line to 'False'
[1.792s] Level 5:colcon.colcon_core.verb:set package 'ros2controlcli' build argument 'cmake_force_configure' from command line to 'False'
[1.792s] Level 5:colcon.colcon_core.verb:set package 'ros2controlcli' build argument 'ament_cmake_args' from command line to 'None'
[1.792s] Level 5:colcon.colcon_core.verb:set package 'ros2controlcli' build argument 'catkin_cmake_args' from command line to 'None'
[1.793s] Level 5:colcon.colcon_core.verb:set package 'ros2controlcli' build argument 'catkin_skip_building_tests' from command line to 'False'
[1.793s] DEBUG:colcon.colcon_core.verb:Building package 'ros2controlcli' with the following arguments: {'ament_cmake_args': None, 'build_base': '/home/pinet/SLAM_AGV/workspace/build/ros2controlcli', 'catkin_cmake_args': None, 'catkin_skip_building_tests': False, 'cmake_args': None, 'cmake_clean_cache': False, 'cmake_clean_first': False, 'cmake_force_configure': False, 'cmake_target': None, 'cmake_target_skip_unavailable': False, 'install_base': '/home/pinet/SLAM_AGV/workspace/install/ros2controlcli', 'merge_install': False, 'path': '/home/pinet/SLAM_AGV/workspace/src/ros2_control/ros2controlcli', 'symlink_install': True, 'test_result_base': None}
[1.794s] Level 5:colcon.colcon_core.verb:set package 'rqt_controller_manager' build argument 'cmake_args' from command line to 'None'
[1.794s] Level 5:colcon.colcon_core.verb:set package 'rqt_controller_manager' build argument 'cmake_target' from command line to 'None'
[1.794s] Level 5:colcon.colcon_core.verb:set package 'rqt_controller_manager' build argument 'cmake_target_skip_unavailable' from command line to 'False'
[1.794s] Level 5:colcon.colcon_core.verb:set package 'rqt_controller_manager' build argument 'cmake_clean_cache' from command line to 'False'
[1.795s] Level 5:colcon.colcon_core.verb:set package 'rqt_controller_manager' build argument 'cmake_clean_first' from command line to 'False'
[1.795s] Level 5:colcon.colcon_core.verb:set package 'rqt_controller_manager' build argument 'cmake_force_configure' from command line to 'False'
[1.795s] Level 5:colcon.colcon_core.verb:set package 'rqt_controller_manager' build argument 'ament_cmake_args' from command line to 'None'
[1.795s] Level 5:colcon.colcon_core.verb:set package 'rqt_controller_manager' build argument 'catkin_cmake_args' from command line to 'None'
[1.795s] Level 5:colcon.colcon_core.verb:set package 'rqt_controller_manager' build argument 'catkin_skip_building_tests' from command line to 'False'
[1.795s] DEBUG:colcon.colcon_core.verb:Building package 'rqt_controller_manager' with the following arguments: {'ament_cmake_args': None, 'build_base': '/home/pinet/SLAM_AGV/workspace/build/rqt_controller_manager', 'catkin_cmake_args': None, 'catkin_skip_building_tests': False, 'cmake_args': None, 'cmake_clean_cache': False, 'cmake_clean_first': False, 'cmake_force_configure': False, 'cmake_target': None, 'cmake_target_skip_unavailable': False, 'install_base': '/home/pinet/SLAM_AGV/workspace/install/rqt_controller_manager', 'merge_install': False, 'path': '/home/pinet/SLAM_AGV/workspace/src/ros2_control/rqt_controller_manager', 'symlink_install': True, 'test_result_base': None}
[1.796s] Level 5:colcon.colcon_core.verb:set package 'steering_controllers_library' build argument 'cmake_args' from command line to 'None'
[1.797s] Level 5:colcon.colcon_core.verb:set package 'steering_controllers_library' build argument 'cmake_target' from command line to 'None'
[1.797s] Level 5:colcon.colcon_core.verb:set package 'steering_controllers_library' build argument 'cmake_target_skip_unavailable' from command line to 'False'
[1.797s] Level 5:colcon.colcon_core.verb:set package 'steering_controllers_library' build argument 'cmake_clean_cache' from command line to 'False'
[1.797s] Level 5:colcon.colcon_core.verb:set package 'steering_controllers_library' build argument 'cmake_clean_first' from command line to 'False'
[1.797s] Level 5:colcon.colcon_core.verb:set package 'steering_controllers_library' build argument 'cmake_force_configure' from command line to 'False'
[1.797s] Level 5:colcon.colcon_core.verb:set package 'steering_controllers_library' build argument 'ament_cmake_args' from command line to 'None'
[1.797s] Level 5:colcon.colcon_core.verb:set package 'steering_controllers_library' build argument 'catkin_cmake_args' from command line to 'None'
[1.797s] Level 5:colcon.colcon_core.verb:set package 'steering_controllers_library' build argument 'catkin_skip_building_tests' from command line to 'False'
[1.797s] DEBUG:colcon.colcon_core.verb:Building package 'steering_controllers_library' with the following arguments: {'ament_cmake_args': None, 'build_base': '/home/pinet/SLAM_AGV/workspace/build/steering_controllers_library', 'catkin_cmake_args': None, 'catkin_skip_building_tests': False, 'cmake_args': None, 'cmake_clean_cache': False, 'cmake_clean_first': False, 'cmake_force_configure': False, 'cmake_target': None, 'cmake_target_skip_unavailable': False, 'install_base': '/home/pinet/SLAM_AGV/workspace/install/steering_controllers_library', 'merge_install': False, 'path': '/home/pinet/SLAM_AGV/workspace/src/ros2_controllers/steering_controllers_library', 'symlink_install': True, 'test_result_base': None}
[1.799s] Level 5:colcon.colcon_core.verb:set package 'tricycle_controller' build argument 'cmake_args' from command line to 'None'
[1.799s] Level 5:colcon.colcon_core.verb:set package 'tricycle_controller' build argument 'cmake_target' from command line to 'None'
[1.799s] Level 5:colcon.colcon_core.verb:set package 'tricycle_controller' build argument 'cmake_target_skip_unavailable' from command line to 'False'
[1.799s] Level 5:colcon.colcon_core.verb:set package 'tricycle_controller' build argument 'cmake_clean_cache' from command line to 'False'
[1.799s] Level 5:colcon.colcon_core.verb:set package 'tricycle_controller' build argument 'cmake_clean_first' from command line to 'False'
[1.800s] Level 5:colcon.colcon_core.verb:set package 'tricycle_controller' build argument 'cmake_force_configure' from command line to 'False'
[1.800s] Level 5:colcon.colcon_core.verb:set package 'tricycle_controller' build argument 'ament_cmake_args' from command line to 'None'
[1.800s] Level 5:colcon.colcon_core.verb:set package 'tricycle_controller' build argument 'catkin_cmake_args' from command line to 'None'
[1.800s] Level 5:colcon.colcon_core.verb:set package 'tricycle_controller' build argument 'catkin_skip_building_tests' from command line to 'False'
[1.800s] DEBUG:colcon.colcon_core.verb:Building package 'tricycle_controller' with the following arguments: {'ament_cmake_args': None, 'build_base': '/home/pinet/SLAM_AGV/workspace/build/tricycle_controller', 'catkin_cmake_args': None, 'catkin_skip_building_tests': False, 'cmake_args': None, 'cmake_clean_cache': False, 'cmake_clean_first': False, 'cmake_force_configure': False, 'cmake_target': None, 'cmake_target_skip_unavailable': False, 'install_base': '/home/pinet/SLAM_AGV/workspace/install/tricycle_controller', 'merge_install': False, 'path': '/home/pinet/SLAM_AGV/workspace/src/ros2_controllers/tricycle_controller', 'symlink_install': True, 'test_result_base': None}
[1.802s] Level 5:colcon.colcon_core.verb:set package 'ackermann_steering_controller' build argument 'cmake_args' from command line to 'None'
[1.802s] Level 5:colcon.colcon_core.verb:set package 'ackermann_steering_controller' build argument 'cmake_target' from command line to 'None'
[1.802s] Level 5:colcon.colcon_core.verb:set package 'ackermann_steering_controller' build argument 'cmake_target_skip_unavailable' from command line to 'False'
[1.802s] Level 5:colcon.colcon_core.verb:set package 'ackermann_steering_controller' build argument 'cmake_clean_cache' from command line to 'False'
[1.802s] Level 5:colcon.colcon_core.verb:set package 'ackermann_steering_controller' build argument 'cmake_clean_first' from command line to 'False'
[1.802s] Level 5:colcon.colcon_core.verb:set package 'ackermann_steering_controller' build argument 'cmake_force_configure' from command line to 'False'
[1.803s] Level 5:colcon.colcon_core.verb:set package 'ackermann_steering_controller' build argument 'ament_cmake_args' from command line to 'None'
[1.803s] Level 5:colcon.colcon_core.verb:set package 'ackermann_steering_controller' build argument 'catkin_cmake_args' from command line to 'None'
[1.803s] Level 5:colcon.colcon_core.verb:set package 'ackermann_steering_controller' build argument 'catkin_skip_building_tests' from command line to 'False'
[1.803s] DEBUG:colcon.colcon_core.verb:Building package 'ackermann_steering_controller' with the following arguments: {'ament_cmake_args': None, 'build_base': '/home/pinet/SLAM_AGV/workspace/build/ackermann_steering_controller', 'catkin_cmake_args': None, 'catkin_skip_building_tests': False, 'cmake_args': None, 'cmake_clean_cache': False, 'cmake_clean_first': False, 'cmake_force_configure': False, 'cmake_target': None, 'cmake_target_skip_unavailable': False, 'install_base': '/home/pinet/SLAM_AGV/workspace/install/ackermann_steering_controller', 'merge_install': False, 'path': '/home/pinet/SLAM_AGV/workspace/src/ros2_controllers/ackermann_steering_controller', 'symlink_install': True, 'test_result_base': None}
[1.804s] Level 5:colcon.colcon_core.verb:set package 'bicycle_steering_controller' build argument 'cmake_args' from command line to 'None'
[1.805s] Level 5:colcon.colcon_core.verb:set package 'bicycle_steering_controller' build argument 'cmake_target' from command line to 'None'
[1.805s] Level 5:colcon.colcon_core.verb:set package 'bicycle_steering_controller' build argument 'cmake_target_skip_unavailable' from command line to 'False'
[1.805s] Level 5:colcon.colcon_core.verb:set package 'bicycle_steering_controller' build argument 'cmake_clean_cache' from command line to 'False'
[1.805s] Level 5:colcon.colcon_core.verb:set package 'bicycle_steering_controller' build argument 'cmake_clean_first' from command line to 'False'
[1.805s] Level 5:colcon.colcon_core.verb:set package 'bicycle_steering_controller' build argument 'cmake_force_configure' from command line to 'False'
[1.805s] Level 5:colcon.colcon_core.verb:set package 'bicycle_steering_controller' build argument 'ament_cmake_args' from command line to 'None'
[1.805s] Level 5:colcon.colcon_core.verb:set package 'bicycle_steering_controller' build argument 'catkin_cmake_args' from command line to 'None'
[1.805s] Level 5:colcon.colcon_core.verb:set package 'bicycle_steering_controller' build argument 'catkin_skip_building_tests' from command line to 'False'
[1.806s] DEBUG:colcon.colcon_core.verb:Building package 'bicycle_steering_controller' with the following arguments: {'ament_cmake_args': None, 'build_base': '/home/pinet/SLAM_AGV/workspace/build/bicycle_steering_controller', 'catkin_cmake_args': None, 'catkin_skip_building_tests': False, 'cmake_args': None, 'cmake_clean_cache': False, 'cmake_clean_first': False, 'cmake_force_configure': False, 'cmake_target': None, 'cmake_target_skip_unavailable': False, 'install_base': '/home/pinet/SLAM_AGV/workspace/install/bicycle_steering_controller', 'merge_install': False, 'path': '/home/pinet/SLAM_AGV/workspace/src/ros2_controllers/bicycle_steering_controller', 'symlink_install': True, 'test_result_base': None}
[1.807s] Level 5:colcon.colcon_core.verb:set package 'effort_controllers' build argument 'cmake_args' from command line to 'None'
[1.808s] Level 5:colcon.colcon_core.verb:set package 'effort_controllers' build argument 'cmake_target' from command line to 'None'
[1.808s] Level 5:colcon.colcon_core.verb:set package 'effort_controllers' build argument 'cmake_target_skip_unavailable' from command line to 'False'
[1.808s] Level 5:colcon.colcon_core.verb:set package 'effort_controllers' build argument 'cmake_clean_cache' from command line to 'False'
[1.808s] Level 5:colcon.colcon_core.verb:set package 'effort_controllers' build argument 'cmake_clean_first' from command line to 'False'
[1.808s] Level 5:colcon.colcon_core.verb:set package 'effort_controllers' build argument 'cmake_force_configure' from command line to 'False'
[1.808s] Level 5:colcon.colcon_core.verb:set package 'effort_controllers' build argument 'ament_cmake_args' from command line to 'None'
[1.808s] Level 5:colcon.colcon_core.verb:set package 'effort_controllers' build argument 'catkin_cmake_args' from command line to 'None'
[1.808s] Level 5:colcon.colcon_core.verb:set package 'effort_controllers' build argument 'catkin_skip_building_tests' from command line to 'False'
[1.808s] DEBUG:colcon.colcon_core.verb:Building package 'effort_controllers' with the following arguments: {'ament_cmake_args': None, 'build_base': '/home/pinet/SLAM_AGV/workspace/build/effort_controllers', 'catkin_cmake_args': None, 'catkin_skip_building_tests': False, 'cmake_args': None, 'cmake_clean_cache': False, 'cmake_clean_first': False, 'cmake_force_configure': False, 'cmake_target': None, 'cmake_target_skip_unavailable': False, 'install_base': '/home/pinet/SLAM_AGV/workspace/install/effort_controllers', 'merge_install': False, 'path': '/home/pinet/SLAM_AGV/workspace/src/ros2_controllers/effort_controllers', 'symlink_install': True, 'test_result_base': None}
[1.810s] Level 5:colcon.colcon_core.verb:set package 'position_controllers' build argument 'cmake_args' from command line to 'None'
[1.810s] Level 5:colcon.colcon_core.verb:set package 'position_controllers' build argument 'cmake_target' from command line to 'None'
[1.810s] Level 5:colcon.colcon_core.verb:set package 'position_controllers' build argument 'cmake_target_skip_unavailable' from command line to 'False'
[1.811s] Level 5:colcon.colcon_core.verb:set package 'position_controllers' build argument 'cmake_clean_cache' from command line to 'False'
[1.811s] Level 5:colcon.colcon_core.verb:set package 'position_controllers' build argument 'cmake_clean_first' from command line to 'False'
[1.811s] Level 5:colcon.colcon_core.verb:set package 'position_controllers' build argument 'cmake_force_configure' from command line to 'False'
[1.811s] Level 5:colcon.colcon_core.verb:set package 'position_controllers' build argument 'ament_cmake_args' from command line to 'None'
[1.811s] Level 5:colcon.colcon_core.verb:set package 'position_controllers' build argument 'catkin_cmake_args' from command line to 'None'
[1.811s] Level 5:colcon.colcon_core.verb:set package 'position_controllers' build argument 'catkin_skip_building_tests' from command line to 'False'
[1.811s] DEBUG:colcon.colcon_core.verb:Building package 'position_controllers' with the following arguments: {'ament_cmake_args': None, 'build_base': '/home/pinet/SLAM_AGV/workspace/build/position_controllers', 'catkin_cmake_args': None, 'catkin_skip_building_tests': False, 'cmake_args': None, 'cmake_clean_cache': False, 'cmake_clean_first': False, 'cmake_force_configure': False, 'cmake_target': None, 'cmake_target_skip_unavailable': False, 'install_base': '/home/pinet/SLAM_AGV/workspace/install/position_controllers', 'merge_install': False, 'path': '/home/pinet/SLAM_AGV/workspace/src/ros2_controllers/position_controllers', 'symlink_install': True, 'test_result_base': None}
[1.813s] Level 5:colcon.colcon_core.verb:set package 'ros2_control' build argument 'cmake_args' from command line to 'None'
[1.813s] Level 5:colcon.colcon_core.verb:set package 'ros2_control' build argument 'cmake_target' from command line to 'None'
[1.813s] Level 5:colcon.colcon_core.verb:set package 'ros2_control' build argument 'cmake_target_skip_unavailable' from command line to 'False'
[1.813s] Level 5:colcon.colcon_core.verb:set package 'ros2_control' build argument 'cmake_clean_cache' from command line to 'False'
[1.813s] Level 5:colcon.colcon_core.verb:set package 'ros2_control' build argument 'cmake_clean_first' from command line to 'False'
[1.814s] Level 5:colcon.colcon_core.verb:set package 'ros2_control' build argument 'cmake_force_configure' from command line to 'False'
[1.814s] Level 5:colcon.colcon_core.verb:set package 'ros2_control' build argument 'ament_cmake_args' from command line to 'None'
[1.814s] Level 5:colcon.colcon_core.verb:set package 'ros2_control' build argument 'catkin_cmake_args' from command line to 'None'
[1.814s] Level 5:colcon.colcon_core.verb:set package 'ros2_control' build argument 'catkin_skip_building_tests' from command line to 'False'
[1.814s] DEBUG:colcon.colcon_core.verb:Building package 'ros2_control' with the following arguments: {'ament_cmake_args': None, 'build_base': '/home/pinet/SLAM_AGV/workspace/build/ros2_control', 'catkin_cmake_args': None, 'catkin_skip_building_tests': False, 'cmake_args': None, 'cmake_clean_cache': False, 'cmake_clean_first': False, 'cmake_force_configure': False, 'cmake_target': None, 'cmake_target_skip_unavailable': False, 'install_base': '/home/pinet/SLAM_AGV/workspace/install/ros2_control', 'merge_install': False, 'path': '/home/pinet/SLAM_AGV/workspace/src/ros2_control/ros2_control', 'symlink_install': True, 'test_result_base': None}
[1.816s] Level 5:colcon.colcon_core.verb:set package 'tricycle_steering_controller' build argument 'cmake_args' from command line to 'None'
[1.816s] Level 5:colcon.colcon_core.verb:set package 'tricycle_steering_controller' build argument 'cmake_target' from command line to 'None'
[1.816s] Level 5:colcon.colcon_core.verb:set package 'tricycle_steering_controller' build argument 'cmake_target_skip_unavailable' from command line to 'False'
[1.816s] Level 5:colcon.colcon_core.verb:set package 'tricycle_steering_controller' build argument 'cmake_clean_cache' from command line to 'False'
[1.816s] Level 5:colcon.colcon_core.verb:set package 'tricycle_steering_controller' build argument 'cmake_clean_first' from command line to 'False'
[1.816s] Level 5:colcon.colcon_core.verb:set package 'tricycle_steering_controller' build argument 'cmake_force_configure' from command line to 'False'
[1.816s] Level 5:colcon.colcon_core.verb:set package 'tricycle_steering_controller' build argument 'ament_cmake_args' from command line to 'None'
[1.817s] Level 5:colcon.colcon_core.verb:set package 'tricycle_steering_controller' build argument 'catkin_cmake_args' from command line to 'None'
[1.817s] Level 5:colcon.colcon_core.verb:set package 'tricycle_steering_controller' build argument 'catkin_skip_building_tests' from command line to 'False'
[1.817s] DEBUG:colcon.colcon_core.verb:Building package 'tricycle_steering_controller' with the following arguments: {'ament_cmake_args': None, 'build_base': '/home/pinet/SLAM_AGV/workspace/build/tricycle_steering_controller', 'catkin_cmake_args': None, 'catkin_skip_building_tests': False, 'cmake_args': None, 'cmake_clean_cache': False, 'cmake_clean_first': False, 'cmake_force_configure': False, 'cmake_target': None, 'cmake_target_skip_unavailable': False, 'install_base': '/home/pinet/SLAM_AGV/workspace/install/tricycle_steering_controller', 'merge_install': False, 'path': '/home/pinet/SLAM_AGV/workspace/src/ros2_controllers/tricycle_steering_controller', 'symlink_install': True, 'test_result_base': None}
[1.818s] Level 5:colcon.colcon_core.verb:set package 'velocity_controllers' build argument 'cmake_args' from command line to 'None'
[1.818s] Level 5:colcon.colcon_core.verb:set package 'velocity_controllers' build argument 'cmake_target' from command line to 'None'
[1.818s] Level 5:colcon.colcon_core.verb:set package 'velocity_controllers' build argument 'cmake_target_skip_unavailable' from command line to 'False'
[1.819s] Level 5:colcon.colcon_core.verb:set package 'velocity_controllers' build argument 'cmake_clean_cache' from command line to 'False'
[1.819s] Level 5:colcon.colcon_core.verb:set package 'velocity_controllers' build argument 'cmake_clean_first' from command line to 'False'
[1.819s] Level 5:colcon.colcon_core.verb:set package 'velocity_controllers' build argument 'cmake_force_configure' from command line to 'False'
[1.819s] Level 5:colcon.colcon_core.verb:set package 'velocity_controllers' build argument 'ament_cmake_args' from command line to 'None'
[1.819s] Level 5:colcon.colcon_core.verb:set package 'velocity_controllers' build argument 'catkin_cmake_args' from command line to 'None'
[1.819s] Level 5:colcon.colcon_core.verb:set package 'velocity_controllers' build argument 'catkin_skip_building_tests' from command line to 'False'
[1.819s] DEBUG:colcon.colcon_core.verb:Building package 'velocity_controllers' with the following arguments: {'ament_cmake_args': None, 'build_base': '/home/pinet/SLAM_AGV/workspace/build/velocity_controllers', 'catkin_cmake_args': None, 'catkin_skip_building_tests': False, 'cmake_args': None, 'cmake_clean_cache': False, 'cmake_clean_first': False, 'cmake_force_configure': False, 'cmake_target': None, 'cmake_target_skip_unavailable': False, 'install_base': '/home/pinet/SLAM_AGV/workspace/install/velocity_controllers', 'merge_install': False, 'path': '/home/pinet/SLAM_AGV/workspace/src/ros2_controllers/velocity_controllers', 'symlink_install': True, 'test_result_base': None}
[1.821s] Level 5:colcon.colcon_core.verb:set package 'ros2_controllers' build argument 'cmake_args' from command line to 'None'
[1.821s] Level 5:colcon.colcon_core.verb:set package 'ros2_controllers' build argument 'cmake_target' from command line to 'None'
[1.821s] Level 5:colcon.colcon_core.verb:set package 'ros2_controllers' build argument 'cmake_target_skip_unavailable' from command line to 'False'
[1.821s] Level 5:colcon.colcon_core.verb:set package 'ros2_controllers' build argument 'cmake_clean_cache' from command line to 'False'
[1.821s] Level 5:colcon.colcon_core.verb:set package 'ros2_controllers' build argument 'cmake_clean_first' from command line to 'False'
[1.821s] Level 5:colcon.colcon_core.verb:set package 'ros2_controllers' build argument 'cmake_force_configure' from command line to 'False'
[1.821s] Level 5:colcon.colcon_core.verb:set package 'ros2_controllers' build argument 'ament_cmake_args' from command line to 'None'
[1.821s] Level 5:colcon.colcon_core.verb:set package 'ros2_controllers' build argument 'catkin_cmake_args' from command line to 'None'
[1.822s] Level 5:colcon.colcon_core.verb:set package 'ros2_controllers' build argument 'catkin_skip_building_tests' from command line to 'False'
[1.822s] DEBUG:colcon.colcon_core.verb:Building package 'ros2_controllers' with the following arguments: {'ament_cmake_args': None, 'build_base': '/home/pinet/SLAM_AGV/workspace/build/ros2_controllers', 'catkin_cmake_args': None, 'catkin_skip_building_tests': False, 'cmake_args': None, 'cmake_clean_cache': False, 'cmake_clean_first': False, 'cmake_force_configure': False, 'cmake_target': None, 'cmake_target_skip_unavailable': False, 'install_base': '/home/pinet/SLAM_AGV/workspace/install/ros2_controllers', 'merge_install': False, 'path': '/home/pinet/SLAM_AGV/workspace/src/ros2_controllers/ros2_controllers', 'symlink_install': True, 'test_result_base': None}
[1.822s] INFO:colcon.colcon_core.executor:Executing jobs using 'sequential' executor
[1.826s] DEBUG:colcon.colcon_core.executor.sequential:run_until_complete 'columbus'
[1.826s] INFO:colcon.colcon_ros.task.ament_cmake.build:Building ROS package in '/home/pinet/SLAM_AGV/workspace/src/columbus' with build type 'ament_cmake'
[1.827s] INFO:colcon.colcon_cmake.task.cmake.build:Building CMake package in '/home/pinet/SLAM_AGV/workspace/src/columbus'
[1.842s] INFO:colcon.colcon_core.plugin_system:Skipping extension 'colcon_core.shell.bat': Not used on non-Windows systems
[1.843s] INFO:colcon.colcon_core.shell:Skip shell extension 'powershell' for command environment: Not usable outside of PowerShell
[1.843s] DEBUG:colcon.colcon_core.shell:Skip shell extension 'dsv' for command environment
[1.871s] DEBUG:colcon.colcon_core.event_handler.log_command:Invoking command in '/home/pinet/SLAM_AGV/workspace/build/columbus': CMAKE_PREFIX_PATH=/opt/ros/humble /usr/bin/cmake /home/pinet/SLAM_AGV/workspace/src/columbus -DAMENT_CMAKE_SYMLINK_INSTALL=1 -DCMAKE_INSTALL_PREFIX=/home/pinet/SLAM_AGV/workspace/install/columbus
[4.709s] DEBUG:colcon.colcon_core.event_handler.log_command:Invoked command in '/home/pinet/SLAM_AGV/workspace/build/columbus' returned '0': CMAKE_PREFIX_PATH=/opt/ros/humble /usr/bin/cmake /home/pinet/SLAM_AGV/workspace/src/columbus -DAMENT_CMAKE_SYMLINK_INSTALL=1 -DCMAKE_INSTALL_PREFIX=/home/pinet/SLAM_AGV/workspace/install/columbus
[4.718s] DEBUG:colcon.colcon_core.event_handler.log_command:Invoking command in '/home/pinet/SLAM_AGV/workspace/build/columbus': CMAKE_PREFIX_PATH=/opt/ros/humble /usr/bin/cmake --build /home/pinet/SLAM_AGV/workspace/build/columbus -- -j4 -l4
[4.854s] DEBUG:colcon.colcon_core.event_handler.log_command:Invoked command in '/home/pinet/SLAM_AGV/workspace/build/columbus' returned '0': CMAKE_PREFIX_PATH=/opt/ros/humble /usr/bin/cmake --build /home/pinet/SLAM_AGV/workspace/build/columbus -- -j4 -l4
[4.894s] DEBUG:colcon.colcon_core.event_handler.log_command:Invoking command in '/home/pinet/SLAM_AGV/workspace/build/columbus': CMAKE_PREFIX_PATH=/opt/ros/humble /usr/bin/cmake --install /home/pinet/SLAM_AGV/workspace/build/columbus
[5.864s] Level 1:colcon.colcon_core.environment:create_environment_scripts_only(columbus)
[5.866s] DEBUG:colcon.colcon_core.event_handler.log_command:Invoked command in '/home/pinet/SLAM_AGV/workspace/build/columbus' returned '0': CMAKE_PREFIX_PATH=/opt/ros/humble /usr/bin/cmake --install /home/pinet/SLAM_AGV/workspace/build/columbus
[5.877s] Level 1:colcon.colcon_core.environment:checking '/home/pinet/SLAM_AGV/workspace/install/columbus' for CMake module files
[5.880s] Level 1:colcon.colcon_core.environment:checking '/home/pinet/SLAM_AGV/workspace/install/columbus' for CMake config files
[5.882s] Level 1:colcon.colcon_core.shell:create_environment_hook('columbus', 'cmake_prefix_path')
[5.883s] INFO:colcon.colcon_core.shell:Creating environment hook '/home/pinet/SLAM_AGV/workspace/install/columbus/share/columbus/hook/cmake_prefix_path.ps1'
[5.885s] INFO:colcon.colcon_core.shell:Creating environment descriptor '/home/pinet/SLAM_AGV/workspace/install/columbus/share/columbus/hook/cmake_prefix_path.dsv'
[5.887s] INFO:colcon.colcon_core.shell:Creating environment hook '/home/pinet/SLAM_AGV/workspace/install/columbus/share/columbus/hook/cmake_prefix_path.sh'
[5.890s] Level 1:colcon.colcon_core.environment:checking '/home/pinet/SLAM_AGV/workspace/install/columbus/bin'
[5.891s] Level 1:colcon.colcon_core.environment:checking '/home/pinet/SLAM_AGV/workspace/install/columbus/lib/pkgconfig/columbus.pc'
[5.891s] Level 1:colcon.colcon_core.environment:checking '/home/pinet/SLAM_AGV/workspace/install/columbus/lib/python3.10/site-packages'
[5.892s] Level 1:colcon.colcon_core.environment:checking '/home/pinet/SLAM_AGV/workspace/install/columbus/bin'
[5.893s] INFO:colcon.colcon_core.shell:Creating package script '/home/pinet/SLAM_AGV/workspace/install/columbus/share/columbus/package.ps1'
[5.896s] INFO:colcon.colcon_core.shell:Creating package descriptor '/home/pinet/SLAM_AGV/workspace/install/columbus/share/columbus/package.dsv'
[5.899s] INFO:colcon.colcon_core.shell:Creating package script '/home/pinet/SLAM_AGV/workspace/install/columbus/share/columbus/package.sh'
[5.901s] INFO:colcon.colcon_core.shell:Creating package script '/home/pinet/SLAM_AGV/workspace/install/columbus/share/columbus/package.bash'
[5.904s] INFO:colcon.colcon_core.shell:Creating package script '/home/pinet/SLAM_AGV/workspace/install/columbus/share/columbus/package.zsh'
[5.907s] Level 1:colcon.colcon_core.environment:create_file_with_runtime_dependencies(/home/pinet/SLAM_AGV/workspace/install/columbus/share/colcon-core/packages/columbus)
[5.910s] Level 1:colcon.colcon_core.environment:create_environment_scripts_only(columbus)
[5.911s] Level 1:colcon.colcon_core.environment:checking '/home/pinet/SLAM_AGV/workspace/install/columbus' for CMake module files
[5.913s] Level 1:colcon.colcon_core.environment:checking '/home/pinet/SLAM_AGV/workspace/install/columbus' for CMake config files
[5.915s] Level 1:colcon.colcon_core.shell:create_environment_hook('columbus', 'cmake_prefix_path')
[5.916s] INFO:colcon.colcon_core.shell:Creating environment hook '/home/pinet/SLAM_AGV/workspace/install/columbus/share/columbus/hook/cmake_prefix_path.ps1'
[5.918s] INFO:colcon.colcon_core.shell:Creating environment descriptor '/home/pinet/SLAM_AGV/workspace/install/columbus/share/columbus/hook/cmake_prefix_path.dsv'
[5.919s] INFO:colcon.colcon_core.shell:Creating environment hook '/home/pinet/SLAM_AGV/workspace/install/columbus/share/columbus/hook/cmake_prefix_path.sh'
[5.922s] Level 1:colcon.colcon_core.environment:checking '/home/pinet/SLAM_AGV/workspace/install/columbus/bin'
[5.922s] Level 1:colcon.colcon_core.environment:checking '/home/pinet/SLAM_AGV/workspace/install/columbus/lib/pkgconfig/columbus.pc'
[5.923s] Level 1:colcon.colcon_core.environment:checking '/home/pinet/SLAM_AGV/workspace/install/columbus/lib/python3.10/site-packages'
[5.924s] Level 1:colcon.colcon_core.environment:checking '/home/pinet/SLAM_AGV/workspace/install/columbus/bin'
[5.925s] INFO:colcon.colcon_core.shell:Creating package script '/home/pinet/SLAM_AGV/workspace/install/columbus/share/columbus/package.ps1'
[5.927s] INFO:colcon.colcon_core.shell:Creating package descriptor '/home/pinet/SLAM_AGV/workspace/install/columbus/share/columbus/package.dsv'
[5.929s] INFO:colcon.colcon_core.shell:Creating package script '/home/pinet/SLAM_AGV/workspace/install/columbus/share/columbus/package.sh'
[5.931s] INFO:colcon.colcon_core.shell:Creating package script '/home/pinet/SLAM_AGV/workspace/install/columbus/share/columbus/package.bash'
[5.933s] INFO:colcon.colcon_core.shell:Creating package script '/home/pinet/SLAM_AGV/workspace/install/columbus/share/columbus/package.zsh'
[5.936s] Level 1:colcon.colcon_core.environment:create_file_with_runtime_dependencies(/home/pinet/SLAM_AGV/workspace/install/columbus/share/colcon-core/packages/columbus)
[5.936s] DEBUG:colcon.colcon_core.executor.sequential:run_until_complete 'columbus' finished with '0'
[5.937s] DEBUG:colcon.colcon_core.executor.sequential:run_until_complete 'control_msgs'
[5.937s] INFO:colcon.colcon_ros.task.ament_cmake.build:Building ROS package in '/home/pinet/SLAM_AGV/workspace/src/control_msgs/control_msgs' with build type 'ament_cmake'
[5.937s] INFO:colcon.colcon_cmake.task.cmake.build:Building CMake package in '/home/pinet/SLAM_AGV/workspace/src/control_msgs/control_msgs'
[5.938s] INFO:colcon.colcon_core.shell:Skip shell extension 'powershell' for command environment: Not usable outside of PowerShell
[5.939s] DEBUG:colcon.colcon_core.shell:Skip shell extension 'dsv' for command environment
[5.974s] DEBUG:colcon.colcon_core.event_handler.log_command:Invoking command in '/home/pinet/SLAM_AGV/workspace/build/control_msgs': CMAKE_PREFIX_PATH=/opt/ros/humble /usr/bin/cmake --build /home/pinet/SLAM_AGV/workspace/build/control_msgs -- -j4 -l4
[7.569s] DEBUG:colcon.colcon_core.event_handler.log_command:Invoked command in '/home/pinet/SLAM_AGV/workspace/build/control_msgs' returned '0': CMAKE_PREFIX_PATH=/opt/ros/humble /usr/bin/cmake --build /home/pinet/SLAM_AGV/workspace/build/control_msgs -- -j4 -l4
[7.579s] DEBUG:colcon.colcon_core.event_handler.log_command:Invoking command in '/home/pinet/SLAM_AGV/workspace/build/control_msgs': CMAKE_PREFIX_PATH=/opt/ros/humble /usr/bin/cmake --install /home/pinet/SLAM_AGV/workspace/build/control_msgs
[8.355s] Level 1:colcon.colcon_core.environment:create_environment_scripts_only(control_msgs)
[8.356s] Level 1:colcon.colcon_core.environment:checking '/home/pinet/SLAM_AGV/workspace/install/control_msgs' for CMake module files
[8.358s] DEBUG:colcon.colcon_core.event_handler.log_command:Invoked command in '/home/pinet/SLAM_AGV/workspace/build/control_msgs' returned '0': CMAKE_PREFIX_PATH=/opt/ros/humble /usr/bin/cmake --install /home/pinet/SLAM_AGV/workspace/build/control_msgs
[8.362s] Level 1:colcon.colcon_core.environment:checking '/home/pinet/SLAM_AGV/workspace/install/control_msgs' for CMake config files
[8.372s] Level 1:colcon.colcon_core.shell:create_environment_hook('control_msgs', 'cmake_prefix_path')
[8.373s] INFO:colcon.colcon_core.shell:Creating environment hook '/home/pinet/SLAM_AGV/workspace/install/control_msgs/share/control_msgs/hook/cmake_prefix_path.ps1'
[8.375s] INFO:colcon.colcon_core.shell:Creating environment descriptor '/home/pinet/SLAM_AGV/workspace/install/control_msgs/share/control_msgs/hook/cmake_prefix_path.dsv'
[8.377s] INFO:colcon.colcon_core.shell:Creating environment hook '/home/pinet/SLAM_AGV/workspace/install/control_msgs/share/control_msgs/hook/cmake_prefix_path.sh'
[8.379s] Level 1:colcon.colcon_core.environment:checking '/home/pinet/SLAM_AGV/workspace/install/control_msgs/lib'
[8.380s] Level 1:colcon.colcon_core.shell:create_environment_hook('control_msgs', 'ld_library_path_lib')
[8.381s] INFO:colcon.colcon_core.shell:Creating environment hook '/home/pinet/SLAM_AGV/workspace/install/control_msgs/share/control_msgs/hook/ld_library_path_lib.ps1'
[8.383s] INFO:colcon.colcon_core.shell:Creating environment descriptor '/home/pinet/SLAM_AGV/workspace/install/control_msgs/share/control_msgs/hook/ld_library_path_lib.dsv'
[8.385s] INFO:colcon.colcon_core.shell:Creating environment hook '/home/pinet/SLAM_AGV/workspace/install/control_msgs/share/control_msgs/hook/ld_library_path_lib.sh'
[8.387s] Level 1:colcon.colcon_core.environment:checking '/home/pinet/SLAM_AGV/workspace/install/control_msgs/bin'
[8.387s] Level 1:colcon.colcon_core.environment:checking '/home/pinet/SLAM_AGV/workspace/install/control_msgs/lib/pkgconfig/control_msgs.pc'
[8.388s] Level 1:colcon.colcon_core.environment:checking '/home/pinet/SLAM_AGV/workspace/install/control_msgs/lib/python3.10/site-packages'
[8.389s] Level 1:colcon.colcon_core.environment:checking '/home/pinet/SLAM_AGV/workspace/install/control_msgs/bin'
[8.390s] INFO:colcon.colcon_core.shell:Creating package script '/home/pinet/SLAM_AGV/workspace/install/control_msgs/share/control_msgs/package.ps1'
[8.393s] INFO:colcon.colcon_core.shell:Creating package descriptor '/home/pinet/SLAM_AGV/workspace/install/control_msgs/share/control_msgs/package.dsv'
[8.395s] INFO:colcon.colcon_core.shell:Creating package script '/home/pinet/SLAM_AGV/workspace/install/control_msgs/share/control_msgs/package.sh'
[8.397s] INFO:colcon.colcon_core.shell:Creating package script '/home/pinet/SLAM_AGV/workspace/install/control_msgs/share/control_msgs/package.bash'
[8.399s] INFO:colcon.colcon_core.shell:Creating package script '/home/pinet/SLAM_AGV/workspace/install/control_msgs/share/control_msgs/package.zsh'
[8.401s] Level 1:colcon.colcon_core.environment:create_file_with_runtime_dependencies(/home/pinet/SLAM_AGV/workspace/install/control_msgs/share/colcon-core/packages/control_msgs)
[8.404s] Level 1:colcon.colcon_core.environment:create_environment_scripts_only(control_msgs)
[8.404s] Level 1:colcon.colcon_core.environment:checking '/home/pinet/SLAM_AGV/workspace/install/control_msgs' for CMake module files
[8.408s] Level 1:colcon.colcon_core.environment:checking '/home/pinet/SLAM_AGV/workspace/install/control_msgs' for CMake config files
[8.415s] Level 1:colcon.colcon_core.shell:create_environment_hook('control_msgs', 'cmake_prefix_path')
[8.416s] INFO:colcon.colcon_core.shell:Creating environment hook '/home/pinet/SLAM_AGV/workspace/install/control_msgs/share/control_msgs/hook/cmake_prefix_path.ps1'
[8.418s] INFO:colcon.colcon_core.shell:Creating environment descriptor '/home/pinet/SLAM_AGV/workspace/install/control_msgs/share/control_msgs/hook/cmake_prefix_path.dsv'
[8.420s] INFO:colcon.colcon_core.shell:Creating environment hook '/home/pinet/SLAM_AGV/workspace/install/control_msgs/share/control_msgs/hook/cmake_prefix_path.sh'
[8.423s] Level 1:colcon.colcon_core.environment:checking '/home/pinet/SLAM_AGV/workspace/install/control_msgs/lib'
[8.423s] Level 1:colcon.colcon_core.shell:create_environment_hook('control_msgs', 'ld_library_path_lib')
[8.424s] INFO:colcon.colcon_core.shell:Creating environment hook '/home/pinet/SLAM_AGV/workspace/install/control_msgs/share/control_msgs/hook/ld_library_path_lib.ps1'
[8.426s] INFO:colcon.colcon_core.shell:Creating environment descriptor '/home/pinet/SLAM_AGV/workspace/install/control_msgs/share/control_msgs/hook/ld_library_path_lib.dsv'
[8.428s] INFO:colcon.colcon_core.shell:Creating environment hook '/home/pinet/SLAM_AGV/workspace/install/control_msgs/share/control_msgs/hook/ld_library_path_lib.sh'
[8.430s] Level 1:colcon.colcon_core.environment:checking '/home/pinet/SLAM_AGV/workspace/install/control_msgs/bin'
[8.430s] Level 1:colcon.colcon_core.environment:checking '/home/pinet/SLAM_AGV/workspace/install/control_msgs/lib/pkgconfig/control_msgs.pc'
[8.431s] Level 1:colcon.colcon_core.environment:checking '/home/pinet/SLAM_AGV/workspace/install/control_msgs/lib/python3.10/site-packages'
[8.432s] Level 1:colcon.colcon_core.environment:checking '/home/pinet/SLAM_AGV/workspace/install/control_msgs/bin'
[8.433s] INFO:colcon.colcon_core.shell:Creating package script '/home/pinet/SLAM_AGV/workspace/install/control_msgs/share/control_msgs/package.ps1'
[8.435s] INFO:colcon.colcon_core.shell:Creating package descriptor '/home/pinet/SLAM_AGV/workspace/install/control_msgs/share/control_msgs/package.dsv'
[8.438s] INFO:colcon.colcon_core.shell:Creating package script '/home/pinet/SLAM_AGV/workspace/install/control_msgs/share/control_msgs/package.sh'
[8.440s] INFO:colcon.colcon_core.shell:Creating package script '/home/pinet/SLAM_AGV/workspace/install/control_msgs/share/control_msgs/package.bash'
[8.442s] INFO:colcon.colcon_core.shell:Creating package script '/home/pinet/SLAM_AGV/workspace/install/control_msgs/share/control_msgs/package.zsh'
[8.445s] Level 1:colcon.colcon_core.environment:create_file_with_runtime_dependencies(/home/pinet/SLAM_AGV/workspace/install/control_msgs/share/colcon-core/packages/control_msgs)
[8.446s] DEBUG:colcon.colcon_core.executor.sequential:run_until_complete 'control_msgs' finished with '0'
[8.446s] DEBUG:colcon.colcon_core.executor.sequential:run_until_complete 'controller_manager_msgs'
[8.447s] INFO:colcon.colcon_ros.task.ament_cmake.build:Building ROS package in '/home/pinet/SLAM_AGV/workspace/src/ros2_control/controller_manager_msgs' with build type 'ament_cmake'
[8.447s] INFO:colcon.colcon_cmake.task.cmake.build:Building CMake package in '/home/pinet/SLAM_AGV/workspace/src/ros2_control/controller_manager_msgs'
[8.448s] INFO:colcon.colcon_core.shell:Skip shell extension 'powershell' for command environment: Not usable outside of PowerShell
[8.448s] DEBUG:colcon.colcon_core.shell:Skip shell extension 'dsv' for command environment
[8.481s] DEBUG:colcon.colcon_core.event_handler.log_command:Invoking command in '/home/pinet/SLAM_AGV/workspace/build/controller_manager_msgs': CMAKE_PREFIX_PATH=/opt/ros/humble /usr/bin/cmake /home/pinet/SLAM_AGV/workspace/src/ros2_control/controller_manager_msgs -DAMENT_CMAKE_SYMLINK_INSTALL=1 -DCMAKE_INSTALL_PREFIX=/home/pinet/SLAM_AGV/workspace/install/controller_manager_msgs
[15.817s] DEBUG:colcon.colcon_core.event_handler.log_command:Invoked command in '/home/pinet/SLAM_AGV/workspace/build/controller_manager_msgs' returned '0': CMAKE_PREFIX_PATH=/opt/ros/humble /usr/bin/cmake /home/pinet/SLAM_AGV/workspace/src/ros2_control/controller_manager_msgs -DAMENT_CMAKE_SYMLINK_INSTALL=1 -DCMAKE_INSTALL_PREFIX=/home/pinet/SLAM_AGV/workspace/install/controller_manager_msgs
[15.824s] DEBUG:colcon.colcon_core.event_handler.log_command:Invoking command in '/home/pinet/SLAM_AGV/workspace/build/controller_manager_msgs': CMAKE_PREFIX_PATH=/opt/ros/humble /usr/bin/cmake --build /home/pinet/SLAM_AGV/workspace/build/controller_manager_msgs -- -j4 -l4
[84.000s] DEBUG:colcon.colcon_core.event_handler.log_command:Invoked command in '/home/pinet/SLAM_AGV/workspace/build/controller_manager_msgs' returned '0': CMAKE_PREFIX_PATH=/opt/ros/humble /usr/bin/cmake --build /home/pinet/SLAM_AGV/workspace/build/controller_manager_msgs -- -j4 -l4
[84.010s] DEBUG:colcon.colcon_core.event_handler.log_command:Invoking command in '/home/pinet/SLAM_AGV/workspace/build/controller_manager_msgs': CMAKE_PREFIX_PATH=/opt/ros/humble /usr/bin/cmake --install /home/pinet/SLAM_AGV/workspace/build/controller_manager_msgs
[93.523s] Level 1:colcon.colcon_core.environment:create_environment_scripts_only(controller_manager_msgs)
[93.525s] Level 1:colcon.colcon_core.environment:checking '/home/pinet/SLAM_AGV/workspace/install/controller_manager_msgs' for CMake module files
[93.526s] DEBUG:colcon.colcon_core.event_handler.log_command:Invoked command in '/home/pinet/SLAM_AGV/workspace/build/controller_manager_msgs' returned '0': CMAKE_PREFIX_PATH=/opt/ros/humble /usr/bin/cmake --install /home/pinet/SLAM_AGV/workspace/build/controller_manager_msgs
[93.530s] Level 1:colcon.colcon_core.environment:checking '/home/pinet/SLAM_AGV/workspace/install/controller_manager_msgs' for CMake config files
[93.536s] Level 1:colcon.colcon_core.shell:create_environment_hook('controller_manager_msgs', 'cmake_prefix_path')
[93.537s] INFO:colcon.colcon_core.shell:Creating environment hook '/home/pinet/SLAM_AGV/workspace/install/controller_manager_msgs/share/controller_manager_msgs/hook/cmake_prefix_path.ps1'
[93.539s] INFO:colcon.colcon_core.shell:Creating environment descriptor '/home/pinet/SLAM_AGV/workspace/install/controller_manager_msgs/share/controller_manager_msgs/hook/cmake_prefix_path.dsv'
[93.540s] INFO:colcon.colcon_core.shell:Creating environment hook '/home/pinet/SLAM_AGV/workspace/install/controller_manager_msgs/share/controller_manager_msgs/hook/cmake_prefix_path.sh'
[93.542s] Level 1:colcon.colcon_core.environment:checking '/home/pinet/SLAM_AGV/workspace/install/controller_manager_msgs/lib'
[93.543s] Level 1:colcon.colcon_core.shell:create_environment_hook('controller_manager_msgs', 'ld_library_path_lib')
[93.544s] INFO:colcon.colcon_core.shell:Creating environment hook '/home/pinet/SLAM_AGV/workspace/install/controller_manager_msgs/share/controller_manager_msgs/hook/ld_library_path_lib.ps1'
[93.546s] INFO:colcon.colcon_core.shell:Creating environment descriptor '/home/pinet/SLAM_AGV/workspace/install/controller_manager_msgs/share/controller_manager_msgs/hook/ld_library_path_lib.dsv'
[93.547s] INFO:colcon.colcon_core.shell:Creating environment hook '/home/pinet/SLAM_AGV/workspace/install/controller_manager_msgs/share/controller_manager_msgs/hook/ld_library_path_lib.sh'
[93.549s] Level 1:colcon.colcon_core.environment:checking '/home/pinet/SLAM_AGV/workspace/install/controller_manager_msgs/bin'
[93.549s] Level 1:colcon.colcon_core.environment:checking '/home/pinet/SLAM_AGV/workspace/install/controller_manager_msgs/lib/pkgconfig/controller_manager_msgs.pc'
[93.550s] Level 1:colcon.colcon_core.environment:checking '/home/pinet/SLAM_AGV/workspace/install/controller_manager_msgs/lib/python3.10/site-packages'
[93.551s] Level 1:colcon.colcon_core.environment:checking '/home/pinet/SLAM_AGV/workspace/install/controller_manager_msgs/bin'
[93.552s] INFO:colcon.colcon_core.shell:Creating package script '/home/pinet/SLAM_AGV/workspace/install/controller_manager_msgs/share/controller_manager_msgs/package.ps1'
[93.554s] INFO:colcon.colcon_core.shell:Creating package descriptor '/home/pinet/SLAM_AGV/workspace/install/controller_manager_msgs/share/controller_manager_msgs/package.dsv'
[93.556s] INFO:colcon.colcon_core.shell:Creating package script '/home/pinet/SLAM_AGV/workspace/install/controller_manager_msgs/share/controller_manager_msgs/package.sh'
[93.558s] INFO:colcon.colcon_core.shell:Creating package script '/home/pinet/SLAM_AGV/workspace/install/controller_manager_msgs/share/controller_manager_msgs/package.bash'
[93.559s] INFO:colcon.colcon_core.shell:Creating package script '/home/pinet/SLAM_AGV/workspace/install/controller_manager_msgs/share/controller_manager_msgs/package.zsh'
[93.561s] Level 1:colcon.colcon_core.environment:create_file_with_runtime_dependencies(/home/pinet/SLAM_AGV/workspace/install/controller_manager_msgs/share/colcon-core/packages/controller_manager_msgs)
[93.564s] Level 1:colcon.colcon_core.environment:create_environment_scripts_only(controller_manager_msgs)
[93.564s] Level 1:colcon.colcon_core.environment:checking '/home/pinet/SLAM_AGV/workspace/install/controller_manager_msgs' for CMake module files
[93.569s] Level 1:colcon.colcon_core.environment:checking '/home/pinet/SLAM_AGV/workspace/install/controller_manager_msgs' for CMake config files
[93.575s] Level 1:colcon.colcon_core.shell:create_environment_hook('controller_manager_msgs', 'cmake_prefix_path')
[93.576s] INFO:colcon.colcon_core.shell:Creating environment hook '/home/pinet/SLAM_AGV/workspace/install/controller_manager_msgs/share/controller_manager_msgs/hook/cmake_prefix_path.ps1'
[93.578s] INFO:colcon.colcon_core.shell:Creating environment descriptor '/home/pinet/SLAM_AGV/workspace/install/controller_manager_msgs/share/controller_manager_msgs/hook/cmake_prefix_path.dsv'
[93.579s] INFO:colcon.colcon_core.shell:Creating environment hook '/home/pinet/SLAM_AGV/workspace/install/controller_manager_msgs/share/controller_manager_msgs/hook/cmake_prefix_path.sh'
[93.582s] Level 1:colcon.colcon_core.environment:checking '/home/pinet/SLAM_AGV/workspace/install/controller_manager_msgs/lib'
[93.582s] Level 1:colcon.colcon_core.shell:create_environment_hook('controller_manager_msgs', 'ld_library_path_lib')
[93.583s] INFO:colcon.colcon_core.shell:Creating environment hook '/home/pinet/SLAM_AGV/workspace/install/controller_manager_msgs/share/controller_manager_msgs/hook/ld_library_path_lib.ps1'
[93.585s] INFO:colcon.colcon_core.shell:Creating environment descriptor '/home/pinet/SLAM_AGV/workspace/install/controller_manager_msgs/share/controller_manager_msgs/hook/ld_library_path_lib.dsv'
[93.587s] INFO:colcon.colcon_core.shell:Creating environment hook '/home/pinet/SLAM_AGV/workspace/install/controller_manager_msgs/share/controller_manager_msgs/hook/ld_library_path_lib.sh'
[93.589s] Level 1:colcon.colcon_core.environment:checking '/home/pinet/SLAM_AGV/workspace/install/controller_manager_msgs/bin'
[93.589s] Level 1:colcon.colcon_core.environment:checking '/home/pinet/SLAM_AGV/workspace/install/controller_manager_msgs/lib/pkgconfig/controller_manager_msgs.pc'
[93.590s] Level 1:colcon.colcon_core.environment:checking '/home/pinet/SLAM_AGV/workspace/install/controller_manager_msgs/lib/python3.10/site-packages'
[93.591s] Level 1:colcon.colcon_core.environment:checking '/home/pinet/SLAM_AGV/workspace/install/controller_manager_msgs/bin'
[93.592s] INFO:colcon.colcon_core.shell:Creating package script '/home/pinet/SLAM_AGV/workspace/install/controller_manager_msgs/share/controller_manager_msgs/package.ps1'
[93.595s] INFO:colcon.colcon_core.shell:Creating package descriptor '/home/pinet/SLAM_AGV/workspace/install/controller_manager_msgs/share/controller_manager_msgs/package.dsv'
[93.597s] INFO:colcon.colcon_core.shell:Creating package script '/home/pinet/SLAM_AGV/workspace/install/controller_manager_msgs/share/controller_manager_msgs/package.sh'
[93.599s] INFO:colcon.colcon_core.shell:Creating package script '/home/pinet/SLAM_AGV/workspace/install/controller_manager_msgs/share/controller_manager_msgs/package.bash'
[93.601s] INFO:colcon.colcon_core.shell:Creating package script '/home/pinet/SLAM_AGV/workspace/install/controller_manager_msgs/share/controller_manager_msgs/package.zsh'
[93.603s] Level 1:colcon.colcon_core.environment:create_file_with_runtime_dependencies(/home/pinet/SLAM_AGV/workspace/install/controller_manager_msgs/share/colcon-core/packages/controller_manager_msgs)
[93.604s] DEBUG:colcon.colcon_core.executor.sequential:run_until_complete 'controller_manager_msgs' finished with '0'
[93.604s] DEBUG:colcon.colcon_core.executor.sequential:run_until_complete 'joint_limits'
[93.605s] INFO:colcon.colcon_ros.task.ament_cmake.build:Building ROS package in '/home/pinet/SLAM_AGV/workspace/src/ros2_control/joint_limits' with build type 'ament_cmake'
[93.605s] INFO:colcon.colcon_cmake.task.cmake.build:Building CMake package in '/home/pinet/SLAM_AGV/workspace/src/ros2_control/joint_limits'
[93.606s] INFO:colcon.colcon_core.shell:Skip shell extension 'powershell' for command environment: Not usable outside of PowerShell
[93.607s] DEBUG:colcon.colcon_core.shell:Skip shell extension 'dsv' for command environment
[93.640s] DEBUG:colcon.colcon_core.event_handler.log_command:Invoking command in '/home/pinet/SLAM_AGV/workspace/build/joint_limits': CMAKE_PREFIX_PATH=/opt/ros/humble /usr/bin/cmake /home/pinet/SLAM_AGV/workspace/src/ros2_control/joint_limits -DAMENT_CMAKE_SYMLINK_INSTALL=1 -DCMAKE_INSTALL_PREFIX=/home/pinet/SLAM_AGV/workspace/install/joint_limits
[99.234s] DEBUG:colcon.colcon_core.event_handler.log_command:Invoked command in '/home/pinet/SLAM_AGV/workspace/build/joint_limits' returned '0': CMAKE_PREFIX_PATH=/opt/ros/humble /usr/bin/cmake /home/pinet/SLAM_AGV/workspace/src/ros2_control/joint_limits -DAMENT_CMAKE_SYMLINK_INSTALL=1 -DCMAKE_INSTALL_PREFIX=/home/pinet/SLAM_AGV/workspace/install/joint_limits
[99.241s] DEBUG:colcon.colcon_core.event_handler.log_command:Invoking command in '/home/pinet/SLAM_AGV/workspace/build/joint_limits': CMAKE_PREFIX_PATH=/opt/ros/humble /usr/bin/cmake --build /home/pinet/SLAM_AGV/workspace/build/joint_limits -- -j4 -l4
[131.477s] DEBUG:colcon.colcon_core.event_handler.log_command:Invoked command in '/home/pinet/SLAM_AGV/workspace/build/joint_limits' returned '0': CMAKE_PREFIX_PATH=/opt/ros/humble /usr/bin/cmake --build /home/pinet/SLAM_AGV/workspace/build/joint_limits -- -j4 -l4
[131.485s] DEBUG:colcon.colcon_core.event_handler.log_command:Invoking command in '/home/pinet/SLAM_AGV/workspace/build/joint_limits': CMAKE_PREFIX_PATH=/opt/ros/humble /usr/bin/cmake --install /home/pinet/SLAM_AGV/workspace/build/joint_limits
[132.328s] Level 1:colcon.colcon_core.environment:create_environment_scripts_only(joint_limits)
[132.329s] Level 1:colcon.colcon_core.environment:checking '/home/pinet/SLAM_AGV/workspace/install/joint_limits' for CMake module files
[132.331s] DEBUG:colcon.colcon_core.event_handler.log_command:Invoked command in '/home/pinet/SLAM_AGV/workspace/build/joint_limits' returned '0': CMAKE_PREFIX_PATH=/opt/ros/humble /usr/bin/cmake --install /home/pinet/SLAM_AGV/workspace/build/joint_limits
[132.333s] Level 1:colcon.colcon_core.environment:checking '/home/pinet/SLAM_AGV/workspace/install/joint_limits' for CMake config files
[132.335s] Level 1:colcon.colcon_core.shell:create_environment_hook('joint_limits', 'cmake_prefix_path')
[132.336s] INFO:colcon.colcon_core.shell:Creating environment hook '/home/pinet/SLAM_AGV/workspace/install/joint_limits/share/joint_limits/hook/cmake_prefix_path.ps1'
[132.338s] INFO:colcon.colcon_core.shell:Creating environment descriptor '/home/pinet/SLAM_AGV/workspace/install/joint_limits/share/joint_limits/hook/cmake_prefix_path.dsv'
[132.339s] INFO:colcon.colcon_core.shell:Creating environment hook '/home/pinet/SLAM_AGV/workspace/install/joint_limits/share/joint_limits/hook/cmake_prefix_path.sh'
[132.341s] Level 1:colcon.colcon_core.environment:checking '/home/pinet/SLAM_AGV/workspace/install/joint_limits/lib'
[132.342s] Level 1:colcon.colcon_core.environment:checking '/home/pinet/SLAM_AGV/workspace/install/joint_limits/bin'
[132.342s] Level 1:colcon.colcon_core.environment:checking '/home/pinet/SLAM_AGV/workspace/install/joint_limits/lib/pkgconfig/joint_limits.pc'
[132.343s] Level 1:colcon.colcon_core.environment:checking '/home/pinet/SLAM_AGV/workspace/install/joint_limits/lib/python3.10/site-packages'
[132.344s] Level 1:colcon.colcon_core.environment:checking '/home/pinet/SLAM_AGV/workspace/install/joint_limits/bin'
[132.345s] INFO:colcon.colcon_core.shell:Creating package script '/home/pinet/SLAM_AGV/workspace/install/joint_limits/share/joint_limits/package.ps1'
[132.347s] INFO:colcon.colcon_core.shell:Creating package descriptor '/home/pinet/SLAM_AGV/workspace/install/joint_limits/share/joint_limits/package.dsv'
[132.349s] INFO:colcon.colcon_core.shell:Creating package script '/home/pinet/SLAM_AGV/workspace/install/joint_limits/share/joint_limits/package.sh'
[132.351s] INFO:colcon.colcon_core.shell:Creating package script '/home/pinet/SLAM_AGV/workspace/install/joint_limits/share/joint_limits/package.bash'
[132.352s] INFO:colcon.colcon_core.shell:Creating package script '/home/pinet/SLAM_AGV/workspace/install/joint_limits/share/joint_limits/package.zsh'
[132.353s] Level 1:colcon.colcon_core.environment:create_file_with_runtime_dependencies(/home/pinet/SLAM_AGV/workspace/install/joint_limits/share/colcon-core/packages/joint_limits)
[132.356s] Level 1:colcon.colcon_core.environment:create_environment_scripts_only(joint_limits)
[132.357s] Level 1:colcon.colcon_core.environment:checking '/home/pinet/SLAM_AGV/workspace/install/joint_limits' for CMake module files
[132.360s] Level 1:colcon.colcon_core.environment:checking '/home/pinet/SLAM_AGV/workspace/install/joint_limits' for CMake config files
[132.362s] Level 1:colcon.colcon_core.shell:create_environment_hook('joint_limits', 'cmake_prefix_path')
[132.362s] INFO:colcon.colcon_core.shell:Creating environment hook '/home/pinet/SLAM_AGV/workspace/install/joint_limits/share/joint_limits/hook/cmake_prefix_path.ps1'
[132.364s] INFO:colcon.colcon_core.shell:Creating environment descriptor '/home/pinet/SLAM_AGV/workspace/install/joint_limits/share/joint_limits/hook/cmake_prefix_path.dsv'
[132.366s] INFO:colcon.colcon_core.shell:Creating environment hook '/home/pinet/SLAM_AGV/workspace/install/joint_limits/share/joint_limits/hook/cmake_prefix_path.sh'
[132.369s] Level 1:colcon.colcon_core.environment:checking '/home/pinet/SLAM_AGV/workspace/install/joint_limits/lib'
[132.369s] Level 1:colcon.colcon_core.environment:checking '/home/pinet/SLAM_AGV/workspace/install/joint_limits/bin'
[132.369s] Level 1:colcon.colcon_core.environment:checking '/home/pinet/SLAM_AGV/workspace/install/joint_limits/lib/pkgconfig/joint_limits.pc'
[132.370s] Level 1:colcon.colcon_core.environment:checking '/home/pinet/SLAM_AGV/workspace/install/joint_limits/lib/python3.10/site-packages'
[132.371s] Level 1:colcon.colcon_core.environment:checking '/home/pinet/SLAM_AGV/workspace/install/joint_limits/bin'
[132.372s] INFO:colcon.colcon_core.shell:Creating package script '/home/pinet/SLAM_AGV/workspace/install/joint_limits/share/joint_limits/package.ps1'
[132.374s] INFO:colcon.colcon_core.shell:Creating package descriptor '/home/pinet/SLAM_AGV/workspace/install/joint_limits/share/joint_limits/package.dsv'
[132.376s] INFO:colcon.colcon_core.shell:Creating package script '/home/pinet/SLAM_AGV/workspace/install/joint_limits/share/joint_limits/package.sh'
[132.378s] INFO:colcon.colcon_core.shell:Creating package script '/home/pinet/SLAM_AGV/workspace/install/joint_limits/share/joint_limits/package.bash'
[132.380s] INFO:colcon.colcon_core.shell:Creating package script '/home/pinet/SLAM_AGV/workspace/install/joint_limits/share/joint_limits/package.zsh'
[132.383s] Level 1:colcon.colcon_core.environment:create_file_with_runtime_dependencies(/home/pinet/SLAM_AGV/workspace/install/joint_limits/share/colcon-core/packages/joint_limits)
[132.384s] DEBUG:colcon.colcon_core.executor.sequential:run_until_complete 'joint_limits' finished with '0'
[132.384s] DEBUG:colcon.colcon_core.executor.sequential:run_until_complete 'joy_tester'
[132.385s] INFO:colcon.colcon_ros.task.ament_python.build:Building ROS package in '/home/pinet/SLAM_AGV/workspace/src/joy_tester' with build type 'ament_python'
[132.385s] Level 1:colcon.colcon_core.shell:create_environment_hook('joy_tester', 'ament_prefix_path')
[132.386s] INFO:colcon.colcon_core.shell:Creating environment hook '/home/pinet/SLAM_AGV/workspace/install/joy_tester/share/joy_tester/hook/ament_prefix_path.ps1'
[132.390s] INFO:colcon.colcon_core.shell:Creating environment descriptor '/home/pinet/SLAM_AGV/workspace/install/joy_tester/share/joy_tester/hook/ament_prefix_path.dsv'
[132.392s] INFO:colcon.colcon_core.shell:Creating environment hook '/home/pinet/SLAM_AGV/workspace/install/joy_tester/share/joy_tester/hook/ament_prefix_path.sh'
[132.394s] INFO:colcon.colcon_core.shell:Skip shell extension 'powershell' for command environment: Not usable outside of PowerShell
[132.395s] DEBUG:colcon.colcon_core.shell:Skip shell extension 'dsv' for command environment
[133.398s] INFO:colcon.colcon_core.task.python.build:Building Python package in '/home/pinet/SLAM_AGV/workspace/src/joy_tester'
[133.399s] INFO:colcon.colcon_core.shell:Skip shell extension 'powershell' for command environment: Not usable outside of PowerShell
[133.399s] DEBUG:colcon.colcon_core.shell:Skip shell extension 'dsv' for command environment
[135.296s] DEBUG:colcon.colcon_core.event_handler.log_command:Invoking command in '/home/pinet/SLAM_AGV/workspace/build/joy_tester': PYTHONPATH=/home/pinet/SLAM_AGV/workspace/build/joy_tester/prefix_override:/usr/lib/python3/dist-packages/colcon_core/task/python/colcon_distutils_commands:/home/pinet/SLAM_AGV/workspace/install/joy_tester/lib/python3.10/site-packages:${PYTHONPATH} /usr/bin/python3 -W ignore:setup.py install is deprecated -W ignore:easy_install command is deprecated setup.py develop --editable --build-directory /home/pinet/SLAM_AGV/workspace/build/joy_tester/build --no-deps symlink_data
[136.992s] Level 1:colcon.colcon_core.shell:create_environment_hook('joy_tester', 'pythonpath_develop')
[136.993s] INFO:colcon.colcon_core.shell:Creating environment hook '/home/pinet/SLAM_AGV/workspace/build/joy_tester/share/joy_tester/hook/pythonpath_develop.ps1'
[136.994s] DEBUG:colcon.colcon_core.event_handler.log_command:Invoked command in '/home/pinet/SLAM_AGV/workspace/build/joy_tester' returned '0': PYTHONPATH=/home/pinet/SLAM_AGV/workspace/build/joy_tester/prefix_override:/usr/lib/python3/dist-packages/colcon_core/task/python/colcon_distutils_commands:/home/pinet/SLAM_AGV/workspace/install/joy_tester/lib/python3.10/site-packages:${PYTHONPATH} /usr/bin/python3 -W ignore:setup.py install is deprecated -W ignore:easy_install command is deprecated setup.py develop --editable --build-directory /home/pinet/SLAM_AGV/workspace/build/joy_tester/build --no-deps symlink_data
[136.996s] INFO:colcon.colcon_core.shell:Creating environment descriptor '/home/pinet/SLAM_AGV/workspace/build/joy_tester/share/joy_tester/hook/pythonpath_develop.dsv'
[136.998s] INFO:colcon.colcon_core.shell:Creating environment hook '/home/pinet/SLAM_AGV/workspace/build/joy_tester/share/joy_tester/hook/pythonpath_develop.sh'
[137.000s] Level 1:colcon.colcon_core.environment:checking '/home/pinet/SLAM_AGV/workspace/install/joy_tester' for CMake module files
[137.003s] Level 1:colcon.colcon_core.environment:checking '/home/pinet/SLAM_AGV/workspace/install/joy_tester' for CMake config files
[137.006s] Level 1:colcon.colcon_core.environment:checking '/home/pinet/SLAM_AGV/workspace/install/joy_tester/lib'
[137.007s] Level 1:colcon.colcon_core.environment:checking '/home/pinet/SLAM_AGV/workspace/install/joy_tester/bin'
[137.007s] Level 1:colcon.colcon_core.environment:checking '/home/pinet/SLAM_AGV/workspace/install/joy_tester/lib/pkgconfig/joy_tester.pc'
[137.008s] Level 1:colcon.colcon_core.environment:checking '/home/pinet/SLAM_AGV/workspace/install/joy_tester/lib/python3.10/site-packages'
[137.009s] Level 1:colcon.colcon_core.shell:create_environment_hook('joy_tester', 'pythonpath')
[137.010s] INFO:colcon.colcon_core.shell:Creating environment hook '/home/pinet/SLAM_AGV/workspace/install/joy_tester/share/joy_tester/hook/pythonpath.ps1'
[137.012s] INFO:colcon.colcon_core.shell:Creating environment descriptor '/home/pinet/SLAM_AGV/workspace/install/joy_tester/share/joy_tester/hook/pythonpath.dsv'
[137.013s] INFO:colcon.colcon_core.shell:Creating environment hook '/home/pinet/SLAM_AGV/workspace/install/joy_tester/share/joy_tester/hook/pythonpath.sh'
[137.016s] Level 1:colcon.colcon_core.environment:checking '/home/pinet/SLAM_AGV/workspace/install/joy_tester/bin'
[137.016s] Level 1:colcon.colcon_core.environment:create_environment_scripts_only(joy_tester)
[137.018s] INFO:colcon.colcon_core.shell:Creating package script '/home/pinet/SLAM_AGV/workspace/install/joy_tester/share/joy_tester/package.ps1'
[137.020s] INFO:colcon.colcon_core.shell:Creating package descriptor '/home/pinet/SLAM_AGV/workspace/install/joy_tester/share/joy_tester/package.dsv'
[137.022s] INFO:colcon.colcon_core.shell:Creating package script '/home/pinet/SLAM_AGV/workspace/install/joy_tester/share/joy_tester/package.sh'
[137.024s] INFO:colcon.colcon_core.shell:Creating package script '/home/pinet/SLAM_AGV/workspace/install/joy_tester/share/joy_tester/package.bash'
[137.025s] INFO:colcon.colcon_core.shell:Creating package script '/home/pinet/SLAM_AGV/workspace/install/joy_tester/share/joy_tester/package.zsh'
[137.027s] Level 1:colcon.colcon_core.environment:create_file_with_runtime_dependencies(/home/pinet/SLAM_AGV/workspace/install/joy_tester/share/colcon-core/packages/joy_tester)
[137.028s] DEBUG:colcon.colcon_core.executor.sequential:run_until_complete 'joy_tester' finished with '0'
[137.028s] DEBUG:colcon.colcon_core.executor.sequential:run_until_complete 'pi2stm_comms'
[137.029s] INFO:colcon.colcon_ros.task.ament_python.build:Building ROS package in '/home/pinet/SLAM_AGV/workspace/src/pi2stm_comms' with build type 'ament_python'
[137.029s] Level 1:colcon.colcon_core.shell:create_environment_hook('pi2stm_comms', 'ament_prefix_path')
[137.030s] INFO:colcon.colcon_core.shell:Creating environment hook '/home/pinet/SLAM_AGV/workspace/install/pi2stm_comms/share/pi2stm_comms/hook/ament_prefix_path.ps1'
[137.033s] INFO:colcon.colcon_core.shell:Creating environment descriptor '/home/pinet/SLAM_AGV/workspace/install/pi2stm_comms/share/pi2stm_comms/hook/ament_prefix_path.dsv'
[137.035s] INFO:colcon.colcon_core.shell:Creating environment hook '/home/pinet/SLAM_AGV/workspace/install/pi2stm_comms/share/pi2stm_comms/hook/ament_prefix_path.sh'
[137.037s] INFO:colcon.colcon_core.shell:Skip shell extension 'powershell' for command environment: Not usable outside of PowerShell
[137.037s] DEBUG:colcon.colcon_core.shell:Skip shell extension 'dsv' for command environment
[138.031s] INFO:colcon.colcon_core.task.python.build:Building Python package in '/home/pinet/SLAM_AGV/workspace/src/pi2stm_comms'
[138.032s] INFO:colcon.colcon_core.shell:Skip shell extension 'powershell' for command environment: Not usable outside of PowerShell
[138.032s] DEBUG:colcon.colcon_core.shell:Skip shell extension 'dsv' for command environment
[139.459s] DEBUG:colcon.colcon_core.event_handler.log_command:Invoking command in '/home/pinet/SLAM_AGV/workspace/build/pi2stm_comms': PYTHONPATH=/home/pinet/SLAM_AGV/workspace/build/pi2stm_comms/prefix_override:/usr/lib/python3/dist-packages/colcon_core/task/python/colcon_distutils_commands:/home/pinet/SLAM_AGV/workspace/install/pi2stm_comms/lib/python3.10/site-packages:${PYTHONPATH} /usr/bin/python3 -W ignore:setup.py install is deprecated -W ignore:easy_install command is deprecated setup.py develop --editable --build-directory /home/pinet/SLAM_AGV/workspace/build/pi2stm_comms/build --no-deps symlink_data
[141.140s] Level 1:colcon.colcon_core.shell:create_environment_hook('pi2stm_comms', 'pythonpath_develop')
[141.141s] INFO:colcon.colcon_core.shell:Creating environment hook '/home/pinet/SLAM_AGV/workspace/build/pi2stm_comms/share/pi2stm_comms/hook/pythonpath_develop.ps1'
[141.142s] DEBUG:colcon.colcon_core.event_handler.log_command:Invoked command in '/home/pinet/SLAM_AGV/workspace/build/pi2stm_comms' returned '0': PYTHONPATH=/home/pinet/SLAM_AGV/workspace/build/pi2stm_comms/prefix_override:/usr/lib/python3/dist-packages/colcon_core/task/python/colcon_distutils_commands:/home/pinet/SLAM_AGV/workspace/install/pi2stm_comms/lib/python3.10/site-packages:${PYTHONPATH} /usr/bin/python3 -W ignore:setup.py install is deprecated -W ignore:easy_install command is deprecated setup.py develop --editable --build-directory /home/pinet/SLAM_AGV/workspace/build/pi2stm_comms/build --no-deps symlink_data
[141.144s] INFO:colcon.colcon_core.shell:Creating environment descriptor '/home/pinet/SLAM_AGV/workspace/build/pi2stm_comms/share/pi2stm_comms/hook/pythonpath_develop.dsv'
[141.145s] INFO:colcon.colcon_core.shell:Creating environment hook '/home/pinet/SLAM_AGV/workspace/build/pi2stm_comms/share/pi2stm_comms/hook/pythonpath_develop.sh'
[141.148s] Level 1:colcon.colcon_core.environment:checking '/home/pinet/SLAM_AGV/workspace/install/pi2stm_comms' for CMake module files
[141.151s] Level 1:colcon.colcon_core.environment:checking '/home/pinet/SLAM_AGV/workspace/install/pi2stm_comms' for CMake config files
[141.154s] Level 1:colcon.colcon_core.environment:checking '/home/pinet/SLAM_AGV/workspace/install/pi2stm_comms/lib'
[141.154s] Level 1:colcon.colcon_core.environment:checking '/home/pinet/SLAM_AGV/workspace/install/pi2stm_comms/bin'
[141.155s] Level 1:colcon.colcon_core.environment:checking '/home/pinet/SLAM_AGV/workspace/install/pi2stm_comms/lib/pkgconfig/pi2stm_comms.pc'
[141.156s] Level 1:colcon.colcon_core.environment:checking '/home/pinet/SLAM_AGV/workspace/install/pi2stm_comms/lib/python3.10/site-packages'
[141.156s] Level 1:colcon.colcon_core.shell:create_environment_hook('pi2stm_comms', 'pythonpath')
[141.157s] INFO:colcon.colcon_core.shell:Creating environment hook '/home/pinet/SLAM_AGV/workspace/install/pi2stm_comms/share/pi2stm_comms/hook/pythonpath.ps1'
[141.159s] INFO:colcon.colcon_core.shell:Creating environment descriptor '/home/pinet/SLAM_AGV/workspace/install/pi2stm_comms/share/pi2stm_comms/hook/pythonpath.dsv'
[141.161s] INFO:colcon.colcon_core.shell:Creating environment hook '/home/pinet/SLAM_AGV/workspace/install/pi2stm_comms/share/pi2stm_comms/hook/pythonpath.sh'
[141.163s] Level 1:colcon.colcon_core.environment:checking '/home/pinet/SLAM_AGV/workspace/install/pi2stm_comms/bin'
[141.164s] Level 1:colcon.colcon_core.environment:create_environment_scripts_only(pi2stm_comms)
[141.165s] INFO:colcon.colcon_core.shell:Creating package script '/home/pinet/SLAM_AGV/workspace/install/pi2stm_comms/share/pi2stm_comms/package.ps1'
[141.167s] INFO:colcon.colcon_core.shell:Creating package descriptor '/home/pinet/SLAM_AGV/workspace/install/pi2stm_comms/share/pi2stm_comms/package.dsv'
[141.169s] INFO:colcon.colcon_core.shell:Creating package script '/home/pinet/SLAM_AGV/workspace/install/pi2stm_comms/share/pi2stm_comms/package.sh'
[141.171s] INFO:colcon.colcon_core.shell:Creating package script '/home/pinet/SLAM_AGV/workspace/install/pi2stm_comms/share/pi2stm_comms/package.bash'
[141.172s] INFO:colcon.colcon_core.shell:Creating package script '/home/pinet/SLAM_AGV/workspace/install/pi2stm_comms/share/pi2stm_comms/package.zsh'
[141.174s] Level 1:colcon.colcon_core.environment:create_file_with_runtime_dependencies(/home/pinet/SLAM_AGV/workspace/install/pi2stm_comms/share/colcon-core/packages/pi2stm_comms)
[141.175s] DEBUG:colcon.colcon_core.executor.sequential:run_until_complete 'pi2stm_comms' finished with '0'
[141.175s] DEBUG:colcon.colcon_core.executor.sequential:run_until_complete 'ros2_control_test_assets'
[141.175s] INFO:colcon.colcon_ros.task.ament_cmake.build:Building ROS package in '/home/pinet/SLAM_AGV/workspace/src/ros2_control/ros2_control_test_assets' with build type 'ament_cmake'
[141.176s] INFO:colcon.colcon_cmake.task.cmake.build:Building CMake package in '/home/pinet/SLAM_AGV/workspace/src/ros2_control/ros2_control_test_assets'
[141.177s] INFO:colcon.colcon_core.shell:Skip shell extension 'powershell' for command environment: Not usable outside of PowerShell
[141.177s] DEBUG:colcon.colcon_core.shell:Skip shell extension 'dsv' for command environment
[141.209s] DEBUG:colcon.colcon_core.event_handler.log_command:Invoking command in '/home/pinet/SLAM_AGV/workspace/build/ros2_control_test_assets': CMAKE_PREFIX_PATH=/opt/ros/humble /usr/bin/cmake /home/pinet/SLAM_AGV/workspace/src/ros2_control/ros2_control_test_assets -DAMENT_CMAKE_SYMLINK_INSTALL=1 -DCMAKE_INSTALL_PREFIX=/home/pinet/SLAM_AGV/workspace/install/ros2_control_test_assets
[143.854s] DEBUG:colcon.colcon_core.event_handler.log_command:Invoked command in '/home/pinet/SLAM_AGV/workspace/build/ros2_control_test_assets' returned '0': CMAKE_PREFIX_PATH=/opt/ros/humble /usr/bin/cmake /home/pinet/SLAM_AGV/workspace/src/ros2_control/ros2_control_test_assets -DAMENT_CMAKE_SYMLINK_INSTALL=1 -DCMAKE_INSTALL_PREFIX=/home/pinet/SLAM_AGV/workspace/install/ros2_control_test_assets
[143.863s] DEBUG:colcon.colcon_core.event_handler.log_command:Invoking command in '/home/pinet/SLAM_AGV/workspace/build/ros2_control_test_assets': CMAKE_PREFIX_PATH=/opt/ros/humble /usr/bin/cmake --build /home/pinet/SLAM_AGV/workspace/build/ros2_control_test_assets -- -j4 -l4
[143.993s] DEBUG:colcon.colcon_core.event_handler.log_command:Invoked command in '/home/pinet/SLAM_AGV/workspace/build/ros2_control_test_assets' returned '0': CMAKE_PREFIX_PATH=/opt/ros/humble /usr/bin/cmake --build /home/pinet/SLAM_AGV/workspace/build/ros2_control_test_assets -- -j4 -l4
[144.002s] DEBUG:colcon.colcon_core.event_handler.log_command:Invoking command in '/home/pinet/SLAM_AGV/workspace/build/ros2_control_test_assets': CMAKE_PREFIX_PATH=/opt/ros/humble /usr/bin/cmake --install /home/pinet/SLAM_AGV/workspace/build/ros2_control_test_assets
[144.571s] Level 1:colcon.colcon_core.environment:create_environment_scripts_only(ros2_control_test_assets)
[144.572s] Level 1:colcon.colcon_core.environment:checking '/home/pinet/SLAM_AGV/workspace/install/ros2_control_test_assets' for CMake module files
[144.574s] DEBUG:colcon.colcon_core.event_handler.log_command:Invoked command in '/home/pinet/SLAM_AGV/workspace/build/ros2_control_test_assets' returned '0': CMAKE_PREFIX_PATH=/opt/ros/humble /usr/bin/cmake --install /home/pinet/SLAM_AGV/workspace/build/ros2_control_test_assets
[144.577s] Level 1:colcon.colcon_core.environment:checking '/home/pinet/SLAM_AGV/workspace/install/ros2_control_test_assets' for CMake config files
[144.579s] Level 1:colcon.colcon_core.shell:create_environment_hook('ros2_control_test_assets', 'cmake_prefix_path')
[144.580s] INFO:colcon.colcon_core.shell:Creating environment hook '/home/pinet/SLAM_AGV/workspace/install/ros2_control_test_assets/share/ros2_control_test_assets/hook/cmake_prefix_path.ps1'
[144.582s] INFO:colcon.colcon_core.shell:Creating environment descriptor '/home/pinet/SLAM_AGV/workspace/install/ros2_control_test_assets/share/ros2_control_test_assets/hook/cmake_prefix_path.dsv'
[144.584s] INFO:colcon.colcon_core.shell:Creating environment hook '/home/pinet/SLAM_AGV/workspace/install/ros2_control_test_assets/share/ros2_control_test_assets/hook/cmake_prefix_path.sh'
[144.587s] Level 1:colcon.colcon_core.environment:checking '/home/pinet/SLAM_AGV/workspace/install/ros2_control_test_assets/bin'
[144.587s] Level 1:colcon.colcon_core.environment:checking '/home/pinet/SLAM_AGV/workspace/install/ros2_control_test_assets/lib/pkgconfig/ros2_control_test_assets.pc'
[144.588s] Level 1:colcon.colcon_core.environment:checking '/home/pinet/SLAM_AGV/workspace/install/ros2_control_test_assets/lib/python3.10/site-packages'
[144.589s] Level 1:colcon.colcon_core.environment:checking '/home/pinet/SLAM_AGV/workspace/install/ros2_control_test_assets/bin'
[144.590s] INFO:colcon.colcon_core.shell:Creating package script '/home/pinet/SLAM_AGV/workspace/install/ros2_control_test_assets/share/ros2_control_test_assets/package.ps1'
[144.592s] INFO:colcon.colcon_core.shell:Creating package descriptor '/home/pinet/SLAM_AGV/workspace/install/ros2_control_test_assets/share/ros2_control_test_assets/package.dsv'
[144.594s] INFO:colcon.colcon_core.shell:Creating package script '/home/pinet/SLAM_AGV/workspace/install/ros2_control_test_assets/share/ros2_control_test_assets/package.sh'
[144.596s] INFO:colcon.colcon_core.shell:Creating package script '/home/pinet/SLAM_AGV/workspace/install/ros2_control_test_assets/share/ros2_control_test_assets/package.bash'
[144.598s] INFO:colcon.colcon_core.shell:Creating package script '/home/pinet/SLAM_AGV/workspace/install/ros2_control_test_assets/share/ros2_control_test_assets/package.zsh'
[144.600s] Level 1:colcon.colcon_core.environment:create_file_with_runtime_dependencies(/home/pinet/SLAM_AGV/workspace/install/ros2_control_test_assets/share/colcon-core/packages/ros2_control_test_assets)
[144.602s] Level 1:colcon.colcon_core.environment:create_environment_scripts_only(ros2_control_test_assets)
[144.603s] Level 1:colcon.colcon_core.environment:checking '/home/pinet/SLAM_AGV/workspace/install/ros2_control_test_assets' for CMake module files
[144.606s] Level 1:colcon.colcon_core.environment:checking '/home/pinet/SLAM_AGV/workspace/install/ros2_control_test_assets' for CMake config files
[144.607s] Level 1:colcon.colcon_core.shell:create_environment_hook('ros2_control_test_assets', 'cmake_prefix_path')
[144.608s] INFO:colcon.colcon_core.shell:Creating environment hook '/home/pinet/SLAM_AGV/workspace/install/ros2_control_test_assets/share/ros2_control_test_assets/hook/cmake_prefix_path.ps1'
[144.610s] INFO:colcon.colcon_core.shell:Creating environment descriptor '/home/pinet/SLAM_AGV/workspace/install/ros2_control_test_assets/share/ros2_control_test_assets/hook/cmake_prefix_path.dsv'
[144.612s] INFO:colcon.colcon_core.shell:Creating environment hook '/home/pinet/SLAM_AGV/workspace/install/ros2_control_test_assets/share/ros2_control_test_assets/hook/cmake_prefix_path.sh'
[144.614s] Level 1:colcon.colcon_core.environment:checking '/home/pinet/SLAM_AGV/workspace/install/ros2_control_test_assets/bin'
[144.615s] Level 1:colcon.colcon_core.environment:checking '/home/pinet/SLAM_AGV/workspace/install/ros2_control_test_assets/lib/pkgconfig/ros2_control_test_assets.pc'
[144.615s] Level 1:colcon.colcon_core.environment:checking '/home/pinet/SLAM_AGV/workspace/install/ros2_control_test_assets/lib/python3.10/site-packages'
[144.616s] Level 1:colcon.colcon_core.environment:checking '/home/pinet/SLAM_AGV/workspace/install/ros2_control_test_assets/bin'
[144.617s] INFO:colcon.colcon_core.shell:Creating package script '/home/pinet/SLAM_AGV/workspace/install/ros2_control_test_assets/share/ros2_control_test_assets/package.ps1'
[144.619s] INFO:colcon.colcon_core.shell:Creating package descriptor '/home/pinet/SLAM_AGV/workspace/install/ros2_control_test_assets/share/ros2_control_test_assets/package.dsv'
[144.622s] INFO:colcon.colcon_core.shell:Creating package script '/home/pinet/SLAM_AGV/workspace/install/ros2_control_test_assets/share/ros2_control_test_assets/package.sh'
[144.624s] INFO:colcon.colcon_core.shell:Creating package script '/home/pinet/SLAM_AGV/workspace/install/ros2_control_test_assets/share/ros2_control_test_assets/package.bash'
[144.626s] INFO:colcon.colcon_core.shell:Creating package script '/home/pinet/SLAM_AGV/workspace/install/ros2_control_test_assets/share/ros2_control_test_assets/package.zsh'
[144.628s] Level 1:colcon.colcon_core.environment:create_file_with_runtime_dependencies(/home/pinet/SLAM_AGV/workspace/install/ros2_control_test_assets/share/colcon-core/packages/ros2_control_test_assets)
[144.629s] DEBUG:colcon.colcon_core.executor.sequential:run_until_complete 'ros2_control_test_assets' finished with '0'
[144.629s] DEBUG:colcon.colcon_core.executor.sequential:run_until_complete 'ros2_controllers_test_nodes'
[144.629s] INFO:colcon.colcon_ros.task.ament_python.build:Building ROS package in '/home/pinet/SLAM_AGV/workspace/src/ros2_controllers/ros2_controllers_test_nodes' with build type 'ament_python'
[144.630s] Level 1:colcon.colcon_core.shell:create_environment_hook('ros2_controllers_test_nodes', 'ament_prefix_path')
[144.631s] INFO:colcon.colcon_core.shell:Creating environment hook '/home/pinet/SLAM_AGV/workspace/install/ros2_controllers_test_nodes/share/ros2_controllers_test_nodes/hook/ament_prefix_path.ps1'
[144.634s] INFO:colcon.colcon_core.shell:Creating environment descriptor '/home/pinet/SLAM_AGV/workspace/install/ros2_controllers_test_nodes/share/ros2_controllers_test_nodes/hook/ament_prefix_path.dsv'
[144.636s] INFO:colcon.colcon_core.shell:Creating environment hook '/home/pinet/SLAM_AGV/workspace/install/ros2_controllers_test_nodes/share/ros2_controllers_test_nodes/hook/ament_prefix_path.sh'
[144.638s] INFO:colcon.colcon_core.shell:Skip shell extension 'powershell' for command environment: Not usable outside of PowerShell
[144.638s] DEBUG:colcon.colcon_core.shell:Skip shell extension 'dsv' for command environment
[145.634s] INFO:colcon.colcon_core.task.python.build:Building Python package in '/home/pinet/SLAM_AGV/workspace/src/ros2_controllers/ros2_controllers_test_nodes'
[145.635s] INFO:colcon.colcon_core.shell:Skip shell extension 'powershell' for command environment: Not usable outside of PowerShell
[145.635s] DEBUG:colcon.colcon_core.shell:Skip shell extension 'dsv' for command environment
[147.060s] DEBUG:colcon.colcon_core.event_handler.log_command:Invoking command in '/home/pinet/SLAM_AGV/workspace/build/ros2_controllers_test_nodes': PYTHONPATH=/home/pinet/SLAM_AGV/workspace/build/ros2_controllers_test_nodes/prefix_override:/usr/lib/python3/dist-packages/colcon_core/task/python/colcon_distutils_commands:/home/pinet/SLAM_AGV/workspace/install/ros2_controllers_test_nodes/lib/python3.10/site-packages:${PYTHONPATH} /usr/bin/python3 -W ignore:setup.py install is deprecated -W ignore:easy_install command is deprecated setup.py develop --editable --build-directory /home/pinet/SLAM_AGV/workspace/build/ros2_controllers_test_nodes/build --no-deps symlink_data
[148.750s] Level 1:colcon.colcon_core.shell:create_environment_hook('ros2_controllers_test_nodes', 'pythonpath_develop')
[148.751s] INFO:colcon.colcon_core.shell:Creating environment hook '/home/pinet/SLAM_AGV/workspace/build/ros2_controllers_test_nodes/share/ros2_controllers_test_nodes/hook/pythonpath_develop.ps1'
[148.752s] DEBUG:colcon.colcon_core.event_handler.log_command:Invoked command in '/home/pinet/SLAM_AGV/workspace/build/ros2_controllers_test_nodes' returned '0': PYTHONPATH=/home/pinet/SLAM_AGV/workspace/build/ros2_controllers_test_nodes/prefix_override:/usr/lib/python3/dist-packages/colcon_core/task/python/colcon_distutils_commands:/home/pinet/SLAM_AGV/workspace/install/ros2_controllers_test_nodes/lib/python3.10/site-packages:${PYTHONPATH} /usr/bin/python3 -W ignore:setup.py install is deprecated -W ignore:easy_install command is deprecated setup.py develop --editable --build-directory /home/pinet/SLAM_AGV/workspace/build/ros2_controllers_test_nodes/build --no-deps symlink_data
[148.754s] INFO:colcon.colcon_core.shell:Creating environment descriptor '/home/pinet/SLAM_AGV/workspace/build/ros2_controllers_test_nodes/share/ros2_controllers_test_nodes/hook/pythonpath_develop.dsv'
[148.756s] INFO:colcon.colcon_core.shell:Creating environment hook '/home/pinet/SLAM_AGV/workspace/build/ros2_controllers_test_nodes/share/ros2_controllers_test_nodes/hook/pythonpath_develop.sh'
[148.758s] Level 1:colcon.colcon_core.environment:checking '/home/pinet/SLAM_AGV/workspace/install/ros2_controllers_test_nodes' for CMake module files
[148.760s] Level 1:colcon.colcon_core.environment:checking '/home/pinet/SLAM_AGV/workspace/install/ros2_controllers_test_nodes' for CMake config files
[148.763s] Level 1:colcon.colcon_core.environment:checking '/home/pinet/SLAM_AGV/workspace/install/ros2_controllers_test_nodes/lib'
[148.763s] Level 1:colcon.colcon_core.environment:checking '/home/pinet/SLAM_AGV/workspace/install/ros2_controllers_test_nodes/bin'
[148.764s] Level 1:colcon.colcon_core.environment:checking '/home/pinet/SLAM_AGV/workspace/install/ros2_controllers_test_nodes/lib/pkgconfig/ros2_controllers_test_nodes.pc'
[148.764s] Level 1:colcon.colcon_core.environment:checking '/home/pinet/SLAM_AGV/workspace/install/ros2_controllers_test_nodes/lib/python3.10/site-packages'
[148.765s] Level 1:colcon.colcon_core.shell:create_environment_hook('ros2_controllers_test_nodes', 'pythonpath')
[148.766s] INFO:colcon.colcon_core.shell:Creating environment hook '/home/pinet/SLAM_AGV/workspace/install/ros2_controllers_test_nodes/share/ros2_controllers_test_nodes/hook/pythonpath.ps1'
[148.767s] INFO:colcon.colcon_core.shell:Creating environment descriptor '/home/pinet/SLAM_AGV/workspace/install/ros2_controllers_test_nodes/share/ros2_controllers_test_nodes/hook/pythonpath.dsv'
[148.769s] INFO:colcon.colcon_core.shell:Creating environment hook '/home/pinet/SLAM_AGV/workspace/install/ros2_controllers_test_nodes/share/ros2_controllers_test_nodes/hook/pythonpath.sh'
[148.771s] Level 1:colcon.colcon_core.environment:checking '/home/pinet/SLAM_AGV/workspace/install/ros2_controllers_test_nodes/bin'
[148.771s] Level 1:colcon.colcon_core.environment:create_environment_scripts_only(ros2_controllers_test_nodes)
[148.773s] INFO:colcon.colcon_core.shell:Creating package script '/home/pinet/SLAM_AGV/workspace/install/ros2_controllers_test_nodes/share/ros2_controllers_test_nodes/package.ps1'
[148.775s] INFO:colcon.colcon_core.shell:Creating package descriptor '/home/pinet/SLAM_AGV/workspace/install/ros2_controllers_test_nodes/share/ros2_controllers_test_nodes/package.dsv'
[148.778s] INFO:colcon.colcon_core.shell:Creating package script '/home/pinet/SLAM_AGV/workspace/install/ros2_controllers_test_nodes/share/ros2_controllers_test_nodes/package.sh'
[148.779s] INFO:colcon.colcon_core.shell:Creating package script '/home/pinet/SLAM_AGV/workspace/install/ros2_controllers_test_nodes/share/ros2_controllers_test_nodes/package.bash'
[148.781s] INFO:colcon.colcon_core.shell:Creating package script '/home/pinet/SLAM_AGV/workspace/install/ros2_controllers_test_nodes/share/ros2_controllers_test_nodes/package.zsh'
[148.783s] Level 1:colcon.colcon_core.environment:create_file_with_runtime_dependencies(/home/pinet/SLAM_AGV/workspace/install/ros2_controllers_test_nodes/share/colcon-core/packages/ros2_controllers_test_nodes)
[148.784s] DEBUG:colcon.colcon_core.executor.sequential:run_until_complete 'ros2_controllers_test_nodes' finished with '0'
[148.785s] DEBUG:colcon.colcon_core.executor.sequential:run_until_complete 'twist_converter'
[148.785s] INFO:colcon.colcon_ros.task.ament_python.build:Building ROS package in '/home/pinet/SLAM_AGV/workspace/src/twist_converter' with build type 'ament_python'
[148.785s] Level 1:colcon.colcon_core.shell:create_environment_hook('twist_converter', 'ament_prefix_path')
[148.786s] INFO:colcon.colcon_core.shell:Creating environment hook '/home/pinet/SLAM_AGV/workspace/install/twist_converter/share/twist_converter/hook/ament_prefix_path.ps1'
[148.789s] INFO:colcon.colcon_core.shell:Creating environment descriptor '/home/pinet/SLAM_AGV/workspace/install/twist_converter/share/twist_converter/hook/ament_prefix_path.dsv'
[148.791s] INFO:colcon.colcon_core.shell:Creating environment hook '/home/pinet/SLAM_AGV/workspace/install/twist_converter/share/twist_converter/hook/ament_prefix_path.sh'
[148.793s] INFO:colcon.colcon_core.shell:Skip shell extension 'powershell' for command environment: Not usable outside of PowerShell
[148.793s] DEBUG:colcon.colcon_core.shell:Skip shell extension 'dsv' for command environment
[149.786s] INFO:colcon.colcon_core.task.python.build:Building Python package in '/home/pinet/SLAM_AGV/workspace/src/twist_converter'
[149.787s] INFO:colcon.colcon_core.shell:Skip shell extension 'powershell' for command environment: Not usable outside of PowerShell
[149.787s] DEBUG:colcon.colcon_core.shell:Skip shell extension 'dsv' for command environment
[151.215s] DEBUG:colcon.colcon_core.event_handler.log_command:Invoking command in '/home/pinet/SLAM_AGV/workspace/build/twist_converter': PYTHONPATH=/home/pinet/SLAM_AGV/workspace/build/twist_converter/prefix_override:/usr/lib/python3/dist-packages/colcon_core/task/python/colcon_distutils_commands:/home/pinet/SLAM_AGV/workspace/install/twist_converter/lib/python3.10/site-packages:${PYTHONPATH} /usr/bin/python3 -W ignore:setup.py install is deprecated -W ignore:easy_install command is deprecated setup.py develop --editable --build-directory /home/pinet/SLAM_AGV/workspace/build/twist_converter/build --no-deps symlink_data
[152.910s] Level 1:colcon.colcon_core.shell:create_environment_hook('twist_converter', 'pythonpath_develop')
[152.911s] INFO:colcon.colcon_core.shell:Creating environment hook '/home/pinet/SLAM_AGV/workspace/build/twist_converter/share/twist_converter/hook/pythonpath_develop.ps1'
[152.912s] DEBUG:colcon.colcon_core.event_handler.log_command:Invoked command in '/home/pinet/SLAM_AGV/workspace/build/twist_converter' returned '0': PYTHONPATH=/home/pinet/SLAM_AGV/workspace/build/twist_converter/prefix_override:/usr/lib/python3/dist-packages/colcon_core/task/python/colcon_distutils_commands:/home/pinet/SLAM_AGV/workspace/install/twist_converter/lib/python3.10/site-packages:${PYTHONPATH} /usr/bin/python3 -W ignore:setup.py install is deprecated -W ignore:easy_install command is deprecated setup.py develop --editable --build-directory /home/pinet/SLAM_AGV/workspace/build/twist_converter/build --no-deps symlink_data
[152.914s] INFO:colcon.colcon_core.shell:Creating environment descriptor '/home/pinet/SLAM_AGV/workspace/build/twist_converter/share/twist_converter/hook/pythonpath_develop.dsv'
[152.916s] INFO:colcon.colcon_core.shell:Creating environment hook '/home/pinet/SLAM_AGV/workspace/build/twist_converter/share/twist_converter/hook/pythonpath_develop.sh'
[152.918s] Level 1:colcon.colcon_core.environment:checking '/home/pinet/SLAM_AGV/workspace/install/twist_converter' for CMake module files
[152.920s] Level 1:colcon.colcon_core.environment:checking '/home/pinet/SLAM_AGV/workspace/install/twist_converter' for CMake config files
[152.923s] Level 1:colcon.colcon_core.environment:checking '/home/pinet/SLAM_AGV/workspace/install/twist_converter/lib'
[152.923s] Level 1:colcon.colcon_core.environment:checking '/home/pinet/SLAM_AGV/workspace/install/twist_converter/bin'
[152.923s] Level 1:colcon.colcon_core.environment:checking '/home/pinet/SLAM_AGV/workspace/install/twist_converter/lib/pkgconfig/twist_converter.pc'
[152.924s] Level 1:colcon.colcon_core.environment:checking '/home/pinet/SLAM_AGV/workspace/install/twist_converter/lib/python3.10/site-packages'
[152.924s] Level 1:colcon.colcon_core.shell:create_environment_hook('twist_converter', 'pythonpath')
[152.925s] INFO:colcon.colcon_core.shell:Creating environment hook '/home/pinet/SLAM_AGV/workspace/install/twist_converter/share/twist_converter/hook/pythonpath.ps1'
[152.927s] INFO:colcon.colcon_core.shell:Creating environment descriptor '/home/pinet/SLAM_AGV/workspace/install/twist_converter/share/twist_converter/hook/pythonpath.dsv'
[152.928s] INFO:colcon.colcon_core.shell:Creating environment hook '/home/pinet/SLAM_AGV/workspace/install/twist_converter/share/twist_converter/hook/pythonpath.sh'
[152.931s] Level 1:colcon.colcon_core.environment:checking '/home/pinet/SLAM_AGV/workspace/install/twist_converter/bin'
[152.931s] Level 1:colcon.colcon_core.environment:create_environment_scripts_only(twist_converter)
[152.932s] INFO:colcon.colcon_core.shell:Creating package script '/home/pinet/SLAM_AGV/workspace/install/twist_converter/share/twist_converter/package.ps1'
[152.935s] INFO:colcon.colcon_core.shell:Creating package descriptor '/home/pinet/SLAM_AGV/workspace/install/twist_converter/share/twist_converter/package.dsv'
[152.937s] INFO:colcon.colcon_core.shell:Creating package script '/home/pinet/SLAM_AGV/workspace/install/twist_converter/share/twist_converter/package.sh'
[152.939s] INFO:colcon.colcon_core.shell:Creating package script '/home/pinet/SLAM_AGV/workspace/install/twist_converter/share/twist_converter/package.bash'
[152.940s] INFO:colcon.colcon_core.shell:Creating package script '/home/pinet/SLAM_AGV/workspace/install/twist_converter/share/twist_converter/package.zsh'
[152.942s] Level 1:colcon.colcon_core.environment:create_file_with_runtime_dependencies(/home/pinet/SLAM_AGV/workspace/install/twist_converter/share/colcon-core/packages/twist_converter)
[152.943s] DEBUG:colcon.colcon_core.executor.sequential:run_until_complete 'twist_converter' finished with '0'
[152.943s] DEBUG:colcon.colcon_core.executor.sequential:run_until_complete 'hardware_interface'
[152.944s] INFO:colcon.colcon_ros.task.ament_cmake.build:Building ROS package in '/home/pinet/SLAM_AGV/workspace/src/ros2_control/hardware_interface' with build type 'ament_cmake'
[152.944s] INFO:colcon.colcon_cmake.task.cmake.build:Building CMake package in '/home/pinet/SLAM_AGV/workspace/src/ros2_control/hardware_interface'
[152.945s] INFO:colcon.colcon_core.shell:Skip shell extension 'powershell' for command environment: Not usable outside of PowerShell
[152.945s] DEBUG:colcon.colcon_core.shell:Skip shell extension 'dsv' for command environment
[152.992s] DEBUG:colcon.colcon_core.event_handler.log_command:Invoking command in '/home/pinet/SLAM_AGV/workspace/build/hardware_interface': AMENT_PREFIX_PATH=/home/pinet/SLAM_AGV/workspace/install/ros2_control_test_assets:/home/pinet/SLAM_AGV/workspace/install/control_msgs:${AMENT_PREFIX_PATH} CMAKE_PREFIX_PATH=/home/pinet/SLAM_AGV/workspace/install/ros2_control_test_assets:/home/pinet/SLAM_AGV/workspace/install/control_msgs:/opt/ros/humble LD_LIBRARY_PATH=/home/pinet/SLAM_AGV/workspace/install/control_msgs/lib:${LD_LIBRARY_PATH} PYTHONPATH=/home/pinet/SLAM_AGV/workspace/install/control_msgs/local/lib/python3.10/dist-packages:${PYTHONPATH} /usr/bin/cmake /home/pinet/SLAM_AGV/workspace/src/ros2_control/hardware_interface -DAMENT_CMAKE_SYMLINK_INSTALL=1 -DCMAKE_INSTALL_PREFIX=/home/pinet/SLAM_AGV/workspace/install/hardware_interface
[159.078s] DEBUG:colcon.colcon_core.event_handler.log_command:Invoked command in '/home/pinet/SLAM_AGV/workspace/build/hardware_interface' returned '0': AMENT_PREFIX_PATH=/home/pinet/SLAM_AGV/workspace/install/ros2_control_test_assets:/home/pinet/SLAM_AGV/workspace/install/control_msgs:${AMENT_PREFIX_PATH} CMAKE_PREFIX_PATH=/home/pinet/SLAM_AGV/workspace/install/ros2_control_test_assets:/home/pinet/SLAM_AGV/workspace/install/control_msgs:/opt/ros/humble LD_LIBRARY_PATH=/home/pinet/SLAM_AGV/workspace/install/control_msgs/lib:${LD_LIBRARY_PATH} PYTHONPATH=/home/pinet/SLAM_AGV/workspace/install/control_msgs/local/lib/python3.10/dist-packages:${PYTHONPATH} /usr/bin/cmake /home/pinet/SLAM_AGV/workspace/src/ros2_control/hardware_interface -DAMENT_CMAKE_SYMLINK_INSTALL=1 -DCMAKE_INSTALL_PREFIX=/home/pinet/SLAM_AGV/workspace/install/hardware_interface
[159.087s] DEBUG:colcon.colcon_core.event_handler.log_command:Invoking command in '/home/pinet/SLAM_AGV/workspace/build/hardware_interface': AMENT_PREFIX_PATH=/home/pinet/SLAM_AGV/workspace/install/ros2_control_test_assets:/home/pinet/SLAM_AGV/workspace/install/control_msgs:${AMENT_PREFIX_PATH} CMAKE_PREFIX_PATH=/home/pinet/SLAM_AGV/workspace/install/ros2_control_test_assets:/home/pinet/SLAM_AGV/workspace/install/control_msgs:/opt/ros/humble LD_LIBRARY_PATH=/home/pinet/SLAM_AGV/workspace/install/control_msgs/lib:${LD_LIBRARY_PATH} PYTHONPATH=/home/pinet/SLAM_AGV/workspace/install/control_msgs/local/lib/python3.10/dist-packages:${PYTHONPATH} /usr/bin/cmake --build /home/pinet/SLAM_AGV/workspace/build/hardware_interface -- -j4 -l4
[244.849s] DEBUG:colcon.colcon_core.event_handler.log_command:Invoked command in '/home/pinet/SLAM_AGV/workspace/build/hardware_interface' returned '0': AMENT_PREFIX_PATH=/home/pinet/SLAM_AGV/workspace/install/ros2_control_test_assets:/home/pinet/SLAM_AGV/workspace/install/control_msgs:${AMENT_PREFIX_PATH} CMAKE_PREFIX_PATH=/home/pinet/SLAM_AGV/workspace/install/ros2_control_test_assets:/home/pinet/SLAM_AGV/workspace/install/control_msgs:/opt/ros/humble LD_LIBRARY_PATH=/home/pinet/SLAM_AGV/workspace/install/control_msgs/lib:${LD_LIBRARY_PATH} PYTHONPATH=/home/pinet/SLAM_AGV/workspace/install/control_msgs/local/lib/python3.10/dist-packages:${PYTHONPATH} /usr/bin/cmake --build /home/pinet/SLAM_AGV/workspace/build/hardware_interface -- -j4 -l4
[244.858s] DEBUG:colcon.colcon_core.event_handler.log_command:Invoking command in '/home/pinet/SLAM_AGV/workspace/build/hardware_interface': AMENT_PREFIX_PATH=/home/pinet/SLAM_AGV/workspace/install/ros2_control_test_assets:/home/pinet/SLAM_AGV/workspace/install/control_msgs:${AMENT_PREFIX_PATH} CMAKE_PREFIX_PATH=/home/pinet/SLAM_AGV/workspace/install/ros2_control_test_assets:/home/pinet/SLAM_AGV/workspace/install/control_msgs:/opt/ros/humble LD_LIBRARY_PATH=/home/pinet/SLAM_AGV/workspace/install/control_msgs/lib:${LD_LIBRARY_PATH} PYTHONPATH=/home/pinet/SLAM_AGV/workspace/install/control_msgs/local/lib/python3.10/dist-packages:${PYTHONPATH} /usr/bin/cmake --install /home/pinet/SLAM_AGV/workspace/build/hardware_interface
[246.527s] Level 1:colcon.colcon_core.environment:create_environment_scripts_only(hardware_interface)
[246.528s] Level 1:colcon.colcon_core.environment:checking '/home/pinet/SLAM_AGV/workspace/install/hardware_interface' for CMake module files
[246.530s] DEBUG:colcon.colcon_core.event_handler.log_command:Invoked command in '/home/pinet/SLAM_AGV/workspace/build/hardware_interface' returned '0': AMENT_PREFIX_PATH=/home/pinet/SLAM_AGV/workspace/install/ros2_control_test_assets:/home/pinet/SLAM_AGV/workspace/install/control_msgs:${AMENT_PREFIX_PATH} CMAKE_PREFIX_PATH=/home/pinet/SLAM_AGV/workspace/install/ros2_control_test_assets:/home/pinet/SLAM_AGV/workspace/install/control_msgs:/opt/ros/humble LD_LIBRARY_PATH=/home/pinet/SLAM_AGV/workspace/install/control_msgs/lib:${LD_LIBRARY_PATH} PYTHONPATH=/home/pinet/SLAM_AGV/workspace/install/control_msgs/local/lib/python3.10/dist-packages:${PYTHONPATH} /usr/bin/cmake --install /home/pinet/SLAM_AGV/workspace/build/hardware_interface
[246.533s] Level 1:colcon.colcon_core.environment:checking '/home/pinet/SLAM_AGV/workspace/install/hardware_interface' for CMake config files
[246.536s] Level 1:colcon.colcon_core.shell:create_environment_hook('hardware_interface', 'cmake_prefix_path')
[246.537s] INFO:colcon.colcon_core.shell:Creating environment hook '/home/pinet/SLAM_AGV/workspace/install/hardware_interface/share/hardware_interface/hook/cmake_prefix_path.ps1'
[246.539s] INFO:colcon.colcon_core.shell:Creating environment descriptor '/home/pinet/SLAM_AGV/workspace/install/hardware_interface/share/hardware_interface/hook/cmake_prefix_path.dsv'
[246.541s] INFO:colcon.colcon_core.shell:Creating environment hook '/home/pinet/SLAM_AGV/workspace/install/hardware_interface/share/hardware_interface/hook/cmake_prefix_path.sh'
[246.544s] Level 1:colcon.colcon_core.environment:checking '/home/pinet/SLAM_AGV/workspace/install/hardware_interface/lib'
[246.545s] Level 1:colcon.colcon_core.shell:create_environment_hook('hardware_interface', 'ld_library_path_lib')
[246.546s] INFO:colcon.colcon_core.shell:Creating environment hook '/home/pinet/SLAM_AGV/workspace/install/hardware_interface/share/hardware_interface/hook/ld_library_path_lib.ps1'
[246.548s] INFO:colcon.colcon_core.shell:Creating environment descriptor '/home/pinet/SLAM_AGV/workspace/install/hardware_interface/share/hardware_interface/hook/ld_library_path_lib.dsv'
[246.550s] INFO:colcon.colcon_core.shell:Creating environment hook '/home/pinet/SLAM_AGV/workspace/install/hardware_interface/share/hardware_interface/hook/ld_library_path_lib.sh'
[246.551s] Level 1:colcon.colcon_core.environment:checking '/home/pinet/SLAM_AGV/workspace/install/hardware_interface/bin'
[246.552s] Level 1:colcon.colcon_core.environment:checking '/home/pinet/SLAM_AGV/workspace/install/hardware_interface/lib/pkgconfig/hardware_interface.pc'
[246.552s] Level 1:colcon.colcon_core.environment:checking '/home/pinet/SLAM_AGV/workspace/install/hardware_interface/lib/python3.10/site-packages'
[246.553s] Level 1:colcon.colcon_core.environment:checking '/home/pinet/SLAM_AGV/workspace/install/hardware_interface/bin'
[246.554s] INFO:colcon.colcon_core.shell:Creating package script '/home/pinet/SLAM_AGV/workspace/install/hardware_interface/share/hardware_interface/package.ps1'
[246.557s] INFO:colcon.colcon_core.shell:Creating package descriptor '/home/pinet/SLAM_AGV/workspace/install/hardware_interface/share/hardware_interface/package.dsv'
[246.559s] INFO:colcon.colcon_core.shell:Creating package script '/home/pinet/SLAM_AGV/workspace/install/hardware_interface/share/hardware_interface/package.sh'
[246.561s] INFO:colcon.colcon_core.shell:Creating package script '/home/pinet/SLAM_AGV/workspace/install/hardware_interface/share/hardware_interface/package.bash'
[246.563s] INFO:colcon.colcon_core.shell:Creating package script '/home/pinet/SLAM_AGV/workspace/install/hardware_interface/share/hardware_interface/package.zsh'
[246.564s] Level 1:colcon.colcon_core.environment:create_file_with_runtime_dependencies(/home/pinet/SLAM_AGV/workspace/install/hardware_interface/share/colcon-core/packages/hardware_interface)
[246.567s] Level 1:colcon.colcon_core.environment:create_environment_scripts_only(hardware_interface)
[246.568s] Level 1:colcon.colcon_core.environment:checking '/home/pinet/SLAM_AGV/workspace/install/hardware_interface' for CMake module files
[246.571s] Level 1:colcon.colcon_core.environment:checking '/home/pinet/SLAM_AGV/workspace/install/hardware_interface' for CMake config files
[246.573s] Level 1:colcon.colcon_core.shell:create_environment_hook('hardware_interface', 'cmake_prefix_path')
[246.574s] INFO:colcon.colcon_core.shell:Creating environment hook '/home/pinet/SLAM_AGV/workspace/install/hardware_interface/share/hardware_interface/hook/cmake_prefix_path.ps1'
[246.576s] INFO:colcon.colcon_core.shell:Creating environment descriptor '/home/pinet/SLAM_AGV/workspace/install/hardware_interface/share/hardware_interface/hook/cmake_prefix_path.dsv'
[246.578s] INFO:colcon.colcon_core.shell:Creating environment hook '/home/pinet/SLAM_AGV/workspace/install/hardware_interface/share/hardware_interface/hook/cmake_prefix_path.sh'
[246.580s] Level 1:colcon.colcon_core.environment:checking '/home/pinet/SLAM_AGV/workspace/install/hardware_interface/lib'
[246.580s] Level 1:colcon.colcon_core.shell:create_environment_hook('hardware_interface', 'ld_library_path_lib')
[246.581s] INFO:colcon.colcon_core.shell:Creating environment hook '/home/pinet/SLAM_AGV/workspace/install/hardware_interface/share/hardware_interface/hook/ld_library_path_lib.ps1'
[246.583s] INFO:colcon.colcon_core.shell:Creating environment descriptor '/home/pinet/SLAM_AGV/workspace/install/hardware_interface/share/hardware_interface/hook/ld_library_path_lib.dsv'
[246.585s] INFO:colcon.colcon_core.shell:Creating environment hook '/home/pinet/SLAM_AGV/workspace/install/hardware_interface/share/hardware_interface/hook/ld_library_path_lib.sh'
[246.586s] Level 1:colcon.colcon_core.environment:checking '/home/pinet/SLAM_AGV/workspace/install/hardware_interface/bin'
[246.587s] Level 1:colcon.colcon_core.environment:checking '/home/pinet/SLAM_AGV/workspace/install/hardware_interface/lib/pkgconfig/hardware_interface.pc'
[246.588s] Level 1:colcon.colcon_core.environment:checking '/home/pinet/SLAM_AGV/workspace/install/hardware_interface/lib/python3.10/site-packages'
[246.588s] Level 1:colcon.colcon_core.environment:checking '/home/pinet/SLAM_AGV/workspace/install/hardware_interface/bin'
[246.590s] INFO:colcon.colcon_core.shell:Creating package script '/home/pinet/SLAM_AGV/workspace/install/hardware_interface/share/hardware_interface/package.ps1'
[246.592s] INFO:colcon.colcon_core.shell:Creating package descriptor '/home/pinet/SLAM_AGV/workspace/install/hardware_interface/share/hardware_interface/package.dsv'
[246.594s] INFO:colcon.colcon_core.shell:Creating package script '/home/pinet/SLAM_AGV/workspace/install/hardware_interface/share/hardware_interface/package.sh'
[246.596s] INFO:colcon.colcon_core.shell:Creating package script '/home/pinet/SLAM_AGV/workspace/install/hardware_interface/share/hardware_interface/package.bash'
[246.598s] INFO:colcon.colcon_core.shell:Creating package script '/home/pinet/SLAM_AGV/workspace/install/hardware_interface/share/hardware_interface/package.zsh'
[246.600s] Level 1:colcon.colcon_core.environment:create_file_with_runtime_dependencies(/home/pinet/SLAM_AGV/workspace/install/hardware_interface/share/colcon-core/packages/hardware_interface)
[246.601s] DEBUG:colcon.colcon_core.executor.sequential:run_until_complete 'hardware_interface' finished with '0'
[246.601s] DEBUG:colcon.colcon_core.executor.sequential:run_until_complete 'rqt_joint_trajectory_controller'
[246.602s] INFO:colcon.colcon_ros.task.ament_python.build:Building ROS package in '/home/pinet/SLAM_AGV/workspace/src/ros2_controllers/rqt_joint_trajectory_controller' with build type 'ament_python'
[246.602s] Level 1:colcon.colcon_core.shell:create_environment_hook('rqt_joint_trajectory_controller', 'ament_prefix_path')
[246.604s] INFO:colcon.colcon_core.shell:Creating environment hook '/home/pinet/SLAM_AGV/workspace/install/rqt_joint_trajectory_controller/share/rqt_joint_trajectory_controller/hook/ament_prefix_path.ps1'
[246.606s] INFO:colcon.colcon_core.shell:Creating environment descriptor '/home/pinet/SLAM_AGV/workspace/install/rqt_joint_trajectory_controller/share/rqt_joint_trajectory_controller/hook/ament_prefix_path.dsv'
[246.608s] INFO:colcon.colcon_core.shell:Creating environment hook '/home/pinet/SLAM_AGV/workspace/install/rqt_joint_trajectory_controller/share/rqt_joint_trajectory_controller/hook/ament_prefix_path.sh'
[246.610s] INFO:colcon.colcon_core.shell:Skip shell extension 'powershell' for command environment: Not usable outside of PowerShell
[246.611s] DEBUG:colcon.colcon_core.shell:Skip shell extension 'dsv' for command environment
[247.645s] INFO:colcon.colcon_core.task.python.build:Building Python package in '/home/pinet/SLAM_AGV/workspace/src/ros2_controllers/rqt_joint_trajectory_controller'
[247.646s] INFO:colcon.colcon_core.shell:Skip shell extension 'powershell' for command environment: Not usable outside of PowerShell
[247.646s] DEBUG:colcon.colcon_core.shell:Skip shell extension 'dsv' for command environment
[249.111s] DEBUG:colcon.colcon_core.event_handler.log_command:Invoking command in '/home/pinet/SLAM_AGV/workspace/build/rqt_joint_trajectory_controller': AMENT_PREFIX_PATH=/home/pinet/SLAM_AGV/workspace/install/controller_manager_msgs:/home/pinet/SLAM_AGV/workspace/install/control_msgs:${AMENT_PREFIX_PATH} CMAKE_PREFIX_PATH=/home/pinet/SLAM_AGV/workspace/install/controller_manager_msgs:/home/pinet/SLAM_AGV/workspace/install/control_msgs LD_LIBRARY_PATH=/home/pinet/SLAM_AGV/workspace/install/controller_manager_msgs/lib:/home/pinet/SLAM_AGV/workspace/install/control_msgs/lib:${LD_LIBRARY_PATH} PYTHONPATH=/home/pinet/SLAM_AGV/workspace/build/rqt_joint_trajectory_controller/prefix_override:/usr/lib/python3/dist-packages/colcon_core/task/python/colcon_distutils_commands:/home/pinet/SLAM_AGV/workspace/install/rqt_joint_trajectory_controller/lib/python3.10/site-packages:/home/pinet/SLAM_AGV/workspace/install/controller_manager_msgs/local/lib/python3.10/dist-packages:/home/pinet/SLAM_AGV/workspace/install/control_msgs/local/lib/python3.10/dist-packages:${PYTHONPATH} /usr/bin/python3 -W ignore:setup.py install is deprecated -W ignore:easy_install command is deprecated setup.py develop --editable --build-directory /home/pinet/SLAM_AGV/workspace/build/rqt_joint_trajectory_controller/build --no-deps symlink_data
[250.822s] Level 1:colcon.colcon_core.shell:create_environment_hook('rqt_joint_trajectory_controller', 'pythonpath_develop')
[250.823s] INFO:colcon.colcon_core.shell:Creating environment hook '/home/pinet/SLAM_AGV/workspace/build/rqt_joint_trajectory_controller/share/rqt_joint_trajectory_controller/hook/pythonpath_develop.ps1'
[250.825s] DEBUG:colcon.colcon_core.event_handler.log_command:Invoked command in '/home/pinet/SLAM_AGV/workspace/build/rqt_joint_trajectory_controller' returned '0': AMENT_PREFIX_PATH=/home/pinet/SLAM_AGV/workspace/install/controller_manager_msgs:/home/pinet/SLAM_AGV/workspace/install/control_msgs:${AMENT_PREFIX_PATH} CMAKE_PREFIX_PATH=/home/pinet/SLAM_AGV/workspace/install/controller_manager_msgs:/home/pinet/SLAM_AGV/workspace/install/control_msgs LD_LIBRARY_PATH=/home/pinet/SLAM_AGV/workspace/install/controller_manager_msgs/lib:/home/pinet/SLAM_AGV/workspace/install/control_msgs/lib:${LD_LIBRARY_PATH} PYTHONPATH=/home/pinet/SLAM_AGV/workspace/build/rqt_joint_trajectory_controller/prefix_override:/usr/lib/python3/dist-packages/colcon_core/task/python/colcon_distutils_commands:/home/pinet/SLAM_AGV/workspace/install/rqt_joint_trajectory_controller/lib/python3.10/site-packages:/home/pinet/SLAM_AGV/workspace/install/controller_manager_msgs/local/lib/python3.10/dist-packages:/home/pinet/SLAM_AGV/workspace/install/control_msgs/local/lib/python3.10/dist-packages:${PYTHONPATH} /usr/bin/python3 -W ignore:setup.py install is deprecated -W ignore:easy_install command is deprecated setup.py develop --editable --build-directory /home/pinet/SLAM_AGV/workspace/build/rqt_joint_trajectory_controller/build --no-deps symlink_data
[250.827s] INFO:colcon.colcon_core.shell:Creating environment descriptor '/home/pinet/SLAM_AGV/workspace/build/rqt_joint_trajectory_controller/share/rqt_joint_trajectory_controller/hook/pythonpath_develop.dsv'
[250.829s] INFO:colcon.colcon_core.shell:Creating environment hook '/home/pinet/SLAM_AGV/workspace/build/rqt_joint_trajectory_controller/share/rqt_joint_trajectory_controller/hook/pythonpath_develop.sh'
[250.832s] Level 1:colcon.colcon_core.environment:checking '/home/pinet/SLAM_AGV/workspace/install/rqt_joint_trajectory_controller' for CMake module files
[250.835s] Level 1:colcon.colcon_core.environment:checking '/home/pinet/SLAM_AGV/workspace/install/rqt_joint_trajectory_controller' for CMake config files
[250.839s] Level 1:colcon.colcon_core.environment:checking '/home/pinet/SLAM_AGV/workspace/install/rqt_joint_trajectory_controller/lib'
[250.839s] Level 1:colcon.colcon_core.environment:checking '/home/pinet/SLAM_AGV/workspace/install/rqt_joint_trajectory_controller/bin'
[250.839s] Level 1:colcon.colcon_core.environment:checking '/home/pinet/SLAM_AGV/workspace/install/rqt_joint_trajectory_controller/lib/pkgconfig/rqt_joint_trajectory_controller.pc'
[250.841s] Level 1:colcon.colcon_core.environment:checking '/home/pinet/SLAM_AGV/workspace/install/rqt_joint_trajectory_controller/lib/python3.10/site-packages'
[250.841s] Level 1:colcon.colcon_core.shell:create_environment_hook('rqt_joint_trajectory_controller', 'pythonpath')
[250.842s] INFO:colcon.colcon_core.shell:Creating environment hook '/home/pinet/SLAM_AGV/workspace/install/rqt_joint_trajectory_controller/share/rqt_joint_trajectory_controller/hook/pythonpath.ps1'
[250.843s] INFO:colcon.colcon_core.shell:Creating environment descriptor '/home/pinet/SLAM_AGV/workspace/install/rqt_joint_trajectory_controller/share/rqt_joint_trajectory_controller/hook/pythonpath.dsv'
[250.845s] INFO:colcon.colcon_core.shell:Creating environment hook '/home/pinet/SLAM_AGV/workspace/install/rqt_joint_trajectory_controller/share/rqt_joint_trajectory_controller/hook/pythonpath.sh'
[250.847s] Level 1:colcon.colcon_core.environment:checking '/home/pinet/SLAM_AGV/workspace/install/rqt_joint_trajectory_controller/bin'
[250.847s] Level 1:colcon.colcon_core.environment:create_environment_scripts_only(rqt_joint_trajectory_controller)
[250.849s] INFO:colcon.colcon_core.shell:Creating package script '/home/pinet/SLAM_AGV/workspace/install/rqt_joint_trajectory_controller/share/rqt_joint_trajectory_controller/package.ps1'
[250.851s] INFO:colcon.colcon_core.shell:Creating package descriptor '/home/pinet/SLAM_AGV/workspace/install/rqt_joint_trajectory_controller/share/rqt_joint_trajectory_controller/package.dsv'
[250.853s] INFO:colcon.colcon_core.shell:Creating package script '/home/pinet/SLAM_AGV/workspace/install/rqt_joint_trajectory_controller/share/rqt_joint_trajectory_controller/package.sh'
[250.855s] INFO:colcon.colcon_core.shell:Creating package script '/home/pinet/SLAM_AGV/workspace/install/rqt_joint_trajectory_controller/share/rqt_joint_trajectory_controller/package.bash'
[250.856s] INFO:colcon.colcon_core.shell:Creating package script '/home/pinet/SLAM_AGV/workspace/install/rqt_joint_trajectory_controller/share/rqt_joint_trajectory_controller/package.zsh'
[250.858s] Level 1:colcon.colcon_core.environment:create_file_with_runtime_dependencies(/home/pinet/SLAM_AGV/workspace/install/rqt_joint_trajectory_controller/share/colcon-core/packages/rqt_joint_trajectory_controller)
[250.859s] DEBUG:colcon.colcon_core.executor.sequential:run_until_complete 'rqt_joint_trajectory_controller' finished with '0'
[250.859s] DEBUG:colcon.colcon_core.executor.sequential:run_until_complete 'controller_interface'
[250.859s] INFO:colcon.colcon_ros.task.ament_cmake.build:Building ROS package in '/home/pinet/SLAM_AGV/workspace/src/ros2_control/controller_interface' with build type 'ament_cmake'
[250.860s] INFO:colcon.colcon_cmake.task.cmake.build:Building CMake package in '/home/pinet/SLAM_AGV/workspace/src/ros2_control/controller_interface'
[250.861s] INFO:colcon.colcon_core.shell:Skip shell extension 'powershell' for command environment: Not usable outside of PowerShell
[250.861s] DEBUG:colcon.colcon_core.shell:Skip shell extension 'dsv' for command environment
[250.919s] DEBUG:colcon.colcon_core.event_handler.log_command:Invoking command in '/home/pinet/SLAM_AGV/workspace/build/controller_interface': AMENT_PREFIX_PATH=/home/pinet/SLAM_AGV/workspace/install/hardware_interface:/home/pinet/SLAM_AGV/workspace/install/ros2_control_test_assets:/home/pinet/SLAM_AGV/workspace/install/control_msgs:${AMENT_PREFIX_PATH} CMAKE_PREFIX_PATH=/home/pinet/SLAM_AGV/workspace/install/hardware_interface:/home/pinet/SLAM_AGV/workspace/install/ros2_control_test_assets:/home/pinet/SLAM_AGV/workspace/install/control_msgs:/opt/ros/humble LD_LIBRARY_PATH=/home/pinet/SLAM_AGV/workspace/install/hardware_interface/lib:/home/pinet/SLAM_AGV/workspace/install/control_msgs/lib:${LD_LIBRARY_PATH} PYTHONPATH=/home/pinet/SLAM_AGV/workspace/install/control_msgs/local/lib/python3.10/dist-packages:${PYTHONPATH} /usr/bin/cmake /home/pinet/SLAM_AGV/workspace/src/ros2_control/controller_interface -DAMENT_CMAKE_SYMLINK_INSTALL=1 -DCMAKE_INSTALL_PREFIX=/home/pinet/SLAM_AGV/workspace/install/controller_interface
[257.882s] DEBUG:colcon.colcon_core.event_handler.log_command:Invoked command in '/home/pinet/SLAM_AGV/workspace/build/controller_interface' returned '0': AMENT_PREFIX_PATH=/home/pinet/SLAM_AGV/workspace/install/hardware_interface:/home/pinet/SLAM_AGV/workspace/install/ros2_control_test_assets:/home/pinet/SLAM_AGV/workspace/install/control_msgs:${AMENT_PREFIX_PATH} CMAKE_PREFIX_PATH=/home/pinet/SLAM_AGV/workspace/install/hardware_interface:/home/pinet/SLAM_AGV/workspace/install/ros2_control_test_assets:/home/pinet/SLAM_AGV/workspace/install/control_msgs:/opt/ros/humble LD_LIBRARY_PATH=/home/pinet/SLAM_AGV/workspace/install/hardware_interface/lib:/home/pinet/SLAM_AGV/workspace/install/control_msgs/lib:${LD_LIBRARY_PATH} PYTHONPATH=/home/pinet/SLAM_AGV/workspace/install/control_msgs/local/lib/python3.10/dist-packages:${PYTHONPATH} /usr/bin/cmake /home/pinet/SLAM_AGV/workspace/src/ros2_control/controller_interface -DAMENT_CMAKE_SYMLINK_INSTALL=1 -DCMAKE_INSTALL_PREFIX=/home/pinet/SLAM_AGV/workspace/install/controller_interface
[257.891s] DEBUG:colcon.colcon_core.event_handler.log_command:Invoking command in '/home/pinet/SLAM_AGV/workspace/build/controller_interface': AMENT_PREFIX_PATH=/home/pinet/SLAM_AGV/workspace/install/hardware_interface:/home/pinet/SLAM_AGV/workspace/install/ros2_control_test_assets:/home/pinet/SLAM_AGV/workspace/install/control_msgs:${AMENT_PREFIX_PATH} CMAKE_PREFIX_PATH=/home/pinet/SLAM_AGV/workspace/install/hardware_interface:/home/pinet/SLAM_AGV/workspace/install/ros2_control_test_assets:/home/pinet/SLAM_AGV/workspace/install/control_msgs:/opt/ros/humble LD_LIBRARY_PATH=/home/pinet/SLAM_AGV/workspace/install/hardware_interface/lib:/home/pinet/SLAM_AGV/workspace/install/control_msgs/lib:${LD_LIBRARY_PATH} PYTHONPATH=/home/pinet/SLAM_AGV/workspace/install/control_msgs/local/lib/python3.10/dist-packages:${PYTHONPATH} /usr/bin/cmake --build /home/pinet/SLAM_AGV/workspace/build/controller_interface -- -j4 -l4
[332.244s] DEBUG:colcon.colcon_core.event_handler.log_command:Invoked command in '/home/pinet/SLAM_AGV/workspace/build/controller_interface' returned '0': AMENT_PREFIX_PATH=/home/pinet/SLAM_AGV/workspace/install/hardware_interface:/home/pinet/SLAM_AGV/workspace/install/ros2_control_test_assets:/home/pinet/SLAM_AGV/workspace/install/control_msgs:${AMENT_PREFIX_PATH} CMAKE_PREFIX_PATH=/home/pinet/SLAM_AGV/workspace/install/hardware_interface:/home/pinet/SLAM_AGV/workspace/install/ros2_control_test_assets:/home/pinet/SLAM_AGV/workspace/install/control_msgs:/opt/ros/humble LD_LIBRARY_PATH=/home/pinet/SLAM_AGV/workspace/install/hardware_interface/lib:/home/pinet/SLAM_AGV/workspace/install/control_msgs/lib:${LD_LIBRARY_PATH} PYTHONPATH=/home/pinet/SLAM_AGV/workspace/install/control_msgs/local/lib/python3.10/dist-packages:${PYTHONPATH} /usr/bin/cmake --build /home/pinet/SLAM_AGV/workspace/build/controller_interface -- -j4 -l4
[332.255s] DEBUG:colcon.colcon_core.event_handler.log_command:Invoking command in '/home/pinet/SLAM_AGV/workspace/build/controller_interface': AMENT_PREFIX_PATH=/home/pinet/SLAM_AGV/workspace/install/hardware_interface:/home/pinet/SLAM_AGV/workspace/install/ros2_control_test_assets:/home/pinet/SLAM_AGV/workspace/install/control_msgs:${AMENT_PREFIX_PATH} CMAKE_PREFIX_PATH=/home/pinet/SLAM_AGV/workspace/install/hardware_interface:/home/pinet/SLAM_AGV/workspace/install/ros2_control_test_assets:/home/pinet/SLAM_AGV/workspace/install/control_msgs:/opt/ros/humble LD_LIBRARY_PATH=/home/pinet/SLAM_AGV/workspace/install/hardware_interface/lib:/home/pinet/SLAM_AGV/workspace/install/control_msgs/lib:${LD_LIBRARY_PATH} PYTHONPATH=/home/pinet/SLAM_AGV/workspace/install/control_msgs/local/lib/python3.10/dist-packages:${PYTHONPATH} /usr/bin/cmake --install /home/pinet/SLAM_AGV/workspace/build/controller_interface
[333.310s] Level 1:colcon.colcon_core.environment:create_environment_scripts_only(controller_interface)
[333.311s] Level 1:colcon.colcon_core.environment:checking '/home/pinet/SLAM_AGV/workspace/install/controller_interface' for CMake module files
[333.313s] DEBUG:colcon.colcon_core.event_handler.log_command:Invoked command in '/home/pinet/SLAM_AGV/workspace/build/controller_interface' returned '0': AMENT_PREFIX_PATH=/home/pinet/SLAM_AGV/workspace/install/hardware_interface:/home/pinet/SLAM_AGV/workspace/install/ros2_control_test_assets:/home/pinet/SLAM_AGV/workspace/install/control_msgs:${AMENT_PREFIX_PATH} CMAKE_PREFIX_PATH=/home/pinet/SLAM_AGV/workspace/install/hardware_interface:/home/pinet/SLAM_AGV/workspace/install/ros2_control_test_assets:/home/pinet/SLAM_AGV/workspace/install/control_msgs:/opt/ros/humble LD_LIBRARY_PATH=/home/pinet/SLAM_AGV/workspace/install/hardware_interface/lib:/home/pinet/SLAM_AGV/workspace/install/control_msgs/lib:${LD_LIBRARY_PATH} PYTHONPATH=/home/pinet/SLAM_AGV/workspace/install/control_msgs/local/lib/python3.10/dist-packages:${PYTHONPATH} /usr/bin/cmake --install /home/pinet/SLAM_AGV/workspace/build/controller_interface
[333.315s] Level 1:colcon.colcon_core.environment:checking '/home/pinet/SLAM_AGV/workspace/install/controller_interface' for CMake config files
[333.317s] Level 1:colcon.colcon_core.shell:create_environment_hook('controller_interface', 'cmake_prefix_path')
[333.318s] INFO:colcon.colcon_core.shell:Creating environment hook '/home/pinet/SLAM_AGV/workspace/install/controller_interface/share/controller_interface/hook/cmake_prefix_path.ps1'
[333.320s] INFO:colcon.colcon_core.shell:Creating environment descriptor '/home/pinet/SLAM_AGV/workspace/install/controller_interface/share/controller_interface/hook/cmake_prefix_path.dsv'
[333.321s] INFO:colcon.colcon_core.shell:Creating environment hook '/home/pinet/SLAM_AGV/workspace/install/controller_interface/share/controller_interface/hook/cmake_prefix_path.sh'
[333.324s] Level 1:colcon.colcon_core.environment:checking '/home/pinet/SLAM_AGV/workspace/install/controller_interface/lib'
[333.324s] Level 1:colcon.colcon_core.shell:create_environment_hook('controller_interface', 'ld_library_path_lib')
[333.325s] INFO:colcon.colcon_core.shell:Creating environment hook '/home/pinet/SLAM_AGV/workspace/install/controller_interface/share/controller_interface/hook/ld_library_path_lib.ps1'
[333.327s] INFO:colcon.colcon_core.shell:Creating environment descriptor '/home/pinet/SLAM_AGV/workspace/install/controller_interface/share/controller_interface/hook/ld_library_path_lib.dsv'
[333.328s] INFO:colcon.colcon_core.shell:Creating environment hook '/home/pinet/SLAM_AGV/workspace/install/controller_interface/share/controller_interface/hook/ld_library_path_lib.sh'
[333.330s] Level 1:colcon.colcon_core.environment:checking '/home/pinet/SLAM_AGV/workspace/install/controller_interface/bin'
[333.330s] Level 1:colcon.colcon_core.environment:checking '/home/pinet/SLAM_AGV/workspace/install/controller_interface/lib/pkgconfig/controller_interface.pc'
[333.331s] Level 1:colcon.colcon_core.environment:checking '/home/pinet/SLAM_AGV/workspace/install/controller_interface/lib/python3.10/site-packages'
[333.332s] Level 1:colcon.colcon_core.environment:checking '/home/pinet/SLAM_AGV/workspace/install/controller_interface/bin'
[333.333s] INFO:colcon.colcon_core.shell:Creating package script '/home/pinet/SLAM_AGV/workspace/install/controller_interface/share/controller_interface/package.ps1'
[333.335s] INFO:colcon.colcon_core.shell:Creating package descriptor '/home/pinet/SLAM_AGV/workspace/install/controller_interface/share/controller_interface/package.dsv'
[333.337s] INFO:colcon.colcon_core.shell:Creating package script '/home/pinet/SLAM_AGV/workspace/install/controller_interface/share/controller_interface/package.sh'
[333.339s] INFO:colcon.colcon_core.shell:Creating package script '/home/pinet/SLAM_AGV/workspace/install/controller_interface/share/controller_interface/package.bash'
[333.341s] INFO:colcon.colcon_core.shell:Creating package script '/home/pinet/SLAM_AGV/workspace/install/controller_interface/share/controller_interface/package.zsh'
[333.342s] Level 1:colcon.colcon_core.environment:create_file_with_runtime_dependencies(/home/pinet/SLAM_AGV/workspace/install/controller_interface/share/colcon-core/packages/controller_interface)
[333.345s] Level 1:colcon.colcon_core.environment:create_environment_scripts_only(controller_interface)
[333.346s] Level 1:colcon.colcon_core.environment:checking '/home/pinet/SLAM_AGV/workspace/install/controller_interface' for CMake module files
[333.348s] Level 1:colcon.colcon_core.environment:checking '/home/pinet/SLAM_AGV/workspace/install/controller_interface' for CMake config files
[333.350s] Level 1:colcon.colcon_core.shell:create_environment_hook('controller_interface', 'cmake_prefix_path')
[333.351s] INFO:colcon.colcon_core.shell:Creating environment hook '/home/pinet/SLAM_AGV/workspace/install/controller_interface/share/controller_interface/hook/cmake_prefix_path.ps1'
[333.353s] INFO:colcon.colcon_core.shell:Creating environment descriptor '/home/pinet/SLAM_AGV/workspace/install/controller_interface/share/controller_interface/hook/cmake_prefix_path.dsv'
[333.355s] INFO:colcon.colcon_core.shell:Creating environment hook '/home/pinet/SLAM_AGV/workspace/install/controller_interface/share/controller_interface/hook/cmake_prefix_path.sh'
[333.357s] Level 1:colcon.colcon_core.environment:checking '/home/pinet/SLAM_AGV/workspace/install/controller_interface/lib'
[333.358s] Level 1:colcon.colcon_core.shell:create_environment_hook('controller_interface', 'ld_library_path_lib')
[333.359s] INFO:colcon.colcon_core.shell:Creating environment hook '/home/pinet/SLAM_AGV/workspace/install/controller_interface/share/controller_interface/hook/ld_library_path_lib.ps1'
[333.361s] INFO:colcon.colcon_core.shell:Creating environment descriptor '/home/pinet/SLAM_AGV/workspace/install/controller_interface/share/controller_interface/hook/ld_library_path_lib.dsv'
[333.363s] INFO:colcon.colcon_core.shell:Creating environment hook '/home/pinet/SLAM_AGV/workspace/install/controller_interface/share/controller_interface/hook/ld_library_path_lib.sh'
[333.365s] Level 1:colcon.colcon_core.environment:checking '/home/pinet/SLAM_AGV/workspace/install/controller_interface/bin'
[333.365s] Level 1:colcon.colcon_core.environment:checking '/home/pinet/SLAM_AGV/workspace/install/controller_interface/lib/pkgconfig/controller_interface.pc'
[333.366s] Level 1:colcon.colcon_core.environment:checking '/home/pinet/SLAM_AGV/workspace/install/controller_interface/lib/python3.10/site-packages'
[333.367s] Level 1:colcon.colcon_core.environment:checking '/home/pinet/SLAM_AGV/workspace/install/controller_interface/bin'
[333.368s] INFO:colcon.colcon_core.shell:Creating package script '/home/pinet/SLAM_AGV/workspace/install/controller_interface/share/controller_interface/package.ps1'
[333.370s] INFO:colcon.colcon_core.shell:Creating package descriptor '/home/pinet/SLAM_AGV/workspace/install/controller_interface/share/controller_interface/package.dsv'
[333.373s] INFO:colcon.colcon_core.shell:Creating package script '/home/pinet/SLAM_AGV/workspace/install/controller_interface/share/controller_interface/package.sh'
[333.375s] INFO:colcon.colcon_core.shell:Creating package script '/home/pinet/SLAM_AGV/workspace/install/controller_interface/share/controller_interface/package.bash'
[333.377s] INFO:colcon.colcon_core.shell:Creating package script '/home/pinet/SLAM_AGV/workspace/install/controller_interface/share/controller_interface/package.zsh'
[333.379s] Level 1:colcon.colcon_core.environment:create_file_with_runtime_dependencies(/home/pinet/SLAM_AGV/workspace/install/controller_interface/share/colcon-core/packages/controller_interface)
[333.380s] DEBUG:colcon.colcon_core.executor.sequential:run_until_complete 'controller_interface' finished with '0'
[333.380s] DEBUG:colcon.colcon_core.executor.sequential:run_until_complete 'hardware_interface_testing'
[333.381s] INFO:colcon.colcon_ros.task.ament_cmake.build:Building ROS package in '/home/pinet/SLAM_AGV/workspace/src/ros2_control/hardware_interface_testing' with build type 'ament_cmake'
[333.381s] INFO:colcon.colcon_cmake.task.cmake.build:Building CMake package in '/home/pinet/SLAM_AGV/workspace/src/ros2_control/hardware_interface_testing'
[333.382s] INFO:colcon.colcon_core.shell:Skip shell extension 'powershell' for command environment: Not usable outside of PowerShell
[333.382s] DEBUG:colcon.colcon_core.shell:Skip shell extension 'dsv' for command environment
[333.459s] DEBUG:colcon.colcon_core.event_handler.log_command:Invoking command in '/home/pinet/SLAM_AGV/workspace/build/hardware_interface_testing': AMENT_PREFIX_PATH=/home/pinet/SLAM_AGV/workspace/install/hardware_interface:/home/pinet/SLAM_AGV/workspace/install/ros2_control_test_assets:/home/pinet/SLAM_AGV/workspace/install/control_msgs:${AMENT_PREFIX_PATH} CMAKE_PREFIX_PATH=/home/pinet/SLAM_AGV/workspace/install/hardware_interface:/home/pinet/SLAM_AGV/workspace/install/ros2_control_test_assets:/home/pinet/SLAM_AGV/workspace/install/control_msgs:/opt/ros/humble LD_LIBRARY_PATH=/home/pinet/SLAM_AGV/workspace/install/hardware_interface/lib:/home/pinet/SLAM_AGV/workspace/install/control_msgs/lib:${LD_LIBRARY_PATH} PYTHONPATH=/home/pinet/SLAM_AGV/workspace/install/control_msgs/local/lib/python3.10/dist-packages:${PYTHONPATH} /usr/bin/cmake /home/pinet/SLAM_AGV/workspace/src/ros2_control/hardware_interface_testing -DAMENT_CMAKE_SYMLINK_INSTALL=1 -DCMAKE_INSTALL_PREFIX=/home/pinet/SLAM_AGV/workspace/install/hardware_interface_testing
[339.738s] DEBUG:colcon.colcon_core.event_handler.log_command:Invoked command in '/home/pinet/SLAM_AGV/workspace/build/hardware_interface_testing' returned '0': AMENT_PREFIX_PATH=/home/pinet/SLAM_AGV/workspace/install/hardware_interface:/home/pinet/SLAM_AGV/workspace/install/ros2_control_test_assets:/home/pinet/SLAM_AGV/workspace/install/control_msgs:${AMENT_PREFIX_PATH} CMAKE_PREFIX_PATH=/home/pinet/SLAM_AGV/workspace/install/hardware_interface:/home/pinet/SLAM_AGV/workspace/install/ros2_control_test_assets:/home/pinet/SLAM_AGV/workspace/install/control_msgs:/opt/ros/humble LD_LIBRARY_PATH=/home/pinet/SLAM_AGV/workspace/install/hardware_interface/lib:/home/pinet/SLAM_AGV/workspace/install/control_msgs/lib:${LD_LIBRARY_PATH} PYTHONPATH=/home/pinet/SLAM_AGV/workspace/install/control_msgs/local/lib/python3.10/dist-packages:${PYTHONPATH} /usr/bin/cmake /home/pinet/SLAM_AGV/workspace/src/ros2_control/hardware_interface_testing -DAMENT_CMAKE_SYMLINK_INSTALL=1 -DCMAKE_INSTALL_PREFIX=/home/pinet/SLAM_AGV/workspace/install/hardware_interface_testing
[339.745s] DEBUG:colcon.colcon_core.event_handler.log_command:Invoking command in '/home/pinet/SLAM_AGV/workspace/build/hardware_interface_testing': AMENT_PREFIX_PATH=/home/pinet/SLAM_AGV/workspace/install/hardware_interface:/home/pinet/SLAM_AGV/workspace/install/ros2_control_test_assets:/home/pinet/SLAM_AGV/workspace/install/control_msgs:${AMENT_PREFIX_PATH} CMAKE_PREFIX_PATH=/home/pinet/SLAM_AGV/workspace/install/hardware_interface:/home/pinet/SLAM_AGV/workspace/install/ros2_control_test_assets:/home/pinet/SLAM_AGV/workspace/install/control_msgs:/opt/ros/humble LD_LIBRARY_PATH=/home/pinet/SLAM_AGV/workspace/install/hardware_interface/lib:/home/pinet/SLAM_AGV/workspace/install/control_msgs/lib:${LD_LIBRARY_PATH} PYTHONPATH=/home/pinet/SLAM_AGV/workspace/install/control_msgs/local/lib/python3.10/dist-packages:${PYTHONPATH} /usr/bin/cmake --build /home/pinet/SLAM_AGV/workspace/build/hardware_interface_testing -- -j4 -l4
[382.209s] DEBUG:colcon.colcon_core.event_handler.log_command:Invoked command in '/home/pinet/SLAM_AGV/workspace/build/hardware_interface_testing' returned '0': AMENT_PREFIX_PATH=/home/pinet/SLAM_AGV/workspace/install/hardware_interface:/home/pinet/SLAM_AGV/workspace/install/ros2_control_test_assets:/home/pinet/SLAM_AGV/workspace/install/control_msgs:${AMENT_PREFIX_PATH} CMAKE_PREFIX_PATH=/home/pinet/SLAM_AGV/workspace/install/hardware_interface:/home/pinet/SLAM_AGV/workspace/install/ros2_control_test_assets:/home/pinet/SLAM_AGV/workspace/install/control_msgs:/opt/ros/humble LD_LIBRARY_PATH=/home/pinet/SLAM_AGV/workspace/install/hardware_interface/lib:/home/pinet/SLAM_AGV/workspace/install/control_msgs/lib:${LD_LIBRARY_PATH} PYTHONPATH=/home/pinet/SLAM_AGV/workspace/install/control_msgs/local/lib/python3.10/dist-packages:${PYTHONPATH} /usr/bin/cmake --build /home/pinet/SLAM_AGV/workspace/build/hardware_interface_testing -- -j4 -l4
[382.219s] DEBUG:colcon.colcon_core.event_handler.log_command:Invoking command in '/home/pinet/SLAM_AGV/workspace/build/hardware_interface_testing': AMENT_PREFIX_PATH=/home/pinet/SLAM_AGV/workspace/install/hardware_interface:/home/pinet/SLAM_AGV/workspace/install/ros2_control_test_assets:/home/pinet/SLAM_AGV/workspace/install/control_msgs:${AMENT_PREFIX_PATH} CMAKE_PREFIX_PATH=/home/pinet/SLAM_AGV/workspace/install/hardware_interface:/home/pinet/SLAM_AGV/workspace/install/ros2_control_test_assets:/home/pinet/SLAM_AGV/workspace/install/control_msgs:/opt/ros/humble LD_LIBRARY_PATH=/home/pinet/SLAM_AGV/workspace/install/hardware_interface/lib:/home/pinet/SLAM_AGV/workspace/install/control_msgs/lib:${LD_LIBRARY_PATH} PYTHONPATH=/home/pinet/SLAM_AGV/workspace/install/control_msgs/local/lib/python3.10/dist-packages:${PYTHONPATH} /usr/bin/cmake --install /home/pinet/SLAM_AGV/workspace/build/hardware_interface_testing
[382.868s] Level 1:colcon.colcon_core.environment:create_environment_scripts_only(hardware_interface_testing)
[382.869s] Level 1:colcon.colcon_core.environment:checking '/home/pinet/SLAM_AGV/workspace/install/hardware_interface_testing' for CMake module files
[382.872s] DEBUG:colcon.colcon_core.event_handler.log_command:Invoked command in '/home/pinet/SLAM_AGV/workspace/build/hardware_interface_testing' returned '0': AMENT_PREFIX_PATH=/home/pinet/SLAM_AGV/workspace/install/hardware_interface:/home/pinet/SLAM_AGV/workspace/install/ros2_control_test_assets:/home/pinet/SLAM_AGV/workspace/install/control_msgs:${AMENT_PREFIX_PATH} CMAKE_PREFIX_PATH=/home/pinet/SLAM_AGV/workspace/install/hardware_interface:/home/pinet/SLAM_AGV/workspace/install/ros2_control_test_assets:/home/pinet/SLAM_AGV/workspace/install/control_msgs:/opt/ros/humble LD_LIBRARY_PATH=/home/pinet/SLAM_AGV/workspace/install/hardware_interface/lib:/home/pinet/SLAM_AGV/workspace/install/control_msgs/lib:${LD_LIBRARY_PATH} PYTHONPATH=/home/pinet/SLAM_AGV/workspace/install/control_msgs/local/lib/python3.10/dist-packages:${PYTHONPATH} /usr/bin/cmake --install /home/pinet/SLAM_AGV/workspace/build/hardware_interface_testing
[382.874s] Level 1:colcon.colcon_core.environment:checking '/home/pinet/SLAM_AGV/workspace/install/hardware_interface_testing' for CMake config files
[382.877s] Level 1:colcon.colcon_core.shell:create_environment_hook('hardware_interface_testing', 'cmake_prefix_path')
[382.878s] INFO:colcon.colcon_core.shell:Creating environment hook '/home/pinet/SLAM_AGV/workspace/install/hardware_interface_testing/share/hardware_interface_testing/hook/cmake_prefix_path.ps1'
[382.881s] INFO:colcon.colcon_core.shell:Creating environment descriptor '/home/pinet/SLAM_AGV/workspace/install/hardware_interface_testing/share/hardware_interface_testing/hook/cmake_prefix_path.dsv'
[382.882s] INFO:colcon.colcon_core.shell:Creating environment hook '/home/pinet/SLAM_AGV/workspace/install/hardware_interface_testing/share/hardware_interface_testing/hook/cmake_prefix_path.sh'
[382.885s] Level 1:colcon.colcon_core.environment:checking '/home/pinet/SLAM_AGV/workspace/install/hardware_interface_testing/lib'
[382.885s] Level 1:colcon.colcon_core.shell:create_environment_hook('hardware_interface_testing', 'ld_library_path_lib')
[382.886s] INFO:colcon.colcon_core.shell:Creating environment hook '/home/pinet/SLAM_AGV/workspace/install/hardware_interface_testing/share/hardware_interface_testing/hook/ld_library_path_lib.ps1'
[382.888s] INFO:colcon.colcon_core.shell:Creating environment descriptor '/home/pinet/SLAM_AGV/workspace/install/hardware_interface_testing/share/hardware_interface_testing/hook/ld_library_path_lib.dsv'
[382.890s] INFO:colcon.colcon_core.shell:Creating environment hook '/home/pinet/SLAM_AGV/workspace/install/hardware_interface_testing/share/hardware_interface_testing/hook/ld_library_path_lib.sh'
[382.892s] Level 1:colcon.colcon_core.environment:checking '/home/pinet/SLAM_AGV/workspace/install/hardware_interface_testing/bin'
[382.892s] Level 1:colcon.colcon_core.environment:checking '/home/pinet/SLAM_AGV/workspace/install/hardware_interface_testing/lib/pkgconfig/hardware_interface_testing.pc'
[382.893s] Level 1:colcon.colcon_core.environment:checking '/home/pinet/SLAM_AGV/workspace/install/hardware_interface_testing/lib/python3.10/site-packages'
[382.894s] Level 1:colcon.colcon_core.environment:checking '/home/pinet/SLAM_AGV/workspace/install/hardware_interface_testing/bin'
[382.895s] INFO:colcon.colcon_core.shell:Creating package script '/home/pinet/SLAM_AGV/workspace/install/hardware_interface_testing/share/hardware_interface_testing/package.ps1'
[382.897s] INFO:colcon.colcon_core.shell:Creating package descriptor '/home/pinet/SLAM_AGV/workspace/install/hardware_interface_testing/share/hardware_interface_testing/package.dsv'
[382.899s] INFO:colcon.colcon_core.shell:Creating package script '/home/pinet/SLAM_AGV/workspace/install/hardware_interface_testing/share/hardware_interface_testing/package.sh'
[382.901s] INFO:colcon.colcon_core.shell:Creating package script '/home/pinet/SLAM_AGV/workspace/install/hardware_interface_testing/share/hardware_interface_testing/package.bash'
[382.902s] INFO:colcon.colcon_core.shell:Creating package script '/home/pinet/SLAM_AGV/workspace/install/hardware_interface_testing/share/hardware_interface_testing/package.zsh'
[382.904s] Level 1:colcon.colcon_core.environment:create_file_with_runtime_dependencies(/home/pinet/SLAM_AGV/workspace/install/hardware_interface_testing/share/colcon-core/packages/hardware_interface_testing)
[382.906s] Level 1:colcon.colcon_core.environment:create_environment_scripts_only(hardware_interface_testing)
[382.907s] Level 1:colcon.colcon_core.environment:checking '/home/pinet/SLAM_AGV/workspace/install/hardware_interface_testing' for CMake module files
[382.910s] Level 1:colcon.colcon_core.environment:checking '/home/pinet/SLAM_AGV/workspace/install/hardware_interface_testing' for CMake config files
[382.912s] Level 1:colcon.colcon_core.shell:create_environment_hook('hardware_interface_testing', 'cmake_prefix_path')
[382.913s] INFO:colcon.colcon_core.shell:Creating environment hook '/home/pinet/SLAM_AGV/workspace/install/hardware_interface_testing/share/hardware_interface_testing/hook/cmake_prefix_path.ps1'
[382.914s] INFO:colcon.colcon_core.shell:Creating environment descriptor '/home/pinet/SLAM_AGV/workspace/install/hardware_interface_testing/share/hardware_interface_testing/hook/cmake_prefix_path.dsv'
[382.916s] INFO:colcon.colcon_core.shell:Creating environment hook '/home/pinet/SLAM_AGV/workspace/install/hardware_interface_testing/share/hardware_interface_testing/hook/cmake_prefix_path.sh'
[382.919s] Level 1:colcon.colcon_core.environment:checking '/home/pinet/SLAM_AGV/workspace/install/hardware_interface_testing/lib'
[382.919s] Level 1:colcon.colcon_core.shell:create_environment_hook('hardware_interface_testing', 'ld_library_path_lib')
[382.920s] INFO:colcon.colcon_core.shell:Creating environment hook '/home/pinet/SLAM_AGV/workspace/install/hardware_interface_testing/share/hardware_interface_testing/hook/ld_library_path_lib.ps1'
[382.922s] INFO:colcon.colcon_core.shell:Creating environment descriptor '/home/pinet/SLAM_AGV/workspace/install/hardware_interface_testing/share/hardware_interface_testing/hook/ld_library_path_lib.dsv'
[382.924s] INFO:colcon.colcon_core.shell:Creating environment hook '/home/pinet/SLAM_AGV/workspace/install/hardware_interface_testing/share/hardware_interface_testing/hook/ld_library_path_lib.sh'
[382.925s] Level 1:colcon.colcon_core.environment:checking '/home/pinet/SLAM_AGV/workspace/install/hardware_interface_testing/bin'
[382.926s] Level 1:colcon.colcon_core.environment:checking '/home/pinet/SLAM_AGV/workspace/install/hardware_interface_testing/lib/pkgconfig/hardware_interface_testing.pc'
[382.927s] Level 1:colcon.colcon_core.environment:checking '/home/pinet/SLAM_AGV/workspace/install/hardware_interface_testing/lib/python3.10/site-packages'
[382.927s] Level 1:colcon.colcon_core.environment:checking '/home/pinet/SLAM_AGV/workspace/install/hardware_interface_testing/bin'
[382.929s] INFO:colcon.colcon_core.shell:Creating package script '/home/pinet/SLAM_AGV/workspace/install/hardware_interface_testing/share/hardware_interface_testing/package.ps1'
[382.931s] INFO:colcon.colcon_core.shell:Creating package descriptor '/home/pinet/SLAM_AGV/workspace/install/hardware_interface_testing/share/hardware_interface_testing/package.dsv'
[382.933s] INFO:colcon.colcon_core.shell:Creating package script '/home/pinet/SLAM_AGV/workspace/install/hardware_interface_testing/share/hardware_interface_testing/package.sh'
[382.936s] INFO:colcon.colcon_core.shell:Creating package script '/home/pinet/SLAM_AGV/workspace/install/hardware_interface_testing/share/hardware_interface_testing/package.bash'
[382.938s] INFO:colcon.colcon_core.shell:Creating package script '/home/pinet/SLAM_AGV/workspace/install/hardware_interface_testing/share/hardware_interface_testing/package.zsh'
[382.940s] Level 1:colcon.colcon_core.environment:create_file_with_runtime_dependencies(/home/pinet/SLAM_AGV/workspace/install/hardware_interface_testing/share/colcon-core/packages/hardware_interface_testing)
[382.941s] DEBUG:colcon.colcon_core.executor.sequential:run_until_complete 'hardware_interface_testing' finished with '0'
[382.941s] DEBUG:colcon.colcon_core.executor.sequential:run_until_complete 'transmission_interface'
[382.942s] INFO:colcon.colcon_ros.task.ament_cmake.build:Building ROS package in '/home/pinet/SLAM_AGV/workspace/src/ros2_control/transmission_interface' with build type 'ament_cmake'
[382.942s] INFO:colcon.colcon_cmake.task.cmake.build:Building CMake package in '/home/pinet/SLAM_AGV/workspace/src/ros2_control/transmission_interface'
[382.943s] INFO:colcon.colcon_core.shell:Skip shell extension 'powershell' for command environment: Not usable outside of PowerShell
[382.943s] DEBUG:colcon.colcon_core.shell:Skip shell extension 'dsv' for command environment
[383.001s] DEBUG:colcon.colcon_core.event_handler.log_command:Invoking command in '/home/pinet/SLAM_AGV/workspace/build/transmission_interface': AMENT_PREFIX_PATH=/home/pinet/SLAM_AGV/workspace/install/hardware_interface:/home/pinet/SLAM_AGV/workspace/install/ros2_control_test_assets:/home/pinet/SLAM_AGV/workspace/install/control_msgs:${AMENT_PREFIX_PATH} CMAKE_PREFIX_PATH=/home/pinet/SLAM_AGV/workspace/install/hardware_interface:/home/pinet/SLAM_AGV/workspace/install/ros2_control_test_assets:/home/pinet/SLAM_AGV/workspace/install/control_msgs:/opt/ros/humble LD_LIBRARY_PATH=/home/pinet/SLAM_AGV/workspace/install/hardware_interface/lib:/home/pinet/SLAM_AGV/workspace/install/control_msgs/lib:${LD_LIBRARY_PATH} PYTHONPATH=/home/pinet/SLAM_AGV/workspace/install/control_msgs/local/lib/python3.10/dist-packages:${PYTHONPATH} /usr/bin/cmake /home/pinet/SLAM_AGV/workspace/src/ros2_control/transmission_interface -DAMENT_CMAKE_SYMLINK_INSTALL=1 -DCMAKE_INSTALL_PREFIX=/home/pinet/SLAM_AGV/workspace/install/transmission_interface
[389.972s] DEBUG:colcon.colcon_core.event_handler.log_command:Invoked command in '/home/pinet/SLAM_AGV/workspace/build/transmission_interface' returned '0': AMENT_PREFIX_PATH=/home/pinet/SLAM_AGV/workspace/install/hardware_interface:/home/pinet/SLAM_AGV/workspace/install/ros2_control_test_assets:/home/pinet/SLAM_AGV/workspace/install/control_msgs:${AMENT_PREFIX_PATH} CMAKE_PREFIX_PATH=/home/pinet/SLAM_AGV/workspace/install/hardware_interface:/home/pinet/SLAM_AGV/workspace/install/ros2_control_test_assets:/home/pinet/SLAM_AGV/workspace/install/control_msgs:/opt/ros/humble LD_LIBRARY_PATH=/home/pinet/SLAM_AGV/workspace/install/hardware_interface/lib:/home/pinet/SLAM_AGV/workspace/install/control_msgs/lib:${LD_LIBRARY_PATH} PYTHONPATH=/home/pinet/SLAM_AGV/workspace/install/control_msgs/local/lib/python3.10/dist-packages:${PYTHONPATH} /usr/bin/cmake /home/pinet/SLAM_AGV/workspace/src/ros2_control/transmission_interface -DAMENT_CMAKE_SYMLINK_INSTALL=1 -DCMAKE_INSTALL_PREFIX=/home/pinet/SLAM_AGV/workspace/install/transmission_interface
[389.981s] DEBUG:colcon.colcon_core.event_handler.log_command:Invoking command in '/home/pinet/SLAM_AGV/workspace/build/transmission_interface': AMENT_PREFIX_PATH=/home/pinet/SLAM_AGV/workspace/install/hardware_interface:/home/pinet/SLAM_AGV/workspace/install/ros2_control_test_assets:/home/pinet/SLAM_AGV/workspace/install/control_msgs:${AMENT_PREFIX_PATH} CMAKE_PREFIX_PATH=/home/pinet/SLAM_AGV/workspace/install/hardware_interface:/home/pinet/SLAM_AGV/workspace/install/ros2_control_test_assets:/home/pinet/SLAM_AGV/workspace/install/control_msgs:/opt/ros/humble LD_LIBRARY_PATH=/home/pinet/SLAM_AGV/workspace/install/hardware_interface/lib:/home/pinet/SLAM_AGV/workspace/install/control_msgs/lib:${LD_LIBRARY_PATH} PYTHONPATH=/home/pinet/SLAM_AGV/workspace/install/control_msgs/local/lib/python3.10/dist-packages:${PYTHONPATH} /usr/bin/cmake --build /home/pinet/SLAM_AGV/workspace/build/transmission_interface -- -j4 -l4
[468.589s] DEBUG:colcon.colcon_core.event_handler.log_command:Invoked command in '/home/pinet/SLAM_AGV/workspace/build/transmission_interface' returned '0': AMENT_PREFIX_PATH=/home/pinet/SLAM_AGV/workspace/install/hardware_interface:/home/pinet/SLAM_AGV/workspace/install/ros2_control_test_assets:/home/pinet/SLAM_AGV/workspace/install/control_msgs:${AMENT_PREFIX_PATH} CMAKE_PREFIX_PATH=/home/pinet/SLAM_AGV/workspace/install/hardware_interface:/home/pinet/SLAM_AGV/workspace/install/ros2_control_test_assets:/home/pinet/SLAM_AGV/workspace/install/control_msgs:/opt/ros/humble LD_LIBRARY_PATH=/home/pinet/SLAM_AGV/workspace/install/hardware_interface/lib:/home/pinet/SLAM_AGV/workspace/install/control_msgs/lib:${LD_LIBRARY_PATH} PYTHONPATH=/home/pinet/SLAM_AGV/workspace/install/control_msgs/local/lib/python3.10/dist-packages:${PYTHONPATH} /usr/bin/cmake --build /home/pinet/SLAM_AGV/workspace/build/transmission_interface -- -j4 -l4
[468.597s] DEBUG:colcon.colcon_core.event_handler.log_command:Invoking command in '/home/pinet/SLAM_AGV/workspace/build/transmission_interface': AMENT_PREFIX_PATH=/home/pinet/SLAM_AGV/workspace/install/hardware_interface:/home/pinet/SLAM_AGV/workspace/install/ros2_control_test_assets:/home/pinet/SLAM_AGV/workspace/install/control_msgs:${AMENT_PREFIX_PATH} CMAKE_PREFIX_PATH=/home/pinet/SLAM_AGV/workspace/install/hardware_interface:/home/pinet/SLAM_AGV/workspace/install/ros2_control_test_assets:/home/pinet/SLAM_AGV/workspace/install/control_msgs:/opt/ros/humble LD_LIBRARY_PATH=/home/pinet/SLAM_AGV/workspace/install/hardware_interface/lib:/home/pinet/SLAM_AGV/workspace/install/control_msgs/lib:${LD_LIBRARY_PATH} PYTHONPATH=/home/pinet/SLAM_AGV/workspace/install/control_msgs/local/lib/python3.10/dist-packages:${PYTHONPATH} /usr/bin/cmake --install /home/pinet/SLAM_AGV/workspace/build/transmission_interface
[469.811s] Level 1:colcon.colcon_core.environment:create_environment_scripts_only(transmission_interface)
[469.812s] Level 1:colcon.colcon_core.environment:checking '/home/pinet/SLAM_AGV/workspace/install/transmission_interface' for CMake module files
[469.814s] DEBUG:colcon.colcon_core.event_handler.log_command:Invoked command in '/home/pinet/SLAM_AGV/workspace/build/transmission_interface' returned '0': AMENT_PREFIX_PATH=/home/pinet/SLAM_AGV/workspace/install/hardware_interface:/home/pinet/SLAM_AGV/workspace/install/ros2_control_test_assets:/home/pinet/SLAM_AGV/workspace/install/control_msgs:${AMENT_PREFIX_PATH} CMAKE_PREFIX_PATH=/home/pinet/SLAM_AGV/workspace/install/hardware_interface:/home/pinet/SLAM_AGV/workspace/install/ros2_control_test_assets:/home/pinet/SLAM_AGV/workspace/install/control_msgs:/opt/ros/humble LD_LIBRARY_PATH=/home/pinet/SLAM_AGV/workspace/install/hardware_interface/lib:/home/pinet/SLAM_AGV/workspace/install/control_msgs/lib:${LD_LIBRARY_PATH} PYTHONPATH=/home/pinet/SLAM_AGV/workspace/install/control_msgs/local/lib/python3.10/dist-packages:${PYTHONPATH} /usr/bin/cmake --install /home/pinet/SLAM_AGV/workspace/build/transmission_interface
[469.817s] Level 1:colcon.colcon_core.environment:checking '/home/pinet/SLAM_AGV/workspace/install/transmission_interface' for CMake config files
[469.818s] Level 1:colcon.colcon_core.shell:create_environment_hook('transmission_interface', 'cmake_prefix_path')
[469.819s] INFO:colcon.colcon_core.shell:Creating environment hook '/home/pinet/SLAM_AGV/workspace/install/transmission_interface/share/transmission_interface/hook/cmake_prefix_path.ps1'
[469.821s] INFO:colcon.colcon_core.shell:Creating environment descriptor '/home/pinet/SLAM_AGV/workspace/install/transmission_interface/share/transmission_interface/hook/cmake_prefix_path.dsv'
[469.822s] INFO:colcon.colcon_core.shell:Creating environment hook '/home/pinet/SLAM_AGV/workspace/install/transmission_interface/share/transmission_interface/hook/cmake_prefix_path.sh'
[469.825s] Level 1:colcon.colcon_core.environment:checking '/home/pinet/SLAM_AGV/workspace/install/transmission_interface/lib'
[469.825s] Level 1:colcon.colcon_core.shell:create_environment_hook('transmission_interface', 'ld_library_path_lib')
[469.826s] INFO:colcon.colcon_core.shell:Creating environment hook '/home/pinet/SLAM_AGV/workspace/install/transmission_interface/share/transmission_interface/hook/ld_library_path_lib.ps1'
[469.828s] INFO:colcon.colcon_core.shell:Creating environment descriptor '/home/pinet/SLAM_AGV/workspace/install/transmission_interface/share/transmission_interface/hook/ld_library_path_lib.dsv'
[469.829s] INFO:colcon.colcon_core.shell:Creating environment hook '/home/pinet/SLAM_AGV/workspace/install/transmission_interface/share/transmission_interface/hook/ld_library_path_lib.sh'
[469.831s] Level 1:colcon.colcon_core.environment:checking '/home/pinet/SLAM_AGV/workspace/install/transmission_interface/bin'
[469.831s] Level 1:colcon.colcon_core.environment:checking '/home/pinet/SLAM_AGV/workspace/install/transmission_interface/lib/pkgconfig/transmission_interface.pc'
[469.832s] Level 1:colcon.colcon_core.environment:checking '/home/pinet/SLAM_AGV/workspace/install/transmission_interface/lib/python3.10/site-packages'
[469.833s] Level 1:colcon.colcon_core.environment:checking '/home/pinet/SLAM_AGV/workspace/install/transmission_interface/bin'
[469.834s] INFO:colcon.colcon_core.shell:Creating package script '/home/pinet/SLAM_AGV/workspace/install/transmission_interface/share/transmission_interface/package.ps1'
[469.836s] INFO:colcon.colcon_core.shell:Creating package descriptor '/home/pinet/SLAM_AGV/workspace/install/transmission_interface/share/transmission_interface/package.dsv'
[469.838s] INFO:colcon.colcon_core.shell:Creating package script '/home/pinet/SLAM_AGV/workspace/install/transmission_interface/share/transmission_interface/package.sh'
[469.840s] INFO:colcon.colcon_core.shell:Creating package script '/home/pinet/SLAM_AGV/workspace/install/transmission_interface/share/transmission_interface/package.bash'
[469.841s] INFO:colcon.colcon_core.shell:Creating package script '/home/pinet/SLAM_AGV/workspace/install/transmission_interface/share/transmission_interface/package.zsh'
[469.843s] Level 1:colcon.colcon_core.environment:create_file_with_runtime_dependencies(/home/pinet/SLAM_AGV/workspace/install/transmission_interface/share/colcon-core/packages/transmission_interface)
[469.845s] Level 1:colcon.colcon_core.environment:create_environment_scripts_only(transmission_interface)
[469.846s] Level 1:colcon.colcon_core.environment:checking '/home/pinet/SLAM_AGV/workspace/install/transmission_interface' for CMake module files
[469.849s] Level 1:colcon.colcon_core.environment:checking '/home/pinet/SLAM_AGV/workspace/install/transmission_interface' for CMake config files
[469.851s] Level 1:colcon.colcon_core.shell:create_environment_hook('transmission_interface', 'cmake_prefix_path')
[469.852s] INFO:colcon.colcon_core.shell:Creating environment hook '/home/pinet/SLAM_AGV/workspace/install/transmission_interface/share/transmission_interface/hook/cmake_prefix_path.ps1'
[469.854s] INFO:colcon.colcon_core.shell:Creating environment descriptor '/home/pinet/SLAM_AGV/workspace/install/transmission_interface/share/transmission_interface/hook/cmake_prefix_path.dsv'
[469.856s] INFO:colcon.colcon_core.shell:Creating environment hook '/home/pinet/SLAM_AGV/workspace/install/transmission_interface/share/transmission_interface/hook/cmake_prefix_path.sh'
[469.858s] Level 1:colcon.colcon_core.environment:checking '/home/pinet/SLAM_AGV/workspace/install/transmission_interface/lib'
[469.859s] Level 1:colcon.colcon_core.shell:create_environment_hook('transmission_interface', 'ld_library_path_lib')
[469.860s] INFO:colcon.colcon_core.shell:Creating environment hook '/home/pinet/SLAM_AGV/workspace/install/transmission_interface/share/transmission_interface/hook/ld_library_path_lib.ps1'
[469.862s] INFO:colcon.colcon_core.shell:Creating environment descriptor '/home/pinet/SLAM_AGV/workspace/install/transmission_interface/share/transmission_interface/hook/ld_library_path_lib.dsv'
[469.863s] INFO:colcon.colcon_core.shell:Creating environment hook '/home/pinet/SLAM_AGV/workspace/install/transmission_interface/share/transmission_interface/hook/ld_library_path_lib.sh'
[469.866s] Level 1:colcon.colcon_core.environment:checking '/home/pinet/SLAM_AGV/workspace/install/transmission_interface/bin'
[469.866s] Level 1:colcon.colcon_core.environment:checking '/home/pinet/SLAM_AGV/workspace/install/transmission_interface/lib/pkgconfig/transmission_interface.pc'
[469.867s] Level 1:colcon.colcon_core.environment:checking '/home/pinet/SLAM_AGV/workspace/install/transmission_interface/lib/python3.10/site-packages'
[469.868s] Level 1:colcon.colcon_core.environment:checking '/home/pinet/SLAM_AGV/workspace/install/transmission_interface/bin'
[469.869s] INFO:colcon.colcon_core.shell:Creating package script '/home/pinet/SLAM_AGV/workspace/install/transmission_interface/share/transmission_interface/package.ps1'
[469.872s] INFO:colcon.colcon_core.shell:Creating package descriptor '/home/pinet/SLAM_AGV/workspace/install/transmission_interface/share/transmission_interface/package.dsv'
[469.874s] INFO:colcon.colcon_core.shell:Creating package script '/home/pinet/SLAM_AGV/workspace/install/transmission_interface/share/transmission_interface/package.sh'
[469.876s] INFO:colcon.colcon_core.shell:Creating package script '/home/pinet/SLAM_AGV/workspace/install/transmission_interface/share/transmission_interface/package.bash'
[469.878s] INFO:colcon.colcon_core.shell:Creating package script '/home/pinet/SLAM_AGV/workspace/install/transmission_interface/share/transmission_interface/package.zsh'
[469.880s] Level 1:colcon.colcon_core.environment:create_file_with_runtime_dependencies(/home/pinet/SLAM_AGV/workspace/install/transmission_interface/share/colcon-core/packages/transmission_interface)
[469.881s] DEBUG:colcon.colcon_core.executor.sequential:run_until_complete 'transmission_interface' finished with '0'
[469.882s] DEBUG:colcon.colcon_core.executor.sequential:run_until_complete 'controller_manager'
[469.882s] INFO:colcon.colcon_ros.task.ament_cmake.build:Building ROS package in '/home/pinet/SLAM_AGV/workspace/src/ros2_control/controller_manager' with build type 'ament_cmake'
[469.883s] INFO:colcon.colcon_cmake.task.cmake.build:Building CMake package in '/home/pinet/SLAM_AGV/workspace/src/ros2_control/controller_manager'
[469.884s] INFO:colcon.colcon_core.shell:Skip shell extension 'powershell' for command environment: Not usable outside of PowerShell
[469.884s] DEBUG:colcon.colcon_core.shell:Skip shell extension 'dsv' for command environment
[469.972s] DEBUG:colcon.colcon_core.event_handler.log_command:Invoking command in '/home/pinet/SLAM_AGV/workspace/build/controller_manager': AMENT_PREFIX_PATH=/home/pinet/SLAM_AGV/workspace/install/hardware_interface_testing:/home/pinet/SLAM_AGV/workspace/install/controller_interface:/home/pinet/SLAM_AGV/workspace/install/hardware_interface:/home/pinet/SLAM_AGV/workspace/install/ros2_control_test_assets:/home/pinet/SLAM_AGV/workspace/install/controller_manager_msgs:/home/pinet/SLAM_AGV/workspace/install/control_msgs:${AMENT_PREFIX_PATH} CMAKE_PREFIX_PATH=/home/pinet/SLAM_AGV/workspace/install/hardware_interface_testing:/home/pinet/SLAM_AGV/workspace/install/controller_interface:/home/pinet/SLAM_AGV/workspace/install/hardware_interface:/home/pinet/SLAM_AGV/workspace/install/ros2_control_test_assets:/home/pinet/SLAM_AGV/workspace/install/controller_manager_msgs:/home/pinet/SLAM_AGV/workspace/install/control_msgs:/opt/ros/humble LD_LIBRARY_PATH=/home/pinet/SLAM_AGV/workspace/install/hardware_interface_testing/lib:/home/pinet/SLAM_AGV/workspace/install/controller_interface/lib:/home/pinet/SLAM_AGV/workspace/install/hardware_interface/lib:/home/pinet/SLAM_AGV/workspace/install/controller_manager_msgs/lib:/home/pinet/SLAM_AGV/workspace/install/control_msgs/lib:${LD_LIBRARY_PATH} PYTHONPATH=/home/pinet/SLAM_AGV/workspace/install/controller_manager_msgs/local/lib/python3.10/dist-packages:/home/pinet/SLAM_AGV/workspace/install/control_msgs/local/lib/python3.10/dist-packages:${PYTHONPATH} /usr/bin/cmake /home/pinet/SLAM_AGV/workspace/src/ros2_control/controller_manager -DAMENT_CMAKE_SYMLINK_INSTALL=1 -DCMAKE_INSTALL_PREFIX=/home/pinet/SLAM_AGV/workspace/install/controller_manager
[472.650s] DEBUG:colcon.colcon_core.event_handler.log_command:Invoked command in '/home/pinet/SLAM_AGV/workspace/build/controller_manager' returned '1': AMENT_PREFIX_PATH=/home/pinet/SLAM_AGV/workspace/install/hardware_interface_testing:/home/pinet/SLAM_AGV/workspace/install/controller_interface:/home/pinet/SLAM_AGV/workspace/install/hardware_interface:/home/pinet/SLAM_AGV/workspace/install/ros2_control_test_assets:/home/pinet/SLAM_AGV/workspace/install/controller_manager_msgs:/home/pinet/SLAM_AGV/workspace/install/control_msgs:${AMENT_PREFIX_PATH} CMAKE_PREFIX_PATH=/home/pinet/SLAM_AGV/workspace/install/hardware_interface_testing:/home/pinet/SLAM_AGV/workspace/install/controller_interface:/home/pinet/SLAM_AGV/workspace/install/hardware_interface:/home/pinet/SLAM_AGV/workspace/install/ros2_control_test_assets:/home/pinet/SLAM_AGV/workspace/install/controller_manager_msgs:/home/pinet/SLAM_AGV/workspace/install/control_msgs:/opt/ros/humble LD_LIBRARY_PATH=/home/pinet/SLAM_AGV/workspace/install/hardware_interface_testing/lib:/home/pinet/SLAM_AGV/workspace/install/controller_interface/lib:/home/pinet/SLAM_AGV/workspace/install/hardware_interface/lib:/home/pinet/SLAM_AGV/workspace/install/controller_manager_msgs/lib:/home/pinet/SLAM_AGV/workspace/install/control_msgs/lib:${LD_LIBRARY_PATH} PYTHONPATH=/home/pinet/SLAM_AGV/workspace/install/controller_manager_msgs/local/lib/python3.10/dist-packages:/home/pinet/SLAM_AGV/workspace/install/control_msgs/local/lib/python3.10/dist-packages:${PYTHONPATH} /usr/bin/cmake /home/pinet/SLAM_AGV/workspace/src/ros2_control/controller_manager -DAMENT_CMAKE_SYMLINK_INSTALL=1 -DCMAKE_INSTALL_PREFIX=/home/pinet/SLAM_AGV/workspace/install/controller_manager
[472.690s] Level 1:colcon.colcon_core.environment:create_environment_scripts_only(controller_manager)
[472.691s] Level 1:colcon.colcon_core.environment:checking '/home/pinet/SLAM_AGV/workspace/install/controller_manager' for CMake module files
[472.694s] Level 1:colcon.colcon_core.environment:checking '/home/pinet/SLAM_AGV/workspace/install/controller_manager' for CMake config files
[472.695s] Level 1:colcon.colcon_core.environment:checking '/home/pinet/SLAM_AGV/workspace/install/controller_manager/bin'
[472.696s] Level 1:colcon.colcon_core.environment:checking '/home/pinet/SLAM_AGV/workspace/install/controller_manager/lib/pkgconfig/controller_manager.pc'
[472.697s] Level 1:colcon.colcon_core.environment:checking '/home/pinet/SLAM_AGV/workspace/install/controller_manager/lib/python3.10/site-packages'
[472.698s] Level 1:colcon.colcon_core.environment:checking '/home/pinet/SLAM_AGV/workspace/install/controller_manager/bin'
[472.699s] INFO:colcon.colcon_core.shell:Creating package script '/home/pinet/SLAM_AGV/workspace/install/controller_manager/share/controller_manager/package.ps1'
[472.701s] INFO:colcon.colcon_core.shell:Creating package descriptor '/home/pinet/SLAM_AGV/workspace/install/controller_manager/share/controller_manager/package.dsv'
[472.703s] INFO:colcon.colcon_core.shell:Creating package script '/home/pinet/SLAM_AGV/workspace/install/controller_manager/share/controller_manager/package.sh'
[472.704s] INFO:colcon.colcon_core.shell:Creating package script '/home/pinet/SLAM_AGV/workspace/install/controller_manager/share/controller_manager/package.bash'
[472.706s] INFO:colcon.colcon_core.shell:Creating package script '/home/pinet/SLAM_AGV/workspace/install/controller_manager/share/controller_manager/package.zsh'
[472.708s] Level 1:colcon.colcon_core.environment:create_file_with_runtime_dependencies(/home/pinet/SLAM_AGV/workspace/install/controller_manager/share/colcon-core/packages/controller_manager)
[472.709s] DEBUG:colcon.colcon_core.executor.sequential:run_until_complete 'controller_manager' finished with '1'
[472.710s] DEBUG:colcon.colcon_core.executor.sequential:closing loop
[472.711s] DEBUG:colcon.colcon_core.executor.sequential:loop closed
[472.711s] DEBUG:colcon.colcon_core.event_reactor:joining thread
[472.735s] INFO:colcon.colcon_core.plugin_system:Skipping extension 'colcon_notification.desktop_notification.notify_send': Could not find 'notify-send'
[472.735s] INFO:colcon.colcon_core.plugin_system:Skipping extension 'colcon_notification.desktop_notification.terminal_notifier': Not used on non-Darwin systems
[472.735s] INFO:colcon.colcon_core.plugin_system:Skipping extension 'colcon_notification.desktop_notification.win32': Not used on non-Windows systems
[472.736s] INFO:colcon.colcon_notification.desktop_notification:Sending desktop notification using 'notify2'
[472.738s] DEBUG:colcon.colcon_notification.desktop_notification.notify2:Failed to initialize notify2: org.freedesktop.DBus.Error.ServiceUnknown: The name org.freedesktop.Notifications was not provided by any .service files
[472.739s] DEBUG:colcon.colcon_core.event_reactor:joined thread
[472.740s] INFO:colcon.colcon_core.shell:Creating prefix script '/home/pinet/SLAM_AGV/workspace/install/local_setup.ps1'
[472.743s] INFO:colcon.colcon_core.shell:Creating prefix util module '/home/pinet/SLAM_AGV/workspace/install/_local_setup_util_ps1.py'
[472.749s] INFO:colcon.colcon_core.shell:Creating prefix chain script '/home/pinet/SLAM_AGV/workspace/install/setup.ps1'
[472.754s] INFO:colcon.colcon_core.shell:Creating prefix script '/home/pinet/SLAM_AGV/workspace/install/local_setup.sh'
[472.757s] INFO:colcon.colcon_core.shell:Creating prefix util module '/home/pinet/SLAM_AGV/workspace/install/_local_setup_util_sh.py'
[472.760s] INFO:colcon.colcon_core.shell:Creating prefix chain script '/home/pinet/SLAM_AGV/workspace/install/setup.sh'
[472.764s] INFO:colcon.colcon_core.shell:Creating prefix script '/home/pinet/SLAM_AGV/workspace/install/local_setup.bash'
[472.767s] INFO:colcon.colcon_core.shell:Creating prefix chain script '/home/pinet/SLAM_AGV/workspace/install/setup.bash'
[472.771s] INFO:colcon.colcon_core.shell:Creating prefix script '/home/pinet/SLAM_AGV/workspace/install/local_setup.zsh'
[472.774s] INFO:colcon.colcon_core.shell:Creating prefix chain script '/home/pinet/SLAM_AGV/workspace/install/setup.zsh'
