[0.000000] (-) TimerEvent: {}
[0.001632] (-) JobUnselected: {'identifier': 'ackermann_steering_controller'}
[0.002303] (-) JobUnselected: {'identifier': 'admittance_controller'}
[0.002787] (-) JobUnselected: {'identifier': 'bicycle_steering_controller'}
[0.002960] (-) JobUnselected: {'identifier': 'columbus'}
[0.003251] (-) JobUnselected: {'identifier': 'controller_interface'}
[0.003402] (-) JobUnselected: {'identifier': 'controller_manager'}
[0.003491] (-) JobUnselected: {'identifier': 'controller_manager_msgs'}
[0.003565] (-) JobUnselected: {'identifier': 'diff_drive_controller'}
[0.003638] (-) JobUnselected: {'identifier': 'effort_controllers'}
[0.003710] (-) JobUnselected: {'identifier': 'force_torque_sensor_broadcaster'}
[0.003782] (-) JobUnselected: {'identifier': 'forward_command_controller'}
[0.003853] (-) JobUnselected: {'identifier': 'gpio_controllers'}
[0.003925] (-) JobUnselected: {'identifier': 'gripper_controllers'}
[0.003996] (-) JobUnselected: {'identifier': 'hardware_interface'}
[0.004066] (-) JobUnselected: {'identifier': 'hardware_interface_testing'}
[0.004137] (-) JobUnselected: {'identifier': 'imu_sensor_broadcaster'}
[0.004207] (-) JobUnselected: {'identifier': 'joint_limits'}
[0.004279] (-) JobUnselected: {'identifier': 'joint_state_broadcaster'}
[0.004349] (-) JobUnselected: {'identifier': 'joint_trajectory_controller'}
[0.004423] (-) JobUnselected: {'identifier': 'joy_tester'}
[0.004494] (-) JobUnselected: {'identifier': 'mecanum_drive_controller'}
[0.004563] (-) JobUnselected: {'identifier': 'pi2stm_comms'}
[0.004633] (-) JobUnselected: {'identifier': 'pid_controller'}
[0.004703] (-) JobUnselected: {'identifier': 'pose_broadcaster'}
[0.004773] (-) JobUnselected: {'identifier': 'position_controllers'}
[0.004843] (-) JobUnselected: {'identifier': 'range_sensor_broadcaster'}
[0.004912] (-) JobUnselected: {'identifier': 'ros2_control'}
[0.004982] (-) JobUnselected: {'identifier': 'ros2_control_test_assets'}
[0.005051] (-) JobUnselected: {'identifier': 'ros2_controllers'}
[0.005155] (-) JobUnselected: {'identifier': 'ros2_controllers_test_nodes'}
[0.005238] (-) JobUnselected: {'identifier': 'ros2controlcli'}
[0.005309] (-) JobUnselected: {'identifier': 'rqt_controller_manager'}
[0.005379] (-) JobUnselected: {'identifier': 'rqt_joint_trajectory_controller'}
[0.005451] (-) JobUnselected: {'identifier': 'steering_controllers_library'}
[0.005522] (-) JobUnselected: {'identifier': 'transmission_interface'}
[0.005592] (-) JobUnselected: {'identifier': 'tricycle_controller'}
[0.005662] (-) JobUnselected: {'identifier': 'tricycle_steering_controller'}
[0.005731] (-) JobUnselected: {'identifier': 'twist_converter'}
[0.005800] (-) JobUnselected: {'identifier': 'velocity_controllers'}
[0.005878] (control_msgs) JobQueued: {'identifier': 'control_msgs', 'dependencies': OrderedDict()}
[0.005960] (control_msgs) JobStarted: {'identifier': 'control_msgs'}
[0.052372] (control_msgs) JobProgress: {'identifier': 'control_msgs', 'progress': 'cmake'}
[0.054598] (control_msgs) Command: {'cmd': ['/usr/bin/cmake', '/home/pinet/SLAM_AGV/workspace/src/control_msgs/control_msgs', '-DAMENT_CMAKE_SYMLINK_INSTALL=1', '-DCMAKE_INSTALL_PREFIX=/home/pinet/SLAM_AGV/workspace/install/control_msgs'], 'cwd': '/home/pinet/SLAM_AGV/workspace/build/control_msgs', 'env': OrderedDict([('LESSOPEN', '| /usr/bin/lesspipe %s'), ('TMUX', '/tmp/tmux-1000/default,1587,0'), ('USER', 'pinet'), ('SSH_CLIENT', '192.168.1.107 34780 22'), ('LC_TIME', 'en_GB.UTF-8'), ('XDG_SESSION_TYPE', 'tty'), ('SHLVL', '2'), ('LD_LIBRARY_PATH', '/opt/ros/humble/lib/aarch64-linux-gnu:/opt/ros/humble/lib'), ('MOTD_SHOWN', 'pam'), ('HOME', '/home/pinet'), ('TERM_PROGRAM_VERSION', '3.2a'), ('SSH_TTY', '/dev/pts/0'), ('ROS_PYTHON_VERSION', '3'), ('LC_MONETARY', 'en_GB.UTF-8'), ('DBUS_SESSION_BUS_ADDRESS', 'unix:path=/run/user/1000/bus'), ('ROS_DISTRO', 'humble'), ('LOGNAME', 'pinet'), ('_', '/usr/bin/colcon'), ('ROS_VERSION', '2'), ('XDG_SESSION_CLASS', 'user'), ('TERM', 'screen'), ('XDG_SESSION_ID', '1'), ('ROS_LOCALHOST_ONLY', '0'), ('PATH', '/opt/ros/humble/bin:/usr/local/sbin:/usr/local/bin:/usr/sbin:/usr/bin:/sbin:/bin:/usr/games:/usr/local/games:/snap/bin'), ('LC_ADDRESS', 'en_GB.UTF-8'), ('XDG_RUNTIME_DIR', '/run/user/1000'), ('LANG', 'en_US.UTF-8'), ('LC_TELEPHONE', 'en_GB.UTF-8'), ('LS_COLORS', 'rs=0:di=01;34:ln=01;36:mh=00:pi=40;33:so=01;35:do=01;35:bd=40;33;01:cd=40;33;01:or=40;31;01:mi=00:su=37;41:sg=30;43:ca=30;41:tw=30;42:ow=34;42:st=37;44:ex=01;32:*.tar=01;31:*.tgz=01;31:*.arc=01;31:*.arj=01;31:*.taz=01;31:*.lha=01;31:*.lz4=01;31:*.lzh=01;31:*.lzma=01;31:*.tlz=01;31:*.txz=01;31:*.tzo=01;31:*.t7z=01;31:*.zip=01;31:*.z=01;31:*.dz=01;31:*.gz=01;31:*.lrz=01;31:*.lz=01;31:*.lzo=01;31:*.xz=01;31:*.zst=01;31:*.tzst=01;31:*.bz2=01;31:*.bz=01;31:*.tbz=01;31:*.tbz2=01;31:*.tz=01;31:*.deb=01;31:*.rpm=01;31:*.jar=01;31:*.war=01;31:*.ear=01;31:*.sar=01;31:*.rar=01;31:*.alz=01;31:*.ace=01;31:*.zoo=01;31:*.cpio=01;31:*.7z=01;31:*.rz=01;31:*.cab=01;31:*.wim=01;31:*.swm=01;31:*.dwm=01;31:*.esd=01;31:*.jpg=01;35:*.jpeg=01;35:*.mjpg=01;35:*.mjpeg=01;35:*.gif=01;35:*.bmp=01;35:*.pbm=01;35:*.pgm=01;35:*.ppm=01;35:*.tga=01;35:*.xbm=01;35:*.xpm=01;35:*.tif=01;35:*.tiff=01;35:*.png=01;35:*.svg=01;35:*.svgz=01;35:*.mng=01;35:*.pcx=01;35:*.mov=01;35:*.mpg=01;35:*.mpeg=01;35:*.m2v=01;35:*.mkv=01;35:*.webm=01;35:*.webp=01;35:*.ogm=01;35:*.mp4=01;35:*.m4v=01;35:*.mp4v=01;35:*.vob=01;35:*.qt=01;35:*.nuv=01;35:*.wmv=01;35:*.asf=01;35:*.rm=01;35:*.rmvb=01;35:*.flc=01;35:*.avi=01;35:*.fli=01;35:*.flv=01;35:*.gl=01;35:*.dl=01;35:*.xcf=01;35:*.xwd=01;35:*.yuv=01;35:*.cgm=01;35:*.emf=01;35:*.ogv=01;35:*.ogx=01;35:*.aac=00;36:*.au=00;36:*.flac=00;36:*.m4a=00;36:*.mid=00;36:*.midi=00;36:*.mka=00;36:*.mp3=00;36:*.mpc=00;36:*.ogg=00;36:*.ra=00;36:*.wav=00;36:*.oga=00;36:*.opus=00;36:*.spx=00;36:*.xspf=00;36:'), ('TERM_PROGRAM', 'tmux'), ('ROS_DOMAIN_ID', '0'), ('AMENT_PREFIX_PATH', '/opt/ros/humble'), ('SHELL', '/bin/bash'), ('LC_NAME', 'en_GB.UTF-8'), ('LESSCLOSE', '/usr/bin/lesspipe %s %s'), ('LC_MEASUREMENT', 'en_GB.UTF-8'), ('LC_IDENTIFICATION', 'en_GB.UTF-8'), ('PWD', '/home/pinet/SLAM_AGV/workspace/build/control_msgs'), ('LC_ALL', 'en_US.UTF-8'), ('SSH_CONNECTION', '192.168.1.107 34780 192.168.1.103 22'), ('XDG_DATA_DIRS', '/usr/local/share:/usr/share:/var/lib/snapd/desktop'), ('PYTHONPATH', '/opt/ros/humble/lib/python3.10/site-packages:/opt/ros/humble/local/lib/python3.10/dist-packages'), ('LC_NUMERIC', 'en_GB.UTF-8'), ('LC_PAPER', 'en_GB.UTF-8'), ('COLCON', '1'), ('TMUX_PANE', '%0'), ('CMAKE_PREFIX_PATH', '/opt/ros/humble')]), 'shell': False}
[0.098893] (-) TimerEvent: {}
[0.199788] (-) TimerEvent: {}
[0.300717] (-) TimerEvent: {}
[0.401539] (-) TimerEvent: {}
[0.502355] (-) TimerEvent: {}
[0.603449] (-) TimerEvent: {}
[0.704452] (-) TimerEvent: {}
[0.805404] (-) TimerEvent: {}
[0.906441] (-) TimerEvent: {}
[1.007196] (-) TimerEvent: {}
[1.108235] (-) TimerEvent: {}
[1.164753] (control_msgs) StdoutLine: {'line': b'-- The C compiler identification is GNU 11.4.0\n'}
[1.208412] (-) TimerEvent: {}
[1.309165] (-) TimerEvent: {}
[1.410072] (-) TimerEvent: {}
[1.510988] (-) TimerEvent: {}
[1.611788] (-) TimerEvent: {}
[1.712693] (-) TimerEvent: {}
[1.813818] (-) TimerEvent: {}
[1.892485] (control_msgs) StdoutLine: {'line': b'-- The CXX compiler identification is GNU 11.4.0\n'}
[1.914059] (-) TimerEvent: {}
[1.939383] (control_msgs) StdoutLine: {'line': b'-- Detecting C compiler ABI info\n'}
[2.014193] (-) TimerEvent: {}
[2.115083] (-) TimerEvent: {}
[2.804240] (-) TimerEvent: {}
[2.905248] (-) TimerEvent: {}
[3.006006] (-) TimerEvent: {}
[3.069930] (control_msgs) StdoutLine: {'line': b'-- Detecting C compiler ABI info - done\n'}
[3.095335] (control_msgs) StdoutLine: {'line': b'-- Check for working C compiler: /usr/bin/cc - skipped\n'}
[3.097577] (control_msgs) StdoutLine: {'line': b'-- Detecting C compile features\n'}
[3.100362] (control_msgs) StdoutLine: {'line': b'-- Detecting C compile features - done\n'}
[3.106149] (-) TimerEvent: {}
[3.117193] (control_msgs) StdoutLine: {'line': b'-- Detecting CXX compiler ABI info\n'}
[3.206411] (-) TimerEvent: {}
[3.307190] (-) TimerEvent: {}
[3.407954] (-) TimerEvent: {}
[3.457929] (control_msgs) StdoutLine: {'line': b'-- Detecting CXX compiler ABI info - done\n'}
[3.484901] (control_msgs) StdoutLine: {'line': b'-- Check for working CXX compiler: /usr/bin/c++ - skipped\n'}
[3.485835] (control_msgs) StdoutLine: {'line': b'-- Detecting CXX compile features\n'}
[3.487412] (control_msgs) StdoutLine: {'line': b'-- Detecting CXX compile features - done\n'}
[3.504552] (control_msgs) StdoutLine: {'line': b'-- Found action_msgs: 1.2.1 (/opt/ros/humble/share/action_msgs/cmake)\n'}
[3.508140] (-) TimerEvent: {}
[3.608761] (-) TimerEvent: {}
[3.709457] (-) TimerEvent: {}
[3.810246] (-) TimerEvent: {}
[3.910896] (-) TimerEvent: {}
[4.011534] (-) TimerEvent: {}
[4.112157] (-) TimerEvent: {}
[4.179058] (control_msgs) StdoutLine: {'line': b'-- Found Python3: /usr/bin/python3 (found version "3.10.12") found components: Interpreter \n'}
[4.212470] (-) TimerEvent: {}
[4.313229] (-) TimerEvent: {}
[4.413840] (-) TimerEvent: {}
[4.465898] (control_msgs) StdoutLine: {'line': b'-- Override CMake install command with custom implementation using symlinks instead of copying resources\n'}
[4.514033] (-) TimerEvent: {}
[4.614713] (-) TimerEvent: {}
[4.715478] (-) TimerEvent: {}
[4.816120] (-) TimerEvent: {}
[4.916861] (-) TimerEvent: {}
[4.981049] (control_msgs) StdoutLine: {'line': b'-- Found rosidl_generator_c: 3.1.6 (/opt/ros/humble/share/rosidl_generator_c/cmake)\n'}
[5.017064] (-) TimerEvent: {}
[5.021080] (control_msgs) StdoutLine: {'line': b'-- Found rosidl_adapter: 3.1.6 (/opt/ros/humble/share/rosidl_adapter/cmake)\n'}
[5.084321] (control_msgs) StdoutLine: {'line': b'-- Found rosidl_generator_cpp: 3.1.6 (/opt/ros/humble/share/rosidl_generator_cpp/cmake)\n'}
[5.117255] (-) TimerEvent: {}
[5.169871] (control_msgs) StdoutLine: {'line': b'-- Using all available rosidl_typesupport_c: rosidl_typesupport_fastrtps_c;rosidl_typesupport_introspection_c\n'}
[5.217407] (-) TimerEvent: {}
[5.275822] (control_msgs) StdoutLine: {'line': b'-- Using all available rosidl_typesupport_cpp: rosidl_typesupport_fastrtps_cpp;rosidl_typesupport_introspection_cpp\n'}
[5.317555] (-) TimerEvent: {}
[5.418249] (-) TimerEvent: {}
[5.502242] (control_msgs) StdoutLine: {'line': b'-- Found geometry_msgs: 4.2.4 (/opt/ros/humble/share/geometry_msgs/cmake)\n'}
[5.518408] (-) TimerEvent: {}
[5.619031] (-) TimerEvent: {}
[5.663103] (control_msgs) StdoutLine: {'line': b'-- Found rosidl_default_generators: 1.2.0 (/opt/ros/humble/share/rosidl_default_generators/cmake)\n'}
[5.719186] (-) TimerEvent: {}
[5.724363] (control_msgs) StdoutLine: {'line': b'-- Found sensor_msgs: 4.2.4 (/opt/ros/humble/share/sensor_msgs/cmake)\n'}
[5.819365] (-) TimerEvent: {}
[5.824802] (control_msgs) StdoutLine: {'line': b'-- Found trajectory_msgs: 4.2.4 (/opt/ros/humble/share/trajectory_msgs/cmake)\n'}
[5.919523] (-) TimerEvent: {}
[6.020181] (-) TimerEvent: {}
[6.120865] (-) TimerEvent: {}
[6.221518] (-) TimerEvent: {}
[6.322285] (-) TimerEvent: {}
[6.423103] (-) TimerEvent: {}
[6.523644] (-) TimerEvent: {}
[6.624190] (-) TimerEvent: {}
[6.724824] (-) TimerEvent: {}
[6.825639] (-) TimerEvent: {}
[7.129872] (-) TimerEvent: {}
[7.230550] (-) TimerEvent: {}
[7.331253] (-) TimerEvent: {}
[7.432055] (-) TimerEvent: {}
[7.533281] (-) TimerEvent: {}
[7.634162] (-) TimerEvent: {}
[7.734805] (-) TimerEvent: {}
[7.835411] (-) TimerEvent: {}
[7.936056] (-) TimerEvent: {}
[8.036664] (-) TimerEvent: {}
[8.137260] (-) TimerEvent: {}
[8.237928] (-) TimerEvent: {}
[8.338693] (-) TimerEvent: {}
[8.365454] (control_msgs) StdoutLine: {'line': b'-- Found ament_cmake_cppcheck: 0.12.11 (/opt/ros/humble/share/ament_cmake_cppcheck/cmake)\n'}
[8.382499] (control_msgs) StdoutLine: {'line': b'-- Found ament_cmake_cpplint: 0.12.11 (/opt/ros/humble/share/ament_cmake_cpplint/cmake)\n'}
[8.399967] (control_msgs) StdoutLine: {'line': b'-- Found ament_cmake_uncrustify: 0.12.11 (/opt/ros/humble/share/ament_cmake_uncrustify/cmake)\n'}
[8.418868] (control_msgs) StdoutLine: {'line': b'-- Found ament_cmake_ros: 0.10.0 (/opt/ros/humble/share/ament_cmake_ros/cmake)\n'}
[8.438844] (-) TimerEvent: {}
[8.539486] (-) TimerEvent: {}
[8.640207] (-) TimerEvent: {}
[8.740795] (-) TimerEvent: {}
[8.841463] (-) TimerEvent: {}
[8.942145] (-) TimerEvent: {}
[9.042754] (-) TimerEvent: {}
[9.143360] (-) TimerEvent: {}
[9.244053] (-) TimerEvent: {}
[9.344819] (-) TimerEvent: {}
[9.445493] (-) TimerEvent: {}
[9.546212] (-) TimerEvent: {}
[9.647028] (-) TimerEvent: {}
[9.747748] (-) TimerEvent: {}
[9.848380] (-) TimerEvent: {}
[9.949003] (-) TimerEvent: {}
[10.049646] (-) TimerEvent: {}
[10.150298] (-) TimerEvent: {}
[10.250873] (-) TimerEvent: {}
[10.351474] (-) TimerEvent: {}
[10.452113] (-) TimerEvent: {}
[10.552759] (-) TimerEvent: {}
[10.621806] (control_msgs) StdoutLine: {'line': b'-- Using all available rosidl_typesupport_c: rosidl_typesupport_fastrtps_c;rosidl_typesupport_introspection_c\n'}
[10.652973] (-) TimerEvent: {}
[10.753660] (-) TimerEvent: {}
[10.854294] (-) TimerEvent: {}
[10.955018] (-) TimerEvent: {}
[11.055791] (-) TimerEvent: {}
[11.156440] (-) TimerEvent: {}
[11.257081] (-) TimerEvent: {}
[11.357897] (-) TimerEvent: {}
[11.458867] (-) TimerEvent: {}
[11.462917] (control_msgs) StdoutLine: {'line': b'-- Using all available rosidl_typesupport_cpp: rosidl_typesupport_fastrtps_cpp;rosidl_typesupport_introspection_cpp\n'}
[11.559098] (-) TimerEvent: {}
[11.568436] (control_msgs) StdoutLine: {'line': b'-- Found PythonInterp: /usr/bin/python3 (found suitable version "3.10.12", minimum required is "3.6") \n'}
[11.584374] (control_msgs) StdoutLine: {'line': b'-- Found python_cmake_module: 0.10.0 (/opt/ros/humble/share/python_cmake_module/cmake)\n'}
[11.659222] (-) TimerEvent: {}
[11.699706] (control_msgs) StdoutLine: {'line': b'-- Found PythonLibs: /usr/lib/aarch64-linux-gnu/libpython3.10.so (found suitable version "3.10.12", minimum required is "3.5") \n'}
[11.700519] (control_msgs) StdoutLine: {'line': b'-- Using PYTHON_EXECUTABLE: /usr/bin/python3\n'}
[11.700992] (control_msgs) StdoutLine: {'line': b'-- Using PYTHON_INCLUDE_DIRS: /usr/include/python3.10\n'}
[11.701483] (control_msgs) StdoutLine: {'line': b'-- Using PYTHON_LIBRARIES: /usr/lib/aarch64-linux-gnu/libpython3.10.so\n'}
[11.759418] (-) TimerEvent: {}
[11.792474] (control_msgs) StdoutLine: {'line': b'-- Found PythonExtra: .so  \n'}
[11.859585] (-) TimerEvent: {}
[11.960463] (-) TimerEvent: {}
[12.061078] (-) TimerEvent: {}
[12.161819] (-) TimerEvent: {}
[12.245550] (control_msgs) StdoutLine: {'line': b'-- Found ament_cmake_flake8: 0.12.11 (/opt/ros/humble/share/ament_cmake_flake8/cmake)\n'}
[12.261978] (-) TimerEvent: {}
[12.262754] (control_msgs) StdoutLine: {'line': b'-- Found ament_cmake_pep257: 0.12.11 (/opt/ros/humble/share/ament_cmake_pep257/cmake)\n'}
[12.362148] (-) TimerEvent: {}
[12.364092] (control_msgs) StdoutLine: {'line': b'-- Configuring done\n'}
[12.462302] (-) TimerEvent: {}
[12.562920] (-) TimerEvent: {}
[12.663557] (-) TimerEvent: {}
[12.748422] (control_msgs) StdoutLine: {'line': b'-- Generating done\n'}
[12.763710] (-) TimerEvent: {}
[12.814140] (control_msgs) StdoutLine: {'line': b'-- Build files have been written to: /home/pinet/SLAM_AGV/workspace/build/control_msgs\n'}
[12.855322] (control_msgs) CommandEnded: {'returncode': 0}
[12.857215] (control_msgs) JobProgress: {'identifier': 'control_msgs', 'progress': 'build'}
[12.859683] (control_msgs) Command: {'cmd': ['/usr/bin/cmake', '--build', '/home/pinet/SLAM_AGV/workspace/build/control_msgs', '--', '-j4', '-l4'], 'cwd': '/home/pinet/SLAM_AGV/workspace/build/control_msgs', 'env': OrderedDict([('LESSOPEN', '| /usr/bin/lesspipe %s'), ('TMUX', '/tmp/tmux-1000/default,1587,0'), ('USER', 'pinet'), ('SSH_CLIENT', '192.168.1.107 34780 22'), ('LC_TIME', 'en_GB.UTF-8'), ('XDG_SESSION_TYPE', 'tty'), ('SHLVL', '2'), ('LD_LIBRARY_PATH', '/opt/ros/humble/lib/aarch64-linux-gnu:/opt/ros/humble/lib'), ('MOTD_SHOWN', 'pam'), ('HOME', '/home/pinet'), ('TERM_PROGRAM_VERSION', '3.2a'), ('SSH_TTY', '/dev/pts/0'), ('ROS_PYTHON_VERSION', '3'), ('LC_MONETARY', 'en_GB.UTF-8'), ('DBUS_SESSION_BUS_ADDRESS', 'unix:path=/run/user/1000/bus'), ('ROS_DISTRO', 'humble'), ('LOGNAME', 'pinet'), ('_', '/usr/bin/colcon'), ('ROS_VERSION', '2'), ('XDG_SESSION_CLASS', 'user'), ('TERM', 'screen'), ('XDG_SESSION_ID', '1'), ('ROS_LOCALHOST_ONLY', '0'), ('PATH', '/opt/ros/humble/bin:/usr/local/sbin:/usr/local/bin:/usr/sbin:/usr/bin:/sbin:/bin:/usr/games:/usr/local/games:/snap/bin'), ('LC_ADDRESS', 'en_GB.UTF-8'), ('XDG_RUNTIME_DIR', '/run/user/1000'), ('LANG', 'en_US.UTF-8'), ('LC_TELEPHONE', 'en_GB.UTF-8'), ('LS_COLORS', 'rs=0:di=01;34:ln=01;36:mh=00:pi=40;33:so=01;35:do=01;35:bd=40;33;01:cd=40;33;01:or=40;31;01:mi=00:su=37;41:sg=30;43:ca=30;41:tw=30;42:ow=34;42:st=37;44:ex=01;32:*.tar=01;31:*.tgz=01;31:*.arc=01;31:*.arj=01;31:*.taz=01;31:*.lha=01;31:*.lz4=01;31:*.lzh=01;31:*.lzma=01;31:*.tlz=01;31:*.txz=01;31:*.tzo=01;31:*.t7z=01;31:*.zip=01;31:*.z=01;31:*.dz=01;31:*.gz=01;31:*.lrz=01;31:*.lz=01;31:*.lzo=01;31:*.xz=01;31:*.zst=01;31:*.tzst=01;31:*.bz2=01;31:*.bz=01;31:*.tbz=01;31:*.tbz2=01;31:*.tz=01;31:*.deb=01;31:*.rpm=01;31:*.jar=01;31:*.war=01;31:*.ear=01;31:*.sar=01;31:*.rar=01;31:*.alz=01;31:*.ace=01;31:*.zoo=01;31:*.cpio=01;31:*.7z=01;31:*.rz=01;31:*.cab=01;31:*.wim=01;31:*.swm=01;31:*.dwm=01;31:*.esd=01;31:*.jpg=01;35:*.jpeg=01;35:*.mjpg=01;35:*.mjpeg=01;35:*.gif=01;35:*.bmp=01;35:*.pbm=01;35:*.pgm=01;35:*.ppm=01;35:*.tga=01;35:*.xbm=01;35:*.xpm=01;35:*.tif=01;35:*.tiff=01;35:*.png=01;35:*.svg=01;35:*.svgz=01;35:*.mng=01;35:*.pcx=01;35:*.mov=01;35:*.mpg=01;35:*.mpeg=01;35:*.m2v=01;35:*.mkv=01;35:*.webm=01;35:*.webp=01;35:*.ogm=01;35:*.mp4=01;35:*.m4v=01;35:*.mp4v=01;35:*.vob=01;35:*.qt=01;35:*.nuv=01;35:*.wmv=01;35:*.asf=01;35:*.rm=01;35:*.rmvb=01;35:*.flc=01;35:*.avi=01;35:*.fli=01;35:*.flv=01;35:*.gl=01;35:*.dl=01;35:*.xcf=01;35:*.xwd=01;35:*.yuv=01;35:*.cgm=01;35:*.emf=01;35:*.ogv=01;35:*.ogx=01;35:*.aac=00;36:*.au=00;36:*.flac=00;36:*.m4a=00;36:*.mid=00;36:*.midi=00;36:*.mka=00;36:*.mp3=00;36:*.mpc=00;36:*.ogg=00;36:*.ra=00;36:*.wav=00;36:*.oga=00;36:*.opus=00;36:*.spx=00;36:*.xspf=00;36:'), ('TERM_PROGRAM', 'tmux'), ('ROS_DOMAIN_ID', '0'), ('AMENT_PREFIX_PATH', '/opt/ros/humble'), ('SHELL', '/bin/bash'), ('LC_NAME', 'en_GB.UTF-8'), ('LESSCLOSE', '/usr/bin/lesspipe %s %s'), ('LC_MEASUREMENT', 'en_GB.UTF-8'), ('LC_IDENTIFICATION', 'en_GB.UTF-8'), ('PWD', '/home/pinet/SLAM_AGV/workspace/build/control_msgs'), ('LC_ALL', 'en_US.UTF-8'), ('SSH_CONNECTION', '192.168.1.107 34780 192.168.1.103 22'), ('XDG_DATA_DIRS', '/usr/local/share:/usr/share:/var/lib/snapd/desktop'), ('PYTHONPATH', '/opt/ros/humble/lib/python3.10/site-packages:/opt/ros/humble/local/lib/python3.10/dist-packages'), ('LC_NUMERIC', 'en_GB.UTF-8'), ('LC_PAPER', 'en_GB.UTF-8'), ('COLCON', '1'), ('TMUX_PANE', '%0'), ('CMAKE_PREFIX_PATH', '/opt/ros/humble')]), 'shell': False}
[12.865824] (-) TimerEvent: {}
[12.967665] (-) TimerEvent: {}
[13.059434] (control_msgs) StdoutLine: {'line': b'[  1%] \x1b[34m\x1b[1mGenerating C code for ROS interfaces\x1b[0m\n'}
[13.067892] (-) TimerEvent: {}
[13.105645] (control_msgs) StdoutLine: {'line': b'[  1%] \x1b[34m\x1b[1mGenerating C++ code for ROS interfaces\x1b[0m\n'}
[13.122989] (control_msgs) StdoutLine: {'line': b'[  1%] Built target ament_cmake_python_symlink_control_msgs\n'}
[13.168073] (-) TimerEvent: {}
[13.269323] (-) TimerEvent: {}
[13.371185] (-) TimerEvent: {}
[13.472639] (-) TimerEvent: {}
[13.573982] (-) TimerEvent: {}
[13.676801] (-) TimerEvent: {}
[13.778306] (-) TimerEvent: {}
[13.879511] (-) TimerEvent: {}
[13.980251] (-) TimerEvent: {}
[14.081044] (-) TimerEvent: {}
[14.181832] (-) TimerEvent: {}
[14.282618] (-) TimerEvent: {}
[14.324395] (control_msgs) StdoutLine: {'line': b'running egg_info\n'}
[14.327199] (control_msgs) StdoutLine: {'line': b'creating control_msgs.egg-info\n'}
[14.327948] (control_msgs) StdoutLine: {'line': b'writing control_msgs.egg-info/PKG-INFO\n'}
[14.328987] (control_msgs) StdoutLine: {'line': b'writing dependency_links to control_msgs.egg-info/dependency_links.txt\n'}
[14.330165] (control_msgs) StdoutLine: {'line': b'writing top-level names to control_msgs.egg-info/top_level.txt\n'}
[14.331364] (control_msgs) StdoutLine: {'line': b"writing manifest file 'control_msgs.egg-info/SOURCES.txt'\n"}
[14.342945] (control_msgs) StdoutLine: {'line': b"reading manifest file 'control_msgs.egg-info/SOURCES.txt'\n"}
[14.345352] (control_msgs) StdoutLine: {'line': b"writing manifest file 'control_msgs.egg-info/SOURCES.txt'\n"}
[14.382883] (-) TimerEvent: {}
[14.474057] (control_msgs) StdoutLine: {'line': b'[  1%] Built target ament_cmake_python_build_control_msgs_egg\n'}
[14.483025] (-) TimerEvent: {}
[14.583674] (-) TimerEvent: {}
[14.684284] (-) TimerEvent: {}
[14.784942] (-) TimerEvent: {}
[14.885622] (-) TimerEvent: {}
[14.986243] (-) TimerEvent: {}
[15.086862] (-) TimerEvent: {}
[15.187563] (-) TimerEvent: {}
[15.288230] (-) TimerEvent: {}
[15.388847] (-) TimerEvent: {}
[15.489644] (-) TimerEvent: {}
[15.590640] (-) TimerEvent: {}
[15.691322] (-) TimerEvent: {}
[15.791947] (-) TimerEvent: {}
[15.892617] (-) TimerEvent: {}
[15.993335] (-) TimerEvent: {}
[16.093966] (-) TimerEvent: {}
[16.194587] (-) TimerEvent: {}
[16.295228] (-) TimerEvent: {}
[16.395898] (-) TimerEvent: {}
[16.496569] (-) TimerEvent: {}
[16.597204] (-) TimerEvent: {}
[16.697912] (-) TimerEvent: {}
[16.798747] (-) TimerEvent: {}
[16.899501] (-) TimerEvent: {}
[17.000803] (-) TimerEvent: {}
[17.101548] (-) TimerEvent: {}
[17.202166] (-) TimerEvent: {}
[17.302835] (-) TimerEvent: {}
[17.403445] (-) TimerEvent: {}
[17.504090] (-) TimerEvent: {}
[17.604738] (-) TimerEvent: {}
[17.705428] (-) TimerEvent: {}
[17.806097] (-) TimerEvent: {}
[17.906740] (-) TimerEvent: {}
[18.007321] (-) TimerEvent: {}
[18.107946] (-) TimerEvent: {}
[18.208610] (-) TimerEvent: {}
[18.309301] (-) TimerEvent: {}
[18.409972] (-) TimerEvent: {}
[18.510594] (-) TimerEvent: {}
[18.611220] (-) TimerEvent: {}
[18.711850] (-) TimerEvent: {}
[18.812523] (-) TimerEvent: {}
[18.913242] (-) TimerEvent: {}
[19.014018] (-) TimerEvent: {}
[19.114659] (-) TimerEvent: {}
[19.215262] (-) TimerEvent: {}
[19.315889] (-) TimerEvent: {}
[19.416568] (-) TimerEvent: {}
[19.517208] (-) TimerEvent: {}
[19.617820] (-) TimerEvent: {}
[19.718473] (-) TimerEvent: {}
[19.819103] (-) TimerEvent: {}
[19.919724] (-) TimerEvent: {}
[20.020344] (-) TimerEvent: {}
[20.121018] (-) TimerEvent: {}
[20.221697] (-) TimerEvent: {}
[20.322305] (-) TimerEvent: {}
[20.422908] (-) TimerEvent: {}
[20.523531] (-) TimerEvent: {}
[20.624173] (-) TimerEvent: {}
[20.724795] (-) TimerEvent: {}
[20.825511] (-) TimerEvent: {}
[20.926192] (-) TimerEvent: {}
[21.026886] (-) TimerEvent: {}
[21.127580] (-) TimerEvent: {}
[21.228225] (-) TimerEvent: {}
[21.328886] (-) TimerEvent: {}
[21.429537] (-) TimerEvent: {}
[21.530193] (-) TimerEvent: {}
[21.630879] (-) TimerEvent: {}
[21.731583] (-) TimerEvent: {}
[21.832249] (-) TimerEvent: {}
[21.932930] (-) TimerEvent: {}
[22.033623] (-) TimerEvent: {}
[22.134234] (-) TimerEvent: {}
[22.234856] (-) TimerEvent: {}
[22.335513] (-) TimerEvent: {}
[22.436153] (-) TimerEvent: {}
[22.536845] (-) TimerEvent: {}
[22.637531] (-) TimerEvent: {}
[22.738181] (-) TimerEvent: {}
[22.838833] (-) TimerEvent: {}
[22.939537] (-) TimerEvent: {}
[23.040441] (-) TimerEvent: {}
[23.141211] (-) TimerEvent: {}
[23.241843] (-) TimerEvent: {}
[23.342450] (-) TimerEvent: {}
[23.443108] (-) TimerEvent: {}
[23.543871] (-) TimerEvent: {}
[23.644934] (-) TimerEvent: {}
[23.746184] (-) TimerEvent: {}
[23.846848] (-) TimerEvent: {}
[23.947483] (-) TimerEvent: {}
[24.048206] (-) TimerEvent: {}
[24.148829] (-) TimerEvent: {}
[24.249550] (-) TimerEvent: {}
[24.350181] (-) TimerEvent: {}
[24.450875] (-) TimerEvent: {}
[24.551518] (-) TimerEvent: {}
[24.652190] (-) TimerEvent: {}
[24.752831] (-) TimerEvent: {}
[24.853533] (-) TimerEvent: {}
[24.954165] (-) TimerEvent: {}
[25.054741] (-) TimerEvent: {}
[25.155327] (-) TimerEvent: {}
[25.255950] (-) TimerEvent: {}
[25.356554] (-) TimerEvent: {}
[25.457247] (-) TimerEvent: {}
[25.557892] (-) TimerEvent: {}
[25.658541] (-) TimerEvent: {}
[25.759165] (-) TimerEvent: {}
[25.859870] (-) TimerEvent: {}
[25.960576] (-) TimerEvent: {}
[26.061229] (-) TimerEvent: {}
[26.161852] (-) TimerEvent: {}
[26.262468] (-) TimerEvent: {}
[26.363101] (-) TimerEvent: {}
[26.463788] (-) TimerEvent: {}
[26.564439] (-) TimerEvent: {}
[26.665267] (-) TimerEvent: {}
[26.765931] (-) TimerEvent: {}
[26.866598] (-) TimerEvent: {}
[26.967214] (-) TimerEvent: {}
[27.067852] (-) TimerEvent: {}
[27.168494] (-) TimerEvent: {}
[27.269215] (-) TimerEvent: {}
[27.369853] (-) TimerEvent: {}
[27.470503] (-) TimerEvent: {}
[27.571099] (-) TimerEvent: {}
[27.671728] (-) TimerEvent: {}
[27.772370] (-) TimerEvent: {}
[27.873065] (-) TimerEvent: {}
[27.973894] (-) TimerEvent: {}
[28.074814] (-) TimerEvent: {}
[28.175408] (-) TimerEvent: {}
[28.276007] (-) TimerEvent: {}
[28.376713] (-) TimerEvent: {}
[28.477638] (-) TimerEvent: {}
[28.578727] (-) TimerEvent: {}
[28.681204] (-) TimerEvent: {}
[28.782991] (-) TimerEvent: {}
[28.884526] (-) TimerEvent: {}
[28.986209] (-) TimerEvent: {}
[29.087494] (-) TimerEvent: {}
[29.188820] (-) TimerEvent: {}
[29.290836] (-) TimerEvent: {}
[29.392545] (-) TimerEvent: {}
[29.494066] (-) TimerEvent: {}
[29.595469] (-) TimerEvent: {}
[29.696772] (-) TimerEvent: {}
[29.797705] (-) TimerEvent: {}
[29.898702] (-) TimerEvent: {}
[29.999794] (-) TimerEvent: {}
[30.101090] (-) TimerEvent: {}
[30.202020] (-) TimerEvent: {}
[30.264494] (control_msgs) StdoutLine: {'line': b'[  1%] Built target control_msgs__cpp\n'}
[30.302376] (-) TimerEvent: {}
[30.312798] (control_msgs) StdoutLine: {'line': b'[  2%] \x1b[34m\x1b[1mGenerating C++ type support dispatch for ROS interfaces\x1b[0m\n'}
[30.317790] (control_msgs) StdoutLine: {'line': b'[  3%] \x1b[34m\x1b[1mGenerating C++ type support for eProsima Fast-RTPS\x1b[0m\n'}
[30.346468] (control_msgs) StdoutLine: {'line': b'[  4%] \x1b[34m\x1b[1mGenerating C++ introspection for ROS interfaces\x1b[0m\n'}
[30.402686] (-) TimerEvent: {}
[30.503930] (-) TimerEvent: {}
[30.605243] (-) TimerEvent: {}
[30.706227] (-) TimerEvent: {}
[30.807542] (-) TimerEvent: {}
[30.908996] (-) TimerEvent: {}
[31.010565] (-) TimerEvent: {}
[31.112168] (-) TimerEvent: {}
[31.213572] (-) TimerEvent: {}
[31.314784] (-) TimerEvent: {}
[31.416057] (-) TimerEvent: {}
[31.517246] (-) TimerEvent: {}
[31.541248] (control_msgs) StdoutLine: {'line': b'[  4%] \x1b[32mBuilding C object CMakeFiles/control_msgs__rosidl_generator_c.dir/rosidl_generator_c/control_msgs/action/detail/parallel_gripper_command__functions.c.o\x1b[0m\n'}
[31.617595] (-) TimerEvent: {}
[31.720370] (-) TimerEvent: {}
[31.821168] (-) TimerEvent: {}
[31.922337] (-) TimerEvent: {}
[32.023498] (-) TimerEvent: {}
[32.128492] (-) TimerEvent: {}
[32.229701] (-) TimerEvent: {}
[32.330883] (-) TimerEvent: {}
[32.386069] (control_msgs) StdoutLine: {'line': b'[  5%] \x1b[32mBuilding C object CMakeFiles/control_msgs__rosidl_generator_c.dir/rosidl_generator_c/control_msgs/action/detail/follow_joint_trajectory__functions.c.o\x1b[0m\n'}
[32.431104] (-) TimerEvent: {}
[32.532634] (-) TimerEvent: {}
[32.634825] (-) TimerEvent: {}
[32.736388] (-) TimerEvent: {}
[32.837674] (-) TimerEvent: {}
[32.939001] (-) TimerEvent: {}
[33.039982] (-) TimerEvent: {}
[33.140769] (-) TimerEvent: {}
[33.171460] (control_msgs) StdoutLine: {'line': b'[  5%] \x1b[32mBuilding C object CMakeFiles/control_msgs__rosidl_generator_c.dir/rosidl_generator_c/control_msgs/action/detail/gripper_command__functions.c.o\x1b[0m\n'}
[33.240974] (-) TimerEvent: {}
[33.341802] (-) TimerEvent: {}
[33.442649] (-) TimerEvent: {}
[33.543561] (-) TimerEvent: {}
[33.644502] (-) TimerEvent: {}
[33.745459] (-) TimerEvent: {}
[33.837254] (control_msgs) StdoutLine: {'line': b'[  6%] \x1b[32mBuilding C object CMakeFiles/control_msgs__rosidl_generator_c.dir/rosidl_generator_c/control_msgs/action/detail/joint_trajectory__functions.c.o\x1b[0m\n'}
[33.845662] (-) TimerEvent: {}
[33.946773] (-) TimerEvent: {}
[34.048007] (-) TimerEvent: {}
[34.149291] (-) TimerEvent: {}
[34.250534] (-) TimerEvent: {}
[34.351781] (-) TimerEvent: {}
[34.453133] (-) TimerEvent: {}
[34.499519] (control_msgs) StdoutLine: {'line': b'[  6%] \x1b[32mBuilding C object CMakeFiles/control_msgs__rosidl_generator_c.dir/rosidl_generator_c/control_msgs/action/detail/point_head__functions.c.o\x1b[0m\n'}
[34.553299] (-) TimerEvent: {}
[34.654403] (-) TimerEvent: {}
[34.755700] (-) TimerEvent: {}
[34.856867] (-) TimerEvent: {}
[34.958087] (-) TimerEvent: {}
[35.059204] (-) TimerEvent: {}
[35.160406] (-) TimerEvent: {}
[35.186395] (control_msgs) StdoutLine: {'line': b'[  7%] \x1b[32mBuilding C object CMakeFiles/control_msgs__rosidl_generator_c.dir/rosidl_generator_c/control_msgs/action/detail/single_joint_position__functions.c.o\x1b[0m\n'}
[35.260588] (-) TimerEvent: {}
[35.361383] (-) TimerEvent: {}
[35.462243] (-) TimerEvent: {}
[35.563153] (-) TimerEvent: {}
[35.664045] (-) TimerEvent: {}
[35.765303] (-) TimerEvent: {}
[35.866556] (-) TimerEvent: {}
[35.891933] (control_msgs) StdoutLine: {'line': b'[  7%] \x1b[32mBuilding C object CMakeFiles/control_msgs__rosidl_generator_c.dir/rosidl_generator_c/control_msgs/msg/detail/admittance_controller_state__functions.c.o\x1b[0m\n'}
[35.966746] (-) TimerEvent: {}
[36.067870] (-) TimerEvent: {}
[36.168991] (-) TimerEvent: {}
[36.234787] (control_msgs) StdoutLine: {'line': b'[  7%] \x1b[32mBuilding C object CMakeFiles/control_msgs__rosidl_generator_c.dir/rosidl_generator_c/control_msgs/msg/detail/dynamic_interface_group_values__functions.c.o\x1b[0m\n'}
[36.269294] (-) TimerEvent: {}
[36.370561] (-) TimerEvent: {}
[36.471771] (-) TimerEvent: {}
[36.509974] (control_msgs) StdoutLine: {'line': b'[  8%] \x1b[32mBuilding C object CMakeFiles/control_msgs__rosidl_generator_c.dir/rosidl_generator_c/control_msgs/msg/detail/dynamic_joint_state__functions.c.o\x1b[0m\n'}
[36.571976] (-) TimerEvent: {}
[36.673231] (-) TimerEvent: {}
[36.774456] (-) TimerEvent: {}
[36.783378] (control_msgs) StdoutLine: {'line': b'[  8%] \x1b[32mBuilding C object CMakeFiles/control_msgs__rosidl_generator_c.dir/rosidl_generator_c/control_msgs/msg/detail/gripper_command__functions.c.o\x1b[0m\n'}
[36.874629] (-) TimerEvent: {}
[36.975780] (-) TimerEvent: {}
[37.053501] (control_msgs) StdoutLine: {'line': b'[  9%] \x1b[32mBuilding C object CMakeFiles/control_msgs__rosidl_generator_c.dir/rosidl_generator_c/control_msgs/msg/detail/interface_value__functions.c.o\x1b[0m\n'}
[37.076014] (-) TimerEvent: {}
[37.177272] (-) TimerEvent: {}
[37.278809] (-) TimerEvent: {}
[37.343296] (control_msgs) StdoutLine: {'line': b'[  9%] \x1b[32mBuilding C object CMakeFiles/control_msgs__rosidl_generator_c.dir/rosidl_generator_c/control_msgs/msg/detail/joint_component_tolerance__functions.c.o\x1b[0m\n'}
[37.379041] (-) TimerEvent: {}
[37.480362] (-) TimerEvent: {}
[37.581483] (-) TimerEvent: {}
[37.610927] (control_msgs) StdoutLine: {'line': b'[ 10%] \x1b[32mBuilding C object CMakeFiles/control_msgs__rosidl_generator_c.dir/rosidl_generator_c/control_msgs/msg/detail/joint_controller_state__functions.c.o\x1b[0m\n'}
[37.681655] (-) TimerEvent: {}
[37.782349] (-) TimerEvent: {}
[37.883182] (-) TimerEvent: {}
[37.887424] (control_msgs) StdoutLine: {'line': b'[ 10%] \x1b[32mBuilding C object CMakeFiles/control_msgs__rosidl_generator_c.dir/rosidl_generator_c/control_msgs/msg/detail/joint_jog__functions.c.o\x1b[0m\n'}
[37.983413] (-) TimerEvent: {}
[38.084243] (-) TimerEvent: {}
[38.168930] (control_msgs) StdoutLine: {'line': b'[ 11%] \x1b[32mBuilding C object CMakeFiles/control_msgs__rosidl_generator_c.dir/rosidl_generator_c/control_msgs/msg/detail/joint_tolerance__functions.c.o\x1b[0m\n'}
[38.184471] (-) TimerEvent: {}
[38.285288] (-) TimerEvent: {}
[38.386062] (-) TimerEvent: {}
[38.434327] (control_msgs) StdoutLine: {'line': b'[ 11%] \x1b[32mBuilding C object CMakeFiles/control_msgs__rosidl_generator_c.dir/rosidl_generator_c/control_msgs/msg/detail/joint_trajectory_controller_state__functions.c.o\x1b[0m\n'}
[38.486258] (-) TimerEvent: {}
[38.587104] (-) TimerEvent: {}
[38.687940] (-) TimerEvent: {}
[38.756670] (control_msgs) StdoutLine: {'line': b'[ 11%] \x1b[32mBuilding C object CMakeFiles/control_msgs__rosidl_generator_c.dir/rosidl_generator_c/control_msgs/msg/detail/mecanum_drive_controller_state__functions.c.o\x1b[0m\n'}
[38.788212] (-) TimerEvent: {}
[38.889510] (-) TimerEvent: {}
[38.991434] (-) TimerEvent: {}
[39.067398] (control_msgs) StdoutLine: {'line': b'[ 12%] \x1b[32mBuilding C object CMakeFiles/control_msgs__rosidl_generator_c.dir/rosidl_generator_c/control_msgs/msg/detail/multi_dof_command__functions.c.o\x1b[0m\n'}
[39.091676] (-) TimerEvent: {}
[39.192978] (-) TimerEvent: {}
[39.294710] (-) TimerEvent: {}
[39.341034] (control_msgs) StdoutLine: {'line': b'[ 12%] \x1b[32mBuilding C object CMakeFiles/control_msgs__rosidl_generator_c.dir/rosidl_generator_c/control_msgs/msg/detail/multi_dof_state_stamped__functions.c.o\x1b[0m\n'}
[39.394918] (-) TimerEvent: {}
[39.496031] (-) TimerEvent: {}
[39.597331] (-) TimerEvent: {}
[39.613543] (control_msgs) StdoutLine: {'line': b'[ 13%] \x1b[32mBuilding C object CMakeFiles/control_msgs__rosidl_generator_c.dir/rosidl_generator_c/control_msgs/msg/detail/pid_state__functions.c.o\x1b[0m\n'}
[39.697523] (-) TimerEvent: {}
[39.798731] (-) TimerEvent: {}
[39.893838] (control_msgs) StdoutLine: {'line': b'[ 13%] \x1b[32mBuilding C object CMakeFiles/control_msgs__rosidl_generator_c.dir/rosidl_generator_c/control_msgs/msg/detail/single_dof_state__functions.c.o\x1b[0m\n'}
[39.898930] (-) TimerEvent: {}
[40.000087] (-) TimerEvent: {}
[40.101280] (-) TimerEvent: {}
[40.166230] (control_msgs) StdoutLine: {'line': b'[ 14%] \x1b[32mBuilding C object CMakeFiles/control_msgs__rosidl_generator_c.dir/rosidl_generator_c/control_msgs/msg/detail/single_dof_state_stamped__functions.c.o\x1b[0m\n'}
[40.201459] (-) TimerEvent: {}
[40.302709] (-) TimerEvent: {}
[40.403928] (-) TimerEvent: {}
[40.436546] (control_msgs) StdoutLine: {'line': b'[ 14%] \x1b[32mBuilding C object CMakeFiles/control_msgs__rosidl_generator_c.dir/rosidl_generator_c/control_msgs/msg/detail/steering_controller_status__functions.c.o\x1b[0m\n'}
[40.504195] (-) TimerEvent: {}
[40.605346] (-) TimerEvent: {}
[40.706559] (-) TimerEvent: {}
[40.722082] (control_msgs) StdoutLine: {'line': b'[ 15%] \x1b[32mBuilding C object CMakeFiles/control_msgs__rosidl_generator_c.dir/rosidl_generator_c/control_msgs/srv/detail/query_calibration_state__functions.c.o\x1b[0m\n'}
[40.806817] (-) TimerEvent: {}
[40.908512] (-) TimerEvent: {}
[41.009884] (-) TimerEvent: {}
[41.089224] (control_msgs) StdoutLine: {'line': b'[ 15%] \x1b[32mBuilding C object CMakeFiles/control_msgs__rosidl_generator_c.dir/rosidl_generator_c/control_msgs/srv/detail/query_trajectory_state__functions.c.o\x1b[0m\n'}
[41.110223] (-) TimerEvent: {}
[41.211552] (-) TimerEvent: {}
[41.312667] (-) TimerEvent: {}
[41.414094] (-) TimerEvent: {}
[41.464003] (control_msgs) StdoutLine: {'line': b'[ 16%] \x1b[32m\x1b[1mLinking C shared library libcontrol_msgs__rosidl_generator_c.so\x1b[0m\n'}
[41.514301] (-) TimerEvent: {}
[41.615213] (-) TimerEvent: {}
[41.716694] (-) TimerEvent: {}
[41.751911] (control_msgs) StdoutLine: {'line': b'[ 16%] Built target control_msgs__rosidl_generator_c\n'}
[41.780502] (control_msgs) StdoutLine: {'line': b'[ 16%] \x1b[32mBuilding CXX object CMakeFiles/control_msgs__rosidl_typesupport_cpp.dir/rosidl_typesupport_cpp/control_msgs/action/parallel_gripper_command__type_support.cpp.o\x1b[0m\n'}
[41.809867] (control_msgs) StdoutLine: {'line': b'[ 17%] \x1b[34m\x1b[1mGenerating C type support for eProsima Fast-RTPS\x1b[0m\n'}
[41.816968] (-) TimerEvent: {}
[41.918486] (-) TimerEvent: {}
[42.019749] (-) TimerEvent: {}
[42.121000] (-) TimerEvent: {}
[42.222341] (-) TimerEvent: {}
[42.323511] (-) TimerEvent: {}
[42.424729] (-) TimerEvent: {}
[42.525863] (-) TimerEvent: {}
[42.626999] (-) TimerEvent: {}
[42.727766] (-) TimerEvent: {}
[42.828540] (-) TimerEvent: {}
[42.929305] (-) TimerEvent: {}
[43.030090] (-) TimerEvent: {}
[43.130891] (-) TimerEvent: {}
[43.232097] (-) TimerEvent: {}
[43.333155] (-) TimerEvent: {}
[43.434470] (-) TimerEvent: {}
[43.536205] (-) TimerEvent: {}
[43.637394] (-) TimerEvent: {}
[43.738635] (-) TimerEvent: {}
[43.840054] (-) TimerEvent: {}
[43.941649] (-) TimerEvent: {}
[44.042803] (-) TimerEvent: {}
[44.143997] (-) TimerEvent: {}
[44.245311] (-) TimerEvent: {}
[44.347399] (-) TimerEvent: {}
[44.448687] (-) TimerEvent: {}
[44.549902] (-) TimerEvent: {}
[44.651253] (-) TimerEvent: {}
[44.752681] (-) TimerEvent: {}
[44.854240] (-) TimerEvent: {}
[44.955466] (-) TimerEvent: {}
[45.056773] (-) TimerEvent: {}
[45.156147] (control_msgs) StdoutLine: {'line': b'[ 18%] \x1b[32mBuilding CXX object CMakeFiles/control_msgs__rosidl_typesupport_cpp.dir/rosidl_typesupport_cpp/control_msgs/action/follow_joint_trajectory__type_support.cpp.o\x1b[0m\n'}
[45.156880] (-) TimerEvent: {}
[45.237590] (control_msgs) StdoutLine: {'line': b'[ 18%] \x1b[32mBuilding CXX object CMakeFiles/control_msgs__rosidl_typesupport_introspection_cpp.dir/rosidl_typesupport_introspection_cpp/control_msgs/action/detail/parallel_gripper_command__type_support.cpp.o\x1b[0m\n'}
[45.257155] (-) TimerEvent: {}
[45.358495] (-) TimerEvent: {}
[45.459586] (-) TimerEvent: {}
[45.560720] (-) TimerEvent: {}
[45.661925] (-) TimerEvent: {}
[45.763026] (-) TimerEvent: {}
[45.864239] (-) TimerEvent: {}
[45.965587] (-) TimerEvent: {}
[46.066849] (-) TimerEvent: {}
[46.168194] (-) TimerEvent: {}
[46.269577] (-) TimerEvent: {}
[46.371662] (-) TimerEvent: {}
[46.473447] (-) TimerEvent: {}
[46.574828] (-) TimerEvent: {}
[46.676308] (-) TimerEvent: {}
[46.777856] (-) TimerEvent: {}
[46.879250] (-) TimerEvent: {}
[46.980575] (-) TimerEvent: {}
[47.082075] (-) TimerEvent: {}
[47.183828] (-) TimerEvent: {}
[47.285302] (-) TimerEvent: {}
[47.386822] (-) TimerEvent: {}
[47.488163] (-) TimerEvent: {}
[47.589408] (-) TimerEvent: {}
[47.690960] (-) TimerEvent: {}
[47.791877] (-) TimerEvent: {}
[47.892971] (-) TimerEvent: {}
[47.993957] (-) TimerEvent: {}
[48.094843] (-) TimerEvent: {}
[48.195862] (-) TimerEvent: {}
[48.228722] (control_msgs) StdoutLine: {'line': b'[ 18%] \x1b[32mBuilding CXX object CMakeFiles/control_msgs__rosidl_typesupport_cpp.dir/rosidl_typesupport_cpp/control_msgs/action/gripper_command__type_support.cpp.o\x1b[0m\n'}
[48.296149] (-) TimerEvent: {}
[48.336326] (control_msgs) StdoutLine: {'line': b'[ 18%] \x1b[32mBuilding CXX object CMakeFiles/control_msgs__rosidl_typesupport_fastrtps_cpp.dir/rosidl_typesupport_fastrtps_cpp/control_msgs/action/detail/dds_fastrtps/parallel_gripper_command__type_support.cpp.o\x1b[0m\n'}
[48.396362] (-) TimerEvent: {}
[48.497460] (-) TimerEvent: {}
[48.598516] (-) TimerEvent: {}
[48.699604] (-) TimerEvent: {}
[48.800957] (-) TimerEvent: {}
[48.902397] (-) TimerEvent: {}
[49.003858] (-) TimerEvent: {}
[49.105373] (-) TimerEvent: {}
[49.131203] (control_msgs) StdoutLine: {'line': b'[ 19%] \x1b[32mBuilding CXX object CMakeFiles/control_msgs__rosidl_typesupport_introspection_cpp.dir/rosidl_typesupport_introspection_cpp/control_msgs/action/detail/follow_joint_trajectory__type_support.cpp.o\x1b[0m\n'}
[49.205551] (-) TimerEvent: {}
[49.306862] (-) TimerEvent: {}
[49.408317] (-) TimerEvent: {}
[49.509599] (-) TimerEvent: {}
[49.610981] (-) TimerEvent: {}
[49.712402] (-) TimerEvent: {}
[49.813781] (-) TimerEvent: {}
[49.915145] (-) TimerEvent: {}
[50.016917] (-) TimerEvent: {}
[50.118133] (-) TimerEvent: {}
[50.219093] (-) TimerEvent: {}
[50.320166] (-) TimerEvent: {}
[50.421299] (-) TimerEvent: {}
[50.522255] (-) TimerEvent: {}
[50.623322] (-) TimerEvent: {}
[50.724432] (-) TimerEvent: {}
[50.826008] (-) TimerEvent: {}
[50.927471] (-) TimerEvent: {}
[51.028909] (-) TimerEvent: {}
[51.046320] (control_msgs) StdoutLine: {'line': b'[ 19%] \x1b[32mBuilding CXX object CMakeFiles/control_msgs__rosidl_typesupport_cpp.dir/rosidl_typesupport_cpp/control_msgs/action/joint_trajectory__type_support.cpp.o\x1b[0m\n'}
[51.129127] (-) TimerEvent: {}
[51.230348] (-) TimerEvent: {}
[51.331565] (-) TimerEvent: {}
[51.432979] (-) TimerEvent: {}
[51.534266] (-) TimerEvent: {}
[51.635603] (-) TimerEvent: {}
[51.736545] (-) TimerEvent: {}
[51.837502] (-) TimerEvent: {}
[51.931566] (control_msgs) StdoutLine: {'line': b'[ 20%] \x1b[32mBuilding CXX object CMakeFiles/control_msgs__rosidl_typesupport_fastrtps_cpp.dir/rosidl_typesupport_fastrtps_cpp/control_msgs/action/detail/dds_fastrtps/follow_joint_trajectory__type_support.cpp.o\x1b[0m\n'}
[51.937790] (-) TimerEvent: {}
[52.038716] (-) TimerEvent: {}
[52.139900] (-) TimerEvent: {}
[52.240935] (-) TimerEvent: {}
[52.341899] (-) TimerEvent: {}
[52.443020] (-) TimerEvent: {}
[52.544128] (-) TimerEvent: {}
[52.645137] (-) TimerEvent: {}
[52.746645] (-) TimerEvent: {}
[52.848171] (-) TimerEvent: {}
[52.949827] (-) TimerEvent: {}
[53.051833] (-) TimerEvent: {}
[53.153778] (-) TimerEvent: {}
[53.255251] (-) TimerEvent: {}
[53.356924] (-) TimerEvent: {}
[53.459419] (-) TimerEvent: {}
[53.561311] (-) TimerEvent: {}
[53.663910] (-) TimerEvent: {}
[53.766394] (-) TimerEvent: {}
[53.868925] (-) TimerEvent: {}
[53.971430] (-) TimerEvent: {}
[53.994018] (control_msgs) StdoutLine: {'line': b'[ 20%] \x1b[32mBuilding CXX object CMakeFiles/control_msgs__rosidl_typesupport_introspection_cpp.dir/rosidl_typesupport_introspection_cpp/control_msgs/action/detail/gripper_command__type_support.cpp.o\x1b[0m\n'}
[54.064670] (control_msgs) StdoutLine: {'line': b'[ 21%] \x1b[32mBuilding CXX object CMakeFiles/control_msgs__rosidl_typesupport_cpp.dir/rosidl_typesupport_cpp/control_msgs/action/point_head__type_support.cpp.o\x1b[0m\n'}
[54.071657] (-) TimerEvent: {}
[54.173702] (-) TimerEvent: {}
[54.276170] (-) TimerEvent: {}
[54.378454] (-) TimerEvent: {}
[54.480562] (-) TimerEvent: {}
[54.582659] (-) TimerEvent: {}
[54.685172] (-) TimerEvent: {}
[54.787566] (-) TimerEvent: {}
[54.889945] (-) TimerEvent: {}
[54.992496] (-) TimerEvent: {}
[55.095649] (-) TimerEvent: {}
[55.198432] (-) TimerEvent: {}
[55.299396] (-) TimerEvent: {}
[55.400380] (-) TimerEvent: {}
[55.501498] (-) TimerEvent: {}
[55.602657] (-) TimerEvent: {}
[55.703990] (-) TimerEvent: {}
[55.805008] (-) TimerEvent: {}
[55.906093] (-) TimerEvent: {}
[56.007227] (-) TimerEvent: {}
[56.108365] (-) TimerEvent: {}
[56.209677] (-) TimerEvent: {}
[56.310810] (-) TimerEvent: {}
[56.412085] (-) TimerEvent: {}
[56.457069] (control_msgs) StdoutLine: {'line': b'[ 21%] \x1b[32mBuilding CXX object CMakeFiles/control_msgs__rosidl_typesupport_fastrtps_cpp.dir/rosidl_typesupport_fastrtps_cpp/control_msgs/action/detail/dds_fastrtps/gripper_command__type_support.cpp.o\x1b[0m\n'}
[56.512348] (-) TimerEvent: {}
[56.613318] (-) TimerEvent: {}
[56.714370] (-) TimerEvent: {}
[56.815366] (-) TimerEvent: {}
[56.916364] (-) TimerEvent: {}
[56.936064] (control_msgs) StdoutLine: {'line': b'[ 21%] \x1b[32mBuilding CXX object CMakeFiles/control_msgs__rosidl_typesupport_cpp.dir/rosidl_typesupport_cpp/control_msgs/action/single_joint_position__type_support.cpp.o\x1b[0m\n'}
[57.016644] (-) TimerEvent: {}
[57.117753] (-) TimerEvent: {}
[57.225202] (-) TimerEvent: {}
[57.326198] (-) TimerEvent: {}
[57.427110] (-) TimerEvent: {}
[57.528049] (-) TimerEvent: {}
[57.629234] (-) TimerEvent: {}
[57.732110] (-) TimerEvent: {}
[57.733821] (control_msgs) StdoutLine: {'line': b'[ 22%] \x1b[32mBuilding CXX object CMakeFiles/control_msgs__rosidl_typesupport_introspection_cpp.dir/rosidl_typesupport_introspection_cpp/control_msgs/action/detail/joint_trajectory__type_support.cpp.o\x1b[0m\n'}
[57.832375] (-) TimerEvent: {}
[57.933403] (-) TimerEvent: {}
[58.034453] (-) TimerEvent: {}
[58.135481] (-) TimerEvent: {}
[58.236583] (-) TimerEvent: {}
[58.337619] (-) TimerEvent: {}
[58.438605] (-) TimerEvent: {}
[58.539693] (-) TimerEvent: {}
[58.640912] (-) TimerEvent: {}
[58.742128] (-) TimerEvent: {}
[58.843223] (-) TimerEvent: {}
[58.944216] (-) TimerEvent: {}
[59.045301] (-) TimerEvent: {}
[59.146461] (-) TimerEvent: {}
[59.247838] (-) TimerEvent: {}
[59.350739] (-) TimerEvent: {}
[59.453426] (-) TimerEvent: {}
[59.555923] (-) TimerEvent: {}
[59.658466] (-) TimerEvent: {}
[59.761692] (-) TimerEvent: {}
[59.864386] (-) TimerEvent: {}
[59.883364] (control_msgs) StdoutLine: {'line': b'[ 23%] \x1b[32mBuilding CXX object CMakeFiles/control_msgs__rosidl_typesupport_cpp.dir/rosidl_typesupport_cpp/control_msgs/msg/admittance_controller_state__type_support.cpp.o\x1b[0m\n'}
[59.964602] (-) TimerEvent: {}
[59.971953] (control_msgs) StdoutLine: {'line': b'[ 24%] \x1b[32mBuilding CXX object CMakeFiles/control_msgs__rosidl_typesupport_fastrtps_cpp.dir/rosidl_typesupport_fastrtps_cpp/control_msgs/action/detail/dds_fastrtps/joint_trajectory__type_support.cpp.o\x1b[0m\n'}
[60.064832] (-) TimerEvent: {}
[60.166297] (-) TimerEvent: {}
[60.268355] (-) TimerEvent: {}
[60.370398] (-) TimerEvent: {}
[60.472532] (-) TimerEvent: {}
[60.575019] (-) TimerEvent: {}
[60.677663] (-) TimerEvent: {}
[60.780578] (-) TimerEvent: {}
[60.883428] (-) TimerEvent: {}
[60.986298] (-) TimerEvent: {}
[61.061278] (control_msgs) StdoutLine: {'line': b'[ 24%] \x1b[32mBuilding CXX object CMakeFiles/control_msgs__rosidl_typesupport_fastrtps_c.dir/rosidl_typesupport_fastrtps_c/control_msgs/action/detail/parallel_gripper_command__type_support_c.cpp.o\x1b[0m\n'}
[61.086621] (-) TimerEvent: {}
[61.189285] (-) TimerEvent: {}
[61.291978] (-) TimerEvent: {}
[61.394378] (-) TimerEvent: {}
[61.497438] (-) TimerEvent: {}
[61.597935] (control_msgs) StdoutLine: {'line': b'[ 24%] \x1b[32mBuilding CXX object CMakeFiles/control_msgs__rosidl_typesupport_cpp.dir/rosidl_typesupport_cpp/control_msgs/msg/dynamic_interface_group_values__type_support.cpp.o\x1b[0m\n'}
[61.598864] (-) TimerEvent: {}
[61.701478] (-) TimerEvent: {}
[61.802543] (-) TimerEvent: {}
[61.820462] (control_msgs) StdoutLine: {'line': b'[ 24%] \x1b[32mBuilding CXX object CMakeFiles/control_msgs__rosidl_typesupport_introspection_cpp.dir/rosidl_typesupport_introspection_cpp/control_msgs/action/detail/point_head__type_support.cpp.o\x1b[0m\n'}
[61.902798] (-) TimerEvent: {}
[62.005309] (-) TimerEvent: {}
[62.107408] (-) TimerEvent: {}
[62.209941] (-) TimerEvent: {}
[62.312687] (-) TimerEvent: {}
[62.414912] (-) TimerEvent: {}
[62.517241] (-) TimerEvent: {}
[62.619893] (-) TimerEvent: {}
[62.722473] (-) TimerEvent: {}
[62.825170] (-) TimerEvent: {}
[62.927738] (-) TimerEvent: {}
[63.030563] (-) TimerEvent: {}
[63.133328] (-) TimerEvent: {}
[63.235827] (-) TimerEvent: {}
[63.266036] (control_msgs) StdoutLine: {'line': b'[ 25%] \x1b[32mBuilding CXX object CMakeFiles/control_msgs__rosidl_typesupport_cpp.dir/rosidl_typesupport_cpp/control_msgs/msg/dynamic_joint_state__type_support.cpp.o\x1b[0m\n'}
[63.336148] (-) TimerEvent: {}
[63.434446] (control_msgs) StdoutLine: {'line': b'[ 25%] \x1b[32mBuilding CXX object CMakeFiles/control_msgs__rosidl_typesupport_fastrtps_cpp.dir/rosidl_typesupport_fastrtps_cpp/control_msgs/action/detail/dds_fastrtps/point_head__type_support.cpp.o\x1b[0m\n'}
[63.436830] (-) TimerEvent: {}
[63.538877] (-) TimerEvent: {}
[63.541492] (control_msgs) StdoutLine: {'line': b'[ 26%] \x1b[32mBuilding CXX object CMakeFiles/control_msgs__rosidl_typesupport_fastrtps_c.dir/rosidl_typesupport_fastrtps_c/control_msgs/action/detail/follow_joint_trajectory__type_support_c.cpp.o\x1b[0m\n'}
[63.639131] (-) TimerEvent: {}
[63.741059] (-) TimerEvent: {}
[63.842093] (-) TimerEvent: {}
[63.943163] (-) TimerEvent: {}
[64.044418] (-) TimerEvent: {}
[64.145495] (-) TimerEvent: {}
[64.246494] (-) TimerEvent: {}
[64.347726] (-) TimerEvent: {}
[64.448933] (-) TimerEvent: {}
[64.550255] (-) TimerEvent: {}
[64.651377] (-) TimerEvent: {}
[64.752553] (-) TimerEvent: {}
[64.855519] (-) TimerEvent: {}
[64.920303] (control_msgs) StdoutLine: {'line': b'[ 26%] \x1b[32mBuilding CXX object CMakeFiles/control_msgs__rosidl_typesupport_cpp.dir/rosidl_typesupport_cpp/control_msgs/msg/gripper_command__type_support.cpp.o\x1b[0m\n'}
[64.955808] (-) TimerEvent: {}
[65.058681] (-) TimerEvent: {}
[65.160999] (-) TimerEvent: {}
[65.263390] (-) TimerEvent: {}
[65.366573] (-) TimerEvent: {}
[65.469205] (-) TimerEvent: {}
[65.571640] (-) TimerEvent: {}
[65.613450] (control_msgs) StdoutLine: {'line': b'[ 27%] \x1b[32mBuilding CXX object CMakeFiles/control_msgs__rosidl_typesupport_introspection_cpp.dir/rosidl_typesupport_introspection_cpp/control_msgs/action/detail/single_joint_position__type_support.cpp.o\x1b[0m\n'}
[65.671880] (-) TimerEvent: {}
[65.774532] (-) TimerEvent: {}
[65.876475] (-) TimerEvent: {}
[65.978666] (-) TimerEvent: {}
[66.080793] (-) TimerEvent: {}
[66.182720] (-) TimerEvent: {}
[66.208957] (control_msgs) StdoutLine: {'line': b'[ 27%] \x1b[32mBuilding CXX object CMakeFiles/control_msgs__rosidl_typesupport_fastrtps_c.dir/rosidl_typesupport_fastrtps_c/control_msgs/action/detail/gripper_command__type_support_c.cpp.o\x1b[0m\n'}
[66.283003] (-) TimerEvent: {}
[66.385540] (-) TimerEvent: {}
[66.487887] (-) TimerEvent: {}
[66.577536] (control_msgs) StdoutLine: {'line': b'[ 28%] \x1b[32mBuilding CXX object CMakeFiles/control_msgs__rosidl_typesupport_cpp.dir/rosidl_typesupport_cpp/control_msgs/msg/interface_value__type_support.cpp.o\x1b[0m\n'}
[66.588097] (-) TimerEvent: {}
[66.690318] (-) TimerEvent: {}
[66.793020] (-) TimerEvent: {}
[66.895765] (-) TimerEvent: {}
[66.997906] (-) TimerEvent: {}
[67.001786] (control_msgs) StdoutLine: {'line': b'[ 28%] \x1b[32mBuilding CXX object CMakeFiles/control_msgs__rosidl_typesupport_fastrtps_cpp.dir/rosidl_typesupport_fastrtps_cpp/control_msgs/action/detail/dds_fastrtps/single_joint_position__type_support.cpp.o\x1b[0m\n'}
[67.098132] (-) TimerEvent: {}
[67.200646] (-) TimerEvent: {}
[67.302799] (-) TimerEvent: {}
[67.404910] (-) TimerEvent: {}
[67.507381] (-) TimerEvent: {}
[67.609811] (-) TimerEvent: {}
[67.712366] (-) TimerEvent: {}
[67.813284] (-) TimerEvent: {}
[67.914537] (-) TimerEvent: {}
[68.015622] (-) TimerEvent: {}
[68.116855] (-) TimerEvent: {}
[68.218254] (-) TimerEvent: {}
[68.247751] (control_msgs) StdoutLine: {'line': b'[ 28%] \x1b[32mBuilding CXX object CMakeFiles/control_msgs__rosidl_typesupport_cpp.dir/rosidl_typesupport_cpp/control_msgs/msg/joint_component_tolerance__type_support.cpp.o\x1b[0m\n'}
[68.318497] (-) TimerEvent: {}
[68.419678] (-) TimerEvent: {}
[68.520668] (-) TimerEvent: {}
[68.621763] (-) TimerEvent: {}
[68.656862] (control_msgs) StdoutLine: {'line': b'[ 29%] \x1b[32mBuilding CXX object CMakeFiles/control_msgs__rosidl_typesupport_fastrtps_c.dir/rosidl_typesupport_fastrtps_c/control_msgs/action/detail/joint_trajectory__type_support_c.cpp.o\x1b[0m\n'}
[68.722005] (-) TimerEvent: {}
[68.822905] (-) TimerEvent: {}
[68.925572] (-) TimerEvent: {}
[69.028096] (-) TimerEvent: {}
[69.130801] (-) TimerEvent: {}
[69.233594] (-) TimerEvent: {}
[69.298054] (control_msgs) StdoutLine: {'line': b'[ 29%] \x1b[32mBuilding CXX object CMakeFiles/control_msgs__rosidl_typesupport_introspection_cpp.dir/rosidl_typesupport_introspection_cpp/control_msgs/msg/detail/admittance_controller_state__type_support.cpp.o\x1b[0m\n'}
[69.333916] (-) TimerEvent: {}
[69.436649] (-) TimerEvent: {}
[69.539182] (-) TimerEvent: {}
[69.641353] (-) TimerEvent: {}
[69.743442] (-) TimerEvent: {}
[69.844433] (-) TimerEvent: {}
[69.901370] (control_msgs) StdoutLine: {'line': b'[ 29%] \x1b[32mBuilding CXX object CMakeFiles/control_msgs__rosidl_typesupport_cpp.dir/rosidl_typesupport_cpp/control_msgs/msg/joint_controller_state__type_support.cpp.o\x1b[0m\n'}
[69.944812] (-) TimerEvent: {}
[70.047376] (-) TimerEvent: {}
[70.149572] (-) TimerEvent: {}
[70.250812] (-) TimerEvent: {}
[70.351705] (-) TimerEvent: {}
[70.453536] (-) TimerEvent: {}
[70.556042] (-) TimerEvent: {}
[70.560467] (control_msgs) StdoutLine: {'line': b'[ 30%] \x1b[32mBuilding CXX object CMakeFiles/control_msgs__rosidl_typesupport_fastrtps_cpp.dir/rosidl_typesupport_fastrtps_cpp/control_msgs/msg/detail/dds_fastrtps/admittance_controller_state__type_support.cpp.o\x1b[0m\n'}
[70.656309] (-) TimerEvent: {}
[70.758816] (-) TimerEvent: {}
[70.860997] (-) TimerEvent: {}
[70.963240] (-) TimerEvent: {}
[71.066679] (-) TimerEvent: {}
[71.106847] (control_msgs) StdoutLine: {'line': b'[ 30%] \x1b[32mBuilding CXX object CMakeFiles/control_msgs__rosidl_typesupport_fastrtps_c.dir/rosidl_typesupport_fastrtps_c/control_msgs/action/detail/point_head__type_support_c.cpp.o\x1b[0m\n'}
[71.167007] (-) TimerEvent: {}
[71.270185] (-) TimerEvent: {}
[71.372731] (-) TimerEvent: {}
[71.475550] (-) TimerEvent: {}
[71.549825] (control_msgs) StdoutLine: {'line': b'[ 31%] \x1b[32mBuilding CXX object CMakeFiles/control_msgs__rosidl_typesupport_cpp.dir/rosidl_typesupport_cpp/control_msgs/msg/joint_jog__type_support.cpp.o\x1b[0m\n'}
[71.575844] (-) TimerEvent: {}
[71.678740] (-) TimerEvent: {}
[71.780864] (-) TimerEvent: {}
[71.882599] (-) TimerEvent: {}
[71.984825] (-) TimerEvent: {}
[72.010128] (control_msgs) StdoutLine: {'line': b'[ 31%] \x1b[32mBuilding CXX object CMakeFiles/control_msgs__rosidl_typesupport_introspection_cpp.dir/rosidl_typesupport_introspection_cpp/control_msgs/msg/detail/dynamic_interface_group_values__type_support.cpp.o\x1b[0m\n'}
[72.085065] (-) TimerEvent: {}
[72.186454] (-) TimerEvent: {}
[72.287952] (-) TimerEvent: {}
[72.389744] (-) TimerEvent: {}
[72.491338] (-) TimerEvent: {}
[72.593184] (-) TimerEvent: {}
[72.694883] (-) TimerEvent: {}
[72.796537] (-) TimerEvent: {}
[72.897507] (-) TimerEvent: {}
[72.998639] (-) TimerEvent: {}
[73.099940] (-) TimerEvent: {}
[73.114820] (control_msgs) StdoutLine: {'line': b'[ 31%] \x1b[32mBuilding CXX object CMakeFiles/control_msgs__rosidl_typesupport_fastrtps_cpp.dir/rosidl_typesupport_fastrtps_cpp/control_msgs/msg/detail/dds_fastrtps/dynamic_interface_group_values__type_support.cpp.o\x1b[0m\n'}
[73.200212] (-) TimerEvent: {}
[73.201742] (control_msgs) StdoutLine: {'line': b'[ 31%] \x1b[32mBuilding CXX object CMakeFiles/control_msgs__rosidl_typesupport_cpp.dir/rosidl_typesupport_cpp/control_msgs/msg/joint_tolerance__type_support.cpp.o\x1b[0m\n'}
[73.300443] (-) TimerEvent: {}
[73.401328] (-) TimerEvent: {}
[73.502257] (-) TimerEvent: {}
[73.591219] (control_msgs) StdoutLine: {'line': b'[ 31%] \x1b[32mBuilding CXX object CMakeFiles/control_msgs__rosidl_typesupport_fastrtps_c.dir/rosidl_typesupport_fastrtps_c/control_msgs/action/detail/single_joint_position__type_support_c.cpp.o\x1b[0m\n'}
[73.602535] (-) TimerEvent: {}
[73.703879] (-) TimerEvent: {}
[73.804799] (-) TimerEvent: {}
[73.905639] (-) TimerEvent: {}
[74.007020] (-) TimerEvent: {}
[74.108503] (-) TimerEvent: {}
[74.210200] (-) TimerEvent: {}
[74.311268] (-) TimerEvent: {}
[74.412637] (-) TimerEvent: {}
[74.514001] (-) TimerEvent: {}
[74.615085] (-) TimerEvent: {}
[74.716241] (-) TimerEvent: {}
[74.811092] (control_msgs) StdoutLine: {'line': b'[ 32%] \x1b[32mBuilding CXX object CMakeFiles/control_msgs__rosidl_typesupport_cpp.dir/rosidl_typesupport_cpp/control_msgs/msg/joint_trajectory_controller_state__type_support.cpp.o\x1b[0m\n'}
[74.816481] (-) TimerEvent: {}
[74.917694] (-) TimerEvent: {}
[75.018917] (-) TimerEvent: {}
[75.120047] (-) TimerEvent: {}
[75.221152] (-) TimerEvent: {}
[75.301567] (control_msgs) StdoutLine: {'line': b'[ 33%] \x1b[32mBuilding CXX object CMakeFiles/control_msgs__rosidl_typesupport_introspection_cpp.dir/rosidl_typesupport_introspection_cpp/control_msgs/msg/detail/dynamic_joint_state__type_support.cpp.o\x1b[0m\n'}
[75.321358] (-) TimerEvent: {}
[75.422372] (-) TimerEvent: {}
[75.523596] (-) TimerEvent: {}
[75.624739] (-) TimerEvent: {}
[75.725980] (-) TimerEvent: {}
[75.827478] (-) TimerEvent: {}
[75.929089] (-) TimerEvent: {}
[76.031006] (-) TimerEvent: {}
[76.041895] (control_msgs) StdoutLine: {'line': b'[ 34%] \x1b[32mBuilding CXX object CMakeFiles/control_msgs__rosidl_typesupport_fastrtps_c.dir/rosidl_typesupport_fastrtps_c/control_msgs/msg/detail/admittance_controller_state__type_support_c.cpp.o\x1b[0m\n'}
[76.131326] (-) TimerEvent: {}
[76.138207] (control_msgs) StdoutLine: {'line': b'[ 35%] \x1b[32mBuilding CXX object CMakeFiles/control_msgs__rosidl_typesupport_fastrtps_cpp.dir/rosidl_typesupport_fastrtps_cpp/control_msgs/msg/detail/dds_fastrtps/dynamic_joint_state__type_support.cpp.o\x1b[0m\n'}
[76.231571] (-) TimerEvent: {}
[76.332942] (-) TimerEvent: {}
[76.434275] (-) TimerEvent: {}
[76.471472] (control_msgs) StdoutLine: {'line': b'[ 35%] \x1b[32mBuilding CXX object CMakeFiles/control_msgs__rosidl_typesupport_cpp.dir/rosidl_typesupport_cpp/control_msgs/msg/mecanum_drive_controller_state__type_support.cpp.o\x1b[0m\n'}
[76.534481] (-) TimerEvent: {}
[76.635612] (-) TimerEvent: {}
[76.736964] (-) TimerEvent: {}
[76.838474] (-) TimerEvent: {}
[76.939850] (-) TimerEvent: {}
[77.041664] (-) TimerEvent: {}
[77.143108] (-) TimerEvent: {}
[77.244656] (-) TimerEvent: {}
[77.346631] (-) TimerEvent: {}
[77.448599] (-) TimerEvent: {}
[77.550488] (-) TimerEvent: {}
[77.652302] (-) TimerEvent: {}
[77.753797] (-) TimerEvent: {}
[77.855735] (-) TimerEvent: {}
[77.957181] (-) TimerEvent: {}
[78.058210] (-) TimerEvent: {}
[78.159179] (-) TimerEvent: {}
[78.205053] (control_msgs) StdoutLine: {'line': b'[ 36%] \x1b[32mBuilding CXX object CMakeFiles/control_msgs__rosidl_typesupport_cpp.dir/rosidl_typesupport_cpp/control_msgs/msg/multi_dof_command__type_support.cpp.o\x1b[0m\n'}
[78.234940] (control_msgs) StdoutLine: {'line': b'[ 36%] \x1b[32mBuilding CXX object CMakeFiles/control_msgs__rosidl_typesupport_fastrtps_c.dir/rosidl_typesupport_fastrtps_c/control_msgs/msg/detail/dynamic_interface_group_values__type_support_c.cpp.o\x1b[0m\n'}
[78.259469] (-) TimerEvent: {}
[78.360822] (-) TimerEvent: {}
[78.462083] (-) TimerEvent: {}
[78.562924] (-) TimerEvent: {}
[78.587829] (control_msgs) StdoutLine: {'line': b'[ 36%] \x1b[32mBuilding CXX object CMakeFiles/control_msgs__rosidl_typesupport_introspection_cpp.dir/rosidl_typesupport_introspection_cpp/control_msgs/msg/detail/gripper_command__type_support.cpp.o\x1b[0m\n'}
[78.663152] (-) TimerEvent: {}
[78.764014] (-) TimerEvent: {}
[78.865430] (-) TimerEvent: {}
[78.967031] (-) TimerEvent: {}
[79.068221] (-) TimerEvent: {}
[79.169254] (-) TimerEvent: {}
[79.183368] (control_msgs) StdoutLine: {'line': b'[ 36%] \x1b[32mBuilding CXX object CMakeFiles/control_msgs__rosidl_typesupport_fastrtps_cpp.dir/rosidl_typesupport_fastrtps_cpp/control_msgs/msg/detail/dds_fastrtps/gripper_command__type_support.cpp.o\x1b[0m\n'}
[79.269415] (-) TimerEvent: {}
[79.370349] (-) TimerEvent: {}
[79.471275] (-) TimerEvent: {}
[79.572188] (-) TimerEvent: {}
[79.673172] (-) TimerEvent: {}
[79.774401] (-) TimerEvent: {}
[79.817785] (control_msgs) StdoutLine: {'line': b'[ 36%] \x1b[32mBuilding CXX object CMakeFiles/control_msgs__rosidl_typesupport_cpp.dir/rosidl_typesupport_cpp/control_msgs/msg/multi_dof_state_stamped__type_support.cpp.o\x1b[0m\n'}
[79.874600] (-) TimerEvent: {}
[79.975573] (-) TimerEvent: {}
[80.076535] (-) TimerEvent: {}
[80.177609] (-) TimerEvent: {}
[80.278646] (-) TimerEvent: {}
[80.341778] (control_msgs) StdoutLine: {'line': b'[ 37%] \x1b[32mBuilding CXX object CMakeFiles/control_msgs__rosidl_typesupport_fastrtps_c.dir/rosidl_typesupport_fastrtps_c/control_msgs/msg/detail/dynamic_joint_state__type_support_c.cpp.o\x1b[0m\n'}
[80.378960] (-) TimerEvent: {}
[80.479998] (-) TimerEvent: {}
[80.581277] (-) TimerEvent: {}
[80.682468] (-) TimerEvent: {}
[80.783713] (-) TimerEvent: {}
[80.844528] (control_msgs) StdoutLine: {'line': b'[ 38%] \x1b[32mBuilding CXX object CMakeFiles/control_msgs__rosidl_typesupport_introspection_cpp.dir/rosidl_typesupport_introspection_cpp/control_msgs/msg/detail/interface_value__type_support.cpp.o\x1b[0m\n'}
[80.884059] (-) TimerEvent: {}
[80.985892] (-) TimerEvent: {}
[81.087654] (-) TimerEvent: {}
[81.189645] (-) TimerEvent: {}
[81.291101] (-) TimerEvent: {}
[81.392787] (-) TimerEvent: {}
[81.442976] (control_msgs) StdoutLine: {'line': b'[ 39%] \x1b[32mBuilding CXX object CMakeFiles/control_msgs__rosidl_typesupport_cpp.dir/rosidl_typesupport_cpp/control_msgs/msg/pid_state__type_support.cpp.o\x1b[0m\n'}
[81.493006] (-) TimerEvent: {}
[81.546358] (control_msgs) StdoutLine: {'line': b'[ 40%] \x1b[32mBuilding CXX object CMakeFiles/control_msgs__rosidl_typesupport_fastrtps_cpp.dir/rosidl_typesupport_fastrtps_cpp/control_msgs/msg/detail/dds_fastrtps/interface_value__type_support.cpp.o\x1b[0m\n'}
[81.593277] (-) TimerEvent: {}
[81.694582] (-) TimerEvent: {}
[81.795916] (-) TimerEvent: {}
[81.897191] (-) TimerEvent: {}
[81.998640] (-) TimerEvent: {}
[82.100166] (-) TimerEvent: {}
[82.201774] (-) TimerEvent: {}
[82.303496] (-) TimerEvent: {}
[82.405194] (-) TimerEvent: {}
[82.444260] (control_msgs) StdoutLine: {'line': b'[ 40%] \x1b[32mBuilding CXX object CMakeFiles/control_msgs__rosidl_typesupport_fastrtps_c.dir/rosidl_typesupport_fastrtps_c/control_msgs/msg/detail/gripper_command__type_support_c.cpp.o\x1b[0m\n'}
[82.505399] (-) TimerEvent: {}
[82.606874] (-) TimerEvent: {}
[82.708604] (-) TimerEvent: {}
[82.810449] (-) TimerEvent: {}
[82.912118] (-) TimerEvent: {}
[83.014116] (-) TimerEvent: {}
[83.075856] (control_msgs) StdoutLine: {'line': b'[ 40%] \x1b[32mBuilding CXX object CMakeFiles/control_msgs__rosidl_typesupport_cpp.dir/rosidl_typesupport_cpp/control_msgs/msg/single_dof_state__type_support.cpp.o\x1b[0m\n'}
[83.114329] (-) TimerEvent: {}
[83.215906] (-) TimerEvent: {}
[83.317372] (-) TimerEvent: {}
[83.418887] (-) TimerEvent: {}
[83.520326] (-) TimerEvent: {}
[83.561284] (control_msgs) StdoutLine: {'line': b'[ 40%] \x1b[32mBuilding CXX object CMakeFiles/control_msgs__rosidl_typesupport_introspection_cpp.dir/rosidl_typesupport_introspection_cpp/control_msgs/msg/detail/joint_component_tolerance__type_support.cpp.o\x1b[0m\n'}
[83.620589] (-) TimerEvent: {}
[83.721480] (-) TimerEvent: {}
[83.822412] (-) TimerEvent: {}
[83.923481] (-) TimerEvent: {}
[84.024392] (-) TimerEvent: {}
[84.125310] (-) TimerEvent: {}
[84.227005] (-) TimerEvent: {}
[84.328786] (-) TimerEvent: {}
[84.429954] (-) TimerEvent: {}
[84.473264] (control_msgs) StdoutLine: {'line': b'[ 40%] \x1b[32mBuilding CXX object CMakeFiles/control_msgs__rosidl_typesupport_fastrtps_cpp.dir/rosidl_typesupport_fastrtps_cpp/control_msgs/msg/detail/dds_fastrtps/joint_component_tolerance__type_support.cpp.o\x1b[0m\n'}
[84.530170] (-) TimerEvent: {}
[84.586147] (control_msgs) StdoutLine: {'line': b'[ 41%] \x1b[32mBuilding CXX object CMakeFiles/control_msgs__rosidl_typesupport_fastrtps_c.dir/rosidl_typesupport_fastrtps_c/control_msgs/msg/detail/interface_value__type_support_c.cpp.o\x1b[0m\n'}
[84.630417] (-) TimerEvent: {}
[84.732559] (-) TimerEvent: {}
[84.742363] (control_msgs) StdoutLine: {'line': b'[ 41%] \x1b[32mBuilding CXX object CMakeFiles/control_msgs__rosidl_typesupport_cpp.dir/rosidl_typesupport_cpp/control_msgs/msg/single_dof_state_stamped__type_support.cpp.o\x1b[0m\n'}
[84.832763] (-) TimerEvent: {}
[84.934475] (-) TimerEvent: {}
[85.036189] (-) TimerEvent: {}
[85.138369] (-) TimerEvent: {}
[85.240998] (-) TimerEvent: {}
[85.343495] (-) TimerEvent: {}
[85.446213] (-) TimerEvent: {}
[85.549122] (-) TimerEvent: {}
[85.651666] (-) TimerEvent: {}
[85.754031] (-) TimerEvent: {}
[85.856373] (-) TimerEvent: {}
[85.912964] (control_msgs) StdoutLine: {'line': b'[ 42%] \x1b[32mBuilding CXX object CMakeFiles/control_msgs__rosidl_typesupport_introspection_cpp.dir/rosidl_typesupport_introspection_cpp/control_msgs/msg/detail/joint_controller_state__type_support.cpp.o\x1b[0m\n'}
[85.956698] (-) TimerEvent: {}
[86.059483] (-) TimerEvent: {}
[86.162198] (-) TimerEvent: {}
[86.265071] (-) TimerEvent: {}
[86.367924] (-) TimerEvent: {}
[86.400344] (control_msgs) StdoutLine: {'line': b'[ 43%] \x1b[32mBuilding CXX object CMakeFiles/control_msgs__rosidl_typesupport_cpp.dir/rosidl_typesupport_cpp/control_msgs/msg/steering_controller_status__type_support.cpp.o\x1b[0m\n'}
[86.468161] (-) TimerEvent: {}
[86.569021] (-) TimerEvent: {}
[86.669999] (-) TimerEvent: {}
[86.688903] (control_msgs) StdoutLine: {'line': b'[ 43%] \x1b[32mBuilding CXX object CMakeFiles/control_msgs__rosidl_typesupport_fastrtps_c.dir/rosidl_typesupport_fastrtps_c/control_msgs/msg/detail/joint_component_tolerance__type_support_c.cpp.o\x1b[0m\n'}
[86.770240] (-) TimerEvent: {}
[86.860915] (control_msgs) StdoutLine: {'line': b'[ 44%] \x1b[32mBuilding CXX object CMakeFiles/control_msgs__rosidl_typesupport_fastrtps_cpp.dir/rosidl_typesupport_fastrtps_cpp/control_msgs/msg/detail/dds_fastrtps/joint_controller_state__type_support.cpp.o\x1b[0m\n'}
[86.870479] (-) TimerEvent: {}
[86.971376] (-) TimerEvent: {}
[87.072258] (-) TimerEvent: {}
[87.173223] (-) TimerEvent: {}
[87.274137] (-) TimerEvent: {}
[87.375104] (-) TimerEvent: {}
[87.476174] (-) TimerEvent: {}
[87.577247] (-) TimerEvent: {}
[87.678441] (-) TimerEvent: {}
[87.779933] (-) TimerEvent: {}
[87.881084] (-) TimerEvent: {}
[87.982343] (-) TimerEvent: {}
[88.007408] (control_msgs) StdoutLine: {'line': b'[ 44%] \x1b[32mBuilding CXX object CMakeFiles/control_msgs__rosidl_typesupport_cpp.dir/rosidl_typesupport_cpp/control_msgs/srv/query_calibration_state__type_support.cpp.o\x1b[0m\n'}
[88.082560] (-) TimerEvent: {}
[88.183538] (-) TimerEvent: {}
[88.234183] (control_msgs) StdoutLine: {'line': b'[ 44%] \x1b[32mBuilding CXX object CMakeFiles/control_msgs__rosidl_typesupport_introspection_cpp.dir/rosidl_typesupport_introspection_cpp/control_msgs/msg/detail/joint_jog__type_support.cpp.o\x1b[0m\n'}
[88.283820] (-) TimerEvent: {}
[88.384994] (-) TimerEvent: {}
[88.486115] (-) TimerEvent: {}
[88.587242] (-) TimerEvent: {}
[88.688385] (-) TimerEvent: {}
[88.772118] (control_msgs) StdoutLine: {'line': b'[ 45%] \x1b[32mBuilding CXX object CMakeFiles/control_msgs__rosidl_typesupport_fastrtps_c.dir/rosidl_typesupport_fastrtps_c/control_msgs/msg/detail/joint_controller_state__type_support_c.cpp.o\x1b[0m\n'}
[88.788656] (-) TimerEvent: {}
[88.889785] (-) TimerEvent: {}
[88.990802] (-) TimerEvent: {}
[89.091793] (-) TimerEvent: {}
[89.192756] (-) TimerEvent: {}
[89.293664] (-) TimerEvent: {}
[89.308929] (control_msgs) StdoutLine: {'line': b'[ 45%] \x1b[32mBuilding CXX object CMakeFiles/control_msgs__rosidl_typesupport_fastrtps_cpp.dir/rosidl_typesupport_fastrtps_cpp/control_msgs/msg/detail/dds_fastrtps/joint_jog__type_support.cpp.o\x1b[0m\n'}
[89.393885] (-) TimerEvent: {}
[89.494829] (-) TimerEvent: {}
[89.595778] (-) TimerEvent: {}
[89.637087] (control_msgs) StdoutLine: {'line': b'[ 46%] \x1b[32mBuilding CXX object CMakeFiles/control_msgs__rosidl_typesupport_cpp.dir/rosidl_typesupport_cpp/control_msgs/srv/query_trajectory_state__type_support.cpp.o\x1b[0m\n'}
[89.696041] (-) TimerEvent: {}
[89.797021] (-) TimerEvent: {}
[89.898754] (-) TimerEvent: {}
[90.001211] (-) TimerEvent: {}
[90.103297] (-) TimerEvent: {}
[90.204307] (-) TimerEvent: {}
[90.305836] (-) TimerEvent: {}
[90.407565] (-) TimerEvent: {}
[90.509812] (-) TimerEvent: {}
[90.611680] (-) TimerEvent: {}
[90.714268] (-) TimerEvent: {}
[90.816914] (-) TimerEvent: {}
[90.896400] (control_msgs) StdoutLine: {'line': b'[ 46%] \x1b[32mBuilding CXX object CMakeFiles/control_msgs__rosidl_typesupport_fastrtps_c.dir/rosidl_typesupport_fastrtps_c/control_msgs/msg/detail/joint_jog__type_support_c.cpp.o\x1b[0m\n'}
[90.917234] (-) TimerEvent: {}
[91.001428] (control_msgs) StdoutLine: {'line': b'[ 47%] \x1b[32mBuilding CXX object CMakeFiles/control_msgs__rosidl_typesupport_introspection_cpp.dir/rosidl_typesupport_introspection_cpp/control_msgs/msg/detail/joint_tolerance__type_support.cpp.o\x1b[0m\n'}
[91.017458] (-) TimerEvent: {}
[91.118502] (-) TimerEvent: {}
[91.219366] (-) TimerEvent: {}
[91.320385] (-) TimerEvent: {}
[91.329730] (control_msgs) StdoutLine: {'line': b'[ 47%] \x1b[32m\x1b[1mLinking CXX shared library libcontrol_msgs__rosidl_typesupport_cpp.so\x1b[0m\n'}
[91.420581] (-) TimerEvent: {}
[91.521830] (-) TimerEvent: {}
[91.580190] (control_msgs) StdoutLine: {'line': b'[ 47%] Built target control_msgs__rosidl_typesupport_cpp\n'}
[91.621278] (control_msgs) StdoutLine: {'line': b'[ 47%] \x1b[32mBuilding CXX object CMakeFiles/control_msgs__rosidl_typesupport_fastrtps_cpp.dir/rosidl_typesupport_fastrtps_cpp/control_msgs/msg/detail/dds_fastrtps/joint_tolerance__type_support.cpp.o\x1b[0m\n'}
[91.622130] (-) TimerEvent: {}
[91.723209] (-) TimerEvent: {}
[91.824210] (-) TimerEvent: {}
[91.926424] (-) TimerEvent: {}
[92.028959] (-) TimerEvent: {}
[92.131387] (-) TimerEvent: {}
[92.233393] (-) TimerEvent: {}
[92.270858] (control_msgs) StdoutLine: {'line': b'[ 48%] \x1b[34m\x1b[1mGenerating C introspection for ROS interfaces\x1b[0m\n'}
[92.333644] (-) TimerEvent: {}
[92.436328] (-) TimerEvent: {}
[92.538881] (-) TimerEvent: {}
[92.641528] (-) TimerEvent: {}
[92.744251] (-) TimerEvent: {}
[92.846556] (-) TimerEvent: {}
[92.949361] (-) TimerEvent: {}
[93.051727] (-) TimerEvent: {}
[93.150250] (control_msgs) StdoutLine: {'line': b'[ 48%] \x1b[32mBuilding CXX object CMakeFiles/control_msgs__rosidl_typesupport_fastrtps_c.dir/rosidl_typesupport_fastrtps_c/control_msgs/msg/detail/joint_tolerance__type_support_c.cpp.o\x1b[0m\n'}
[93.151921] (-) TimerEvent: {}
[93.254566] (-) TimerEvent: {}
[93.356897] (-) TimerEvent: {}
[93.364827] (control_msgs) StdoutLine: {'line': b'[ 48%] \x1b[32mBuilding CXX object CMakeFiles/control_msgs__rosidl_typesupport_introspection_cpp.dir/rosidl_typesupport_introspection_cpp/control_msgs/msg/detail/joint_trajectory_controller_state__type_support.cpp.o\x1b[0m\n'}
[93.457160] (-) TimerEvent: {}
[93.559196] (-) TimerEvent: {}
[93.661558] (-) TimerEvent: {}
[93.763963] (-) TimerEvent: {}
[93.866015] (-) TimerEvent: {}
[93.968201] (-) TimerEvent: {}
[94.048726] (control_msgs) StdoutLine: {'line': b'[ 49%] \x1b[32mBuilding CXX object CMakeFiles/control_msgs__rosidl_typesupport_fastrtps_cpp.dir/rosidl_typesupport_fastrtps_cpp/control_msgs/msg/detail/dds_fastrtps/joint_trajectory_controller_state__type_support.cpp.o\x1b[0m\n'}
[94.068460] (-) TimerEvent: {}
[94.170867] (-) TimerEvent: {}
[94.272923] (-) TimerEvent: {}
[94.374957] (-) TimerEvent: {}
[94.477303] (-) TimerEvent: {}
[94.579349] (-) TimerEvent: {}
[94.681627] (-) TimerEvent: {}
[94.784435] (-) TimerEvent: {}
[94.885779] (-) TimerEvent: {}
[94.987130] (-) TimerEvent: {}
[95.088735] (-) TimerEvent: {}
[95.190123] (-) TimerEvent: {}
[95.248289] (control_msgs) StdoutLine: {'line': b'[ 50%] \x1b[32mBuilding CXX object CMakeFiles/control_msgs__rosidl_typesupport_fastrtps_c.dir/rosidl_typesupport_fastrtps_c/control_msgs/msg/detail/joint_trajectory_controller_state__type_support_c.cpp.o\x1b[0m\n'}
[95.290382] (-) TimerEvent: {}
[95.391950] (-) TimerEvent: {}
[95.493593] (-) TimerEvent: {}
[95.594922] (-) TimerEvent: {}
[95.696340] (-) TimerEvent: {}
[95.797883] (-) TimerEvent: {}
[95.899353] (-) TimerEvent: {}
[96.000816] (-) TimerEvent: {}
[96.102149] (-) TimerEvent: {}
[96.111021] (control_msgs) StdoutLine: {'line': b'[ 50%] \x1b[32mBuilding CXX object CMakeFiles/control_msgs__rosidl_typesupport_introspection_cpp.dir/rosidl_typesupport_introspection_cpp/control_msgs/msg/detail/mecanum_drive_controller_state__type_support.cpp.o\x1b[0m\n'}
[96.202379] (-) TimerEvent: {}
[96.303651] (-) TimerEvent: {}
[96.404879] (-) TimerEvent: {}
[96.506207] (-) TimerEvent: {}
[96.607709] (-) TimerEvent: {}
[96.709178] (-) TimerEvent: {}
[96.810694] (-) TimerEvent: {}
[96.855702] (control_msgs) StdoutLine: {'line': b'[ 50%] \x1b[32mBuilding CXX object CMakeFiles/control_msgs__rosidl_typesupport_fastrtps_cpp.dir/rosidl_typesupport_fastrtps_cpp/control_msgs/msg/detail/dds_fastrtps/mecanum_drive_controller_state__type_support.cpp.o\x1b[0m\n'}
[96.910901] (-) TimerEvent: {}
[97.011742] (-) TimerEvent: {}
[97.112697] (-) TimerEvent: {}
[97.213715] (-) TimerEvent: {}
[97.314915] (-) TimerEvent: {}
[97.415891] (-) TimerEvent: {}
[97.465350] (control_msgs) StdoutLine: {'line': b'[ 50%] \x1b[32mBuilding CXX object CMakeFiles/control_msgs__rosidl_typesupport_fastrtps_c.dir/rosidl_typesupport_fastrtps_c/control_msgs/msg/detail/mecanum_drive_controller_state__type_support_c.cpp.o\x1b[0m\n'}
[97.516156] (-) TimerEvent: {}
[97.617002] (-) TimerEvent: {}
[97.717966] (-) TimerEvent: {}
[97.818963] (-) TimerEvent: {}
[97.919963] (-) TimerEvent: {}
[98.021450] (-) TimerEvent: {}
[98.129642] (-) TimerEvent: {}
[98.231235] (-) TimerEvent: {}
[98.332682] (-) TimerEvent: {}
[98.374550] (control_msgs) StdoutLine: {'line': b'[ 51%] \x1b[32mBuilding CXX object CMakeFiles/control_msgs__rosidl_typesupport_introspection_cpp.dir/rosidl_typesupport_introspection_cpp/control_msgs/msg/detail/multi_dof_command__type_support.cpp.o\x1b[0m\n'}
[98.432926] (-) TimerEvent: {}
[98.534183] (-) TimerEvent: {}
[98.635025] (-) TimerEvent: {}
[98.735936] (-) TimerEvent: {}
[98.836966] (-) TimerEvent: {}
[98.937879] (-) TimerEvent: {}
[99.038877] (-) TimerEvent: {}
[99.140822] (-) TimerEvent: {}
[99.195925] (control_msgs) StdoutLine: {'line': b'[ 52%] \x1b[32mBuilding CXX object CMakeFiles/control_msgs__rosidl_typesupport_fastrtps_cpp.dir/rosidl_typesupport_fastrtps_cpp/control_msgs/msg/detail/dds_fastrtps/multi_dof_command__type_support.cpp.o\x1b[0m\n'}
[99.241128] (-) TimerEvent: {}
[99.342415] (-) TimerEvent: {}
[99.443772] (-) TimerEvent: {}
[99.531061] (control_msgs) StdoutLine: {'line': b'[ 53%] \x1b[32mBuilding CXX object CMakeFiles/control_msgs__rosidl_typesupport_fastrtps_c.dir/rosidl_typesupport_fastrtps_c/control_msgs/msg/detail/multi_dof_command__type_support_c.cpp.o\x1b[0m\n'}
[99.543983] (-) TimerEvent: {}
[99.645298] (-) TimerEvent: {}
[99.746508] (-) TimerEvent: {}
[99.847891] (-) TimerEvent: {}
[99.948940] (-) TimerEvent: {}
[100.050170] (-) TimerEvent: {}
[100.151157] (-) TimerEvent: {}
[100.252159] (-) TimerEvent: {}
[100.353299] (-) TimerEvent: {}
[100.454370] (-) TimerEvent: {}
[100.555454] (-) TimerEvent: {}
[100.656638] (-) TimerEvent: {}
[100.757849] (-) TimerEvent: {}
[100.858820] (-) TimerEvent: {}
[100.959915] (-) TimerEvent: {}
[101.037267] (control_msgs) StdoutLine: {'line': b'[ 53%] \x1b[32mBuilding CXX object CMakeFiles/control_msgs__rosidl_typesupport_introspection_cpp.dir/rosidl_typesupport_introspection_cpp/control_msgs/msg/detail/multi_dof_state_stamped__type_support.cpp.o\x1b[0m\n'}
[101.060214] (-) TimerEvent: {}
[101.161305] (-) TimerEvent: {}
[101.262282] (-) TimerEvent: {}
[101.363250] (-) TimerEvent: {}
[101.464148] (-) TimerEvent: {}
[101.564981] (-) TimerEvent: {}
[101.620704] (control_msgs) StdoutLine: {'line': b'[ 53%] \x1b[32mBuilding CXX object CMakeFiles/control_msgs__rosidl_typesupport_fastrtps_c.dir/rosidl_typesupport_fastrtps_c/control_msgs/msg/detail/multi_dof_state_stamped__type_support_c.cpp.o\x1b[0m\n'}
[101.665309] (-) TimerEvent: {}
[101.766440] (-) TimerEvent: {}
[101.867782] (-) TimerEvent: {}
[101.969250] (-) TimerEvent: {}
[102.010210] (control_msgs) StdoutLine: {'line': b'[ 53%] \x1b[32mBuilding CXX object CMakeFiles/control_msgs__rosidl_typesupport_fastrtps_cpp.dir/rosidl_typesupport_fastrtps_cpp/control_msgs/msg/detail/dds_fastrtps/multi_dof_state_stamped__type_support.cpp.o\x1b[0m\n'}
[102.069417] (-) TimerEvent: {}
[102.170587] (-) TimerEvent: {}
[102.271954] (-) TimerEvent: {}
[102.373291] (-) TimerEvent: {}
[102.474289] (-) TimerEvent: {}
[102.575376] (-) TimerEvent: {}
[102.676394] (-) TimerEvent: {}
[102.777385] (-) TimerEvent: {}
[102.878369] (-) TimerEvent: {}
[102.979537] (-) TimerEvent: {}
[103.080521] (-) TimerEvent: {}
[103.185249] (-) TimerEvent: {}
[103.286981] (-) TimerEvent: {}
[103.389196] (-) TimerEvent: {}
[103.490747] (-) TimerEvent: {}
[103.592324] (-) TimerEvent: {}
[103.598603] (control_msgs) StdoutLine: {'line': b'[ 54%] \x1b[32mBuilding CXX object CMakeFiles/control_msgs__rosidl_typesupport_introspection_cpp.dir/rosidl_typesupport_introspection_cpp/control_msgs/msg/detail/pid_state__type_support.cpp.o\x1b[0m\n'}
[103.692581] (-) TimerEvent: {}
[103.703645] (control_msgs) StdoutLine: {'line': b'[ 55%] \x1b[32mBuilding CXX object CMakeFiles/control_msgs__rosidl_typesupport_fastrtps_c.dir/rosidl_typesupport_fastrtps_c/control_msgs/msg/detail/pid_state__type_support_c.cpp.o\x1b[0m\n'}
[103.792823] (-) TimerEvent: {}
[103.893642] (-) TimerEvent: {}
[103.994576] (-) TimerEvent: {}
[104.095832] (-) TimerEvent: {}
[104.196711] (-) TimerEvent: {}
[104.297604] (-) TimerEvent: {}
[104.398555] (-) TimerEvent: {}
[104.499669] (-) TimerEvent: {}
[104.600859] (-) TimerEvent: {}
[104.646985] (control_msgs) StdoutLine: {'line': b'[ 56%] \x1b[32mBuilding CXX object CMakeFiles/control_msgs__rosidl_typesupport_fastrtps_cpp.dir/rosidl_typesupport_fastrtps_cpp/control_msgs/msg/detail/dds_fastrtps/pid_state__type_support.cpp.o\x1b[0m\n'}
[104.701082] (-) TimerEvent: {}
[104.802020] (-) TimerEvent: {}
[104.903270] (-) TimerEvent: {}
[105.004796] (-) TimerEvent: {}
[105.106694] (-) TimerEvent: {}
[105.208072] (-) TimerEvent: {}
[105.309830] (-) TimerEvent: {}
[105.411321] (-) TimerEvent: {}
[105.513051] (-) TimerEvent: {}
[105.616159] (-) TimerEvent: {}
[105.719045] (-) TimerEvent: {}
[105.760734] (control_msgs) StdoutLine: {'line': b'[ 56%] \x1b[32mBuilding CXX object CMakeFiles/control_msgs__rosidl_typesupport_fastrtps_c.dir/rosidl_typesupport_fastrtps_c/control_msgs/msg/detail/single_dof_state__type_support_c.cpp.o\x1b[0m\n'}
[105.819262] (-) TimerEvent: {}
[105.920041] (control_msgs) StdoutLine: {'line': b'[ 56%] \x1b[32mBuilding CXX object CMakeFiles/control_msgs__rosidl_typesupport_introspection_cpp.dir/rosidl_typesupport_introspection_cpp/control_msgs/msg/detail/single_dof_state__type_support.cpp.o\x1b[0m\n'}
[105.920810] (-) TimerEvent: {}
[106.022537] (-) TimerEvent: {}
[106.124077] (-) TimerEvent: {}
[106.225537] (-) TimerEvent: {}
[106.327026] (-) TimerEvent: {}
[106.428875] (-) TimerEvent: {}
[106.530709] (-) TimerEvent: {}
[106.632663] (-) TimerEvent: {}
[106.734421] (-) TimerEvent: {}
[106.836207] (-) TimerEvent: {}
[106.937770] (-) TimerEvent: {}
[107.039470] (-) TimerEvent: {}
[107.048309] (control_msgs) StdoutLine: {'line': b'[ 56%] \x1b[32mBuilding CXX object CMakeFiles/control_msgs__rosidl_typesupport_fastrtps_cpp.dir/rosidl_typesupport_fastrtps_cpp/control_msgs/msg/detail/dds_fastrtps/single_dof_state__type_support.cpp.o\x1b[0m\n'}
[107.139695] (-) TimerEvent: {}
[107.241156] (-) TimerEvent: {}
[107.342847] (-) TimerEvent: {}
[107.444293] (-) TimerEvent: {}
[107.545934] (-) TimerEvent: {}
[107.647503] (-) TimerEvent: {}
[107.749309] (-) TimerEvent: {}
[107.850995] (-) TimerEvent: {}
[107.860610] (control_msgs) StdoutLine: {'line': b'[ 57%] \x1b[32mBuilding CXX object CMakeFiles/control_msgs__rosidl_typesupport_fastrtps_c.dir/rosidl_typesupport_fastrtps_c/control_msgs/msg/detail/single_dof_state_stamped__type_support_c.cpp.o\x1b[0m\n'}
[107.951238] (-) TimerEvent: {}
[108.052177] (-) TimerEvent: {}
[108.153186] (-) TimerEvent: {}
[108.186892] (control_msgs) StdoutLine: {'line': b'[ 58%] \x1b[32mBuilding CXX object CMakeFiles/control_msgs__rosidl_typesupport_introspection_cpp.dir/rosidl_typesupport_introspection_cpp/control_msgs/msg/detail/single_dof_state_stamped__type_support.cpp.o\x1b[0m\n'}
[108.253357] (-) TimerEvent: {}
[108.356068] (-) TimerEvent: {}
[108.457018] (-) TimerEvent: {}
[108.558158] (-) TimerEvent: {}
[108.659114] (-) TimerEvent: {}
[108.760089] (-) TimerEvent: {}
[108.862978] (-) TimerEvent: {}
[108.966343] (-) TimerEvent: {}
[109.071909] (-) TimerEvent: {}
[109.174613] (-) TimerEvent: {}
[109.277778] (-) TimerEvent: {}
[109.380533] (-) TimerEvent: {}
[109.483105] (-) TimerEvent: {}
[109.577536] (control_msgs) StdoutLine: {'line': b'[ 59%] \x1b[32mBuilding CXX object CMakeFiles/control_msgs__rosidl_typesupport_fastrtps_cpp.dir/rosidl_typesupport_fastrtps_cpp/control_msgs/msg/detail/dds_fastrtps/single_dof_state_stamped__type_support.cpp.o\x1b[0m\n'}
[109.583373] (-) TimerEvent: {}
[109.686258] (-) TimerEvent: {}
[109.789283] (-) TimerEvent: {}
[109.891633] (-) TimerEvent: {}
[109.994625] (-) TimerEvent: {}
[110.019247] (control_msgs) StdoutLine: {'line': b'[ 59%] \x1b[32mBuilding CXX object CMakeFiles/control_msgs__rosidl_typesupport_fastrtps_c.dir/rosidl_typesupport_fastrtps_c/control_msgs/msg/detail/steering_controller_status__type_support_c.cpp.o\x1b[0m\n'}
[110.094869] (-) TimerEvent: {}
[110.156434] (control_msgs) StdoutLine: {'line': b'[ 59%] \x1b[32mBuilding C object CMakeFiles/control_msgs__rosidl_typesupport_introspection_c.dir/rosidl_typesupport_introspection_c/control_msgs/action/detail/parallel_gripper_command__type_support.c.o\x1b[0m\n'}
[110.195162] (-) TimerEvent: {}
[110.297628] (-) TimerEvent: {}
[110.399659] (-) TimerEvent: {}
[110.481159] (control_msgs) StdoutLine: {'line': b'[ 60%] \x1b[32mBuilding C object CMakeFiles/control_msgs__rosidl_typesupport_introspection_c.dir/rosidl_typesupport_introspection_c/control_msgs/action/detail/follow_joint_trajectory__type_support.c.o\x1b[0m\n'}
[110.499897] (-) TimerEvent: {}
[110.582345] (control_msgs) StdoutLine: {'line': b'[ 60%] \x1b[32mBuilding CXX object CMakeFiles/control_msgs__rosidl_typesupport_introspection_cpp.dir/rosidl_typesupport_introspection_cpp/control_msgs/msg/detail/steering_controller_status__type_support.cpp.o\x1b[0m\n'}
[110.600195] (-) TimerEvent: {}
[110.702705] (-) TimerEvent: {}
[110.805033] (-) TimerEvent: {}
[110.907485] (-) TimerEvent: {}
[110.976621] (control_msgs) StdoutLine: {'line': b'[ 60%] \x1b[32mBuilding C object CMakeFiles/control_msgs__rosidl_typesupport_introspection_c.dir/rosidl_typesupport_introspection_c/control_msgs/action/detail/gripper_command__type_support.c.o\x1b[0m\n'}
[111.007728] (-) TimerEvent: {}
[111.110101] (-) TimerEvent: {}
[111.212453] (-) TimerEvent: {}
[111.312608] (control_msgs) StdoutLine: {'line': b'[ 61%] \x1b[32mBuilding C object CMakeFiles/control_msgs__rosidl_typesupport_introspection_c.dir/rosidl_typesupport_introspection_c/control_msgs/action/detail/joint_trajectory__type_support.c.o\x1b[0m\n'}
[111.313883] (-) TimerEvent: {}
[111.416564] (-) TimerEvent: {}
[111.519282] (-) TimerEvent: {}
[111.622565] (-) TimerEvent: {}
[111.690115] (control_msgs) StdoutLine: {'line': b'[ 61%] \x1b[32mBuilding C object CMakeFiles/control_msgs__rosidl_typesupport_introspection_c.dir/rosidl_typesupport_introspection_c/control_msgs/action/detail/point_head__type_support.c.o\x1b[0m\n'}
[111.722864] (-) TimerEvent: {}
[111.826138] (-) TimerEvent: {}
[111.929497] (-) TimerEvent: {}
[112.013074] (control_msgs) StdoutLine: {'line': b'[ 61%] \x1b[32mBuilding CXX object CMakeFiles/control_msgs__rosidl_typesupport_fastrtps_cpp.dir/rosidl_typesupport_fastrtps_cpp/control_msgs/msg/detail/dds_fastrtps/steering_controller_status__type_support.cpp.o\x1b[0m\n'}
[112.029664] (-) TimerEvent: {}
[112.088035] (control_msgs) StdoutLine: {'line': b'[ 62%] \x1b[32mBuilding C object CMakeFiles/control_msgs__rosidl_typesupport_introspection_c.dir/rosidl_typesupport_introspection_c/control_msgs/action/detail/single_joint_position__type_support.c.o\x1b[0m\n'}
[112.110326] (control_msgs) StdoutLine: {'line': b'[ 62%] \x1b[32mBuilding CXX object CMakeFiles/control_msgs__rosidl_typesupport_fastrtps_c.dir/rosidl_typesupport_fastrtps_c/control_msgs/srv/detail/query_calibration_state__type_support_c.cpp.o\x1b[0m\n'}
[112.129921] (-) TimerEvent: {}
[112.232150] (-) TimerEvent: {}
[112.334582] (-) TimerEvent: {}
[112.384276] (control_msgs) StdoutLine: {'line': b'[ 62%] \x1b[32mBuilding C object CMakeFiles/control_msgs__rosidl_typesupport_introspection_c.dir/rosidl_typesupport_introspection_c/control_msgs/msg/detail/admittance_controller_state__type_support.c.o\x1b[0m\n'}
[112.434770] (-) TimerEvent: {}
[112.536766] (-) TimerEvent: {}
[112.638857] (-) TimerEvent: {}
[112.690519] (control_msgs) StdoutLine: {'line': b'[ 62%] \x1b[32mBuilding C object CMakeFiles/control_msgs__rosidl_typesupport_introspection_c.dir/rosidl_typesupport_introspection_c/control_msgs/msg/detail/dynamic_interface_group_values__type_support.c.o\x1b[0m\n'}
[112.739089] (-) TimerEvent: {}
[112.841286] (-) TimerEvent: {}
[112.943778] (-) TimerEvent: {}
[112.966788] (control_msgs) StdoutLine: {'line': b'[ 63%] \x1b[32mBuilding C object CMakeFiles/control_msgs__rosidl_typesupport_introspection_c.dir/rosidl_typesupport_introspection_c/control_msgs/msg/detail/dynamic_joint_state__type_support.c.o\x1b[0m\n'}
[113.043987] (-) TimerEvent: {}
[113.135113] (control_msgs) StdoutLine: {'line': b'[ 64%] \x1b[32mBuilding CXX object CMakeFiles/control_msgs__rosidl_typesupport_introspection_cpp.dir/rosidl_typesupport_introspection_cpp/control_msgs/srv/detail/query_calibration_state__type_support.cpp.o\x1b[0m\n'}
[113.144289] (-) TimerEvent: {}
[113.237341] (control_msgs) StdoutLine: {'line': b'[ 64%] \x1b[32mBuilding C object CMakeFiles/control_msgs__rosidl_typesupport_introspection_c.dir/rosidl_typesupport_introspection_c/control_msgs/msg/detail/gripper_command__type_support.c.o\x1b[0m\n'}
[113.244497] (-) TimerEvent: {}
[113.345823] (-) TimerEvent: {}
[113.447959] (-) TimerEvent: {}
[113.450599] (control_msgs) StdoutLine: {'line': b'[ 65%] \x1b[32mBuilding C object CMakeFiles/control_msgs__rosidl_typesupport_introspection_c.dir/rosidl_typesupport_introspection_c/control_msgs/msg/detail/interface_value__type_support.c.o\x1b[0m\n'}
[113.548192] (-) TimerEvent: {}
[113.650524] (-) TimerEvent: {}
[113.717056] (control_msgs) StdoutLine: {'line': b'[ 65%] \x1b[32mBuilding C object CMakeFiles/control_msgs__rosidl_typesupport_introspection_c.dir/rosidl_typesupport_introspection_c/control_msgs/msg/detail/joint_component_tolerance__type_support.c.o\x1b[0m\n'}
[113.750817] (-) TimerEvent: {}
[113.853329] (-) TimerEvent: {}
[113.952942] (control_msgs) StdoutLine: {'line': b'[ 66%] \x1b[32mBuilding C object CMakeFiles/control_msgs__rosidl_typesupport_introspection_c.dir/rosidl_typesupport_introspection_c/control_msgs/msg/detail/joint_controller_state__type_support.c.o\x1b[0m\n'}
[113.954147] (-) TimerEvent: {}
[114.057064] (-) TimerEvent: {}
[114.159333] (-) TimerEvent: {}
[114.198471] (control_msgs) StdoutLine: {'line': b'[ 67%] \x1b[32mBuilding CXX object CMakeFiles/control_msgs__rosidl_typesupport_fastrtps_c.dir/rosidl_typesupport_fastrtps_c/control_msgs/srv/detail/query_trajectory_state__type_support_c.cpp.o\x1b[0m\n'}
[114.202606] (control_msgs) StdoutLine: {'line': b'[ 67%] \x1b[32mBuilding C object CMakeFiles/control_msgs__rosidl_typesupport_introspection_c.dir/rosidl_typesupport_introspection_c/control_msgs/msg/detail/joint_jog__type_support.c.o\x1b[0m\n'}
[114.259555] (-) TimerEvent: {}
[114.361497] (-) TimerEvent: {}
[114.464120] (-) TimerEvent: {}
[114.475078] (control_msgs) StdoutLine: {'line': b'[ 68%] \x1b[32mBuilding C object CMakeFiles/control_msgs__rosidl_typesupport_introspection_c.dir/rosidl_typesupport_introspection_c/control_msgs/msg/detail/joint_tolerance__type_support.c.o\x1b[0m\n'}
[114.564353] (-) TimerEvent: {}
[114.666424] (-) TimerEvent: {}
[114.691078] (control_msgs) StdoutLine: {'line': b'[ 68%] \x1b[32mBuilding CXX object CMakeFiles/control_msgs__rosidl_typesupport_fastrtps_cpp.dir/rosidl_typesupport_fastrtps_cpp/control_msgs/srv/detail/dds_fastrtps/query_calibration_state__type_support.cpp.o\x1b[0m\n'}
[114.693704] (control_msgs) StdoutLine: {'line': b'[ 68%] \x1b[32mBuilding C object CMakeFiles/control_msgs__rosidl_typesupport_introspection_c.dir/rosidl_typesupport_introspection_c/control_msgs/msg/detail/joint_trajectory_controller_state__type_support.c.o\x1b[0m\n'}
[114.766669] (-) TimerEvent: {}
[114.869026] (-) TimerEvent: {}
[114.971272] (-) TimerEvent: {}
[114.996401] (control_msgs) StdoutLine: {'line': b'[ 68%] \x1b[32mBuilding C object CMakeFiles/control_msgs__rosidl_typesupport_introspection_c.dir/rosidl_typesupport_introspection_c/control_msgs/msg/detail/mecanum_drive_controller_state__type_support.c.o\x1b[0m\n'}
[115.071536] (-) TimerEvent: {}
[115.173795] (-) TimerEvent: {}
[115.255740] (control_msgs) StdoutLine: {'line': b'[ 69%] \x1b[32mBuilding C object CMakeFiles/control_msgs__rosidl_typesupport_introspection_c.dir/rosidl_typesupport_introspection_c/control_msgs/msg/detail/multi_dof_command__type_support.c.o\x1b[0m\n'}
[115.274043] (-) TimerEvent: {}
[115.376672] (-) TimerEvent: {}
[115.480243] (-) TimerEvent: {}
[115.509630] (control_msgs) StdoutLine: {'line': b'[ 69%] \x1b[32mBuilding CXX object CMakeFiles/control_msgs__rosidl_typesupport_introspection_cpp.dir/rosidl_typesupport_introspection_cpp/control_msgs/srv/detail/query_trajectory_state__type_support.cpp.o\x1b[0m\n'}
[115.543353] (control_msgs) StdoutLine: {'line': b'[ 69%] \x1b[32mBuilding C object CMakeFiles/control_msgs__rosidl_typesupport_introspection_c.dir/rosidl_typesupport_introspection_c/control_msgs/msg/detail/multi_dof_state_stamped__type_support.c.o\x1b[0m\n'}
[115.580562] (-) TimerEvent: {}
[115.683073] (-) TimerEvent: {}
[115.785861] (-) TimerEvent: {}
[115.791985] (control_msgs) StdoutLine: {'line': b'[ 70%] \x1b[32mBuilding C object CMakeFiles/control_msgs__rosidl_typesupport_introspection_c.dir/rosidl_typesupport_introspection_c/control_msgs/msg/detail/pid_state__type_support.c.o\x1b[0m\n'}
[115.886065] (-) TimerEvent: {}
[115.988240] (-) TimerEvent: {}
[116.027164] (control_msgs) StdoutLine: {'line': b'[ 70%] \x1b[32mBuilding C object CMakeFiles/control_msgs__rosidl_typesupport_introspection_c.dir/rosidl_typesupport_introspection_c/control_msgs/msg/detail/single_dof_state__type_support.c.o\x1b[0m\n'}
[116.088472] (-) TimerEvent: {}
[116.190593] (-) TimerEvent: {}
[116.255972] (control_msgs) StdoutLine: {'line': b'[ 71%] \x1b[32mBuilding C object CMakeFiles/control_msgs__rosidl_typesupport_introspection_c.dir/rosidl_typesupport_introspection_c/control_msgs/msg/detail/single_dof_state_stamped__type_support.c.o\x1b[0m\n'}
[116.290856] (-) TimerEvent: {}
[116.348816] (control_msgs) StdoutLine: {'line': b'[ 71%] \x1b[32m\x1b[1mLinking CXX shared library libcontrol_msgs__rosidl_typesupport_fastrtps_c.so\x1b[0m\n'}
[116.391113] (-) TimerEvent: {}
[116.493283] (-) TimerEvent: {}
[116.498886] (control_msgs) StdoutLine: {'line': b'[ 71%] \x1b[32mBuilding C object CMakeFiles/control_msgs__rosidl_typesupport_introspection_c.dir/rosidl_typesupport_introspection_c/control_msgs/msg/detail/steering_controller_status__type_support.c.o\x1b[0m\n'}
[116.593506] (-) TimerEvent: {}
[116.696274] (-) TimerEvent: {}
[116.798791] (-) TimerEvent: {}
[116.843621] (control_msgs) StdoutLine: {'line': b'[ 72%] \x1b[32mBuilding C object CMakeFiles/control_msgs__rosidl_typesupport_introspection_c.dir/rosidl_typesupport_introspection_c/control_msgs/srv/detail/query_calibration_state__type_support.c.o\x1b[0m\n'}
[116.867266] (control_msgs) StdoutLine: {'line': b'[ 72%] Built target control_msgs__rosidl_typesupport_fastrtps_c\n'}
[116.899022] (-) TimerEvent: {}
[116.906999] (control_msgs) StdoutLine: {'line': b'[ 72%] \x1b[32mBuilding C object CMakeFiles/control_msgs__rosidl_typesupport_introspection_c.dir/rosidl_typesupport_introspection_c/control_msgs/srv/detail/query_trajectory_state__type_support.c.o\x1b[0m\n'}
[116.999276] (-) TimerEvent: {}
[117.076242] (control_msgs) StdoutLine: {'line': b'[ 73%] \x1b[32mBuilding CXX object CMakeFiles/control_msgs__rosidl_typesupport_fastrtps_cpp.dir/rosidl_typesupport_fastrtps_cpp/control_msgs/srv/detail/dds_fastrtps/query_trajectory_state__type_support.cpp.o\x1b[0m\n'}
[117.099567] (-) TimerEvent: {}
[117.202482] (-) TimerEvent: {}
[117.208347] (control_msgs) StdoutLine: {'line': b'[ 73%] \x1b[32m\x1b[1mLinking C shared library libcontrol_msgs__rosidl_typesupport_introspection_c.so\x1b[0m\n'}
[117.224916] (control_msgs) StdoutLine: {'line': b'[ 74%] \x1b[34m\x1b[1mGenerating C type support dispatch for ROS interfaces\x1b[0m\n'}
[117.302757] (-) TimerEvent: {}
[117.404845] (-) TimerEvent: {}
[117.474744] (control_msgs) StdoutLine: {'line': b'[ 74%] Built target control_msgs__rosidl_typesupport_introspection_c\n'}
[117.505034] (-) TimerEvent: {}
[117.607009] (-) TimerEvent: {}
[117.708702] (-) TimerEvent: {}
[117.810706] (-) TimerEvent: {}
[117.911653] (-) TimerEvent: {}
[118.012745] (-) TimerEvent: {}
[118.113727] (-) TimerEvent: {}
[118.214649] (-) TimerEvent: {}
[118.315519] (-) TimerEvent: {}
[118.349287] (control_msgs) StdoutLine: {'line': b'[ 75%] \x1b[32m\x1b[1mLinking CXX shared library libcontrol_msgs__rosidl_typesupport_introspection_cpp.so\x1b[0m\n'}
[118.415710] (-) TimerEvent: {}
[118.516456] (-) TimerEvent: {}
[118.617317] (-) TimerEvent: {}
[118.718307] (-) TimerEvent: {}
[118.819025] (-) TimerEvent: {}
[118.904803] (control_msgs) StdoutLine: {'line': b'[ 75%] Built target control_msgs__rosidl_typesupport_introspection_cpp\n'}
[118.919303] (-) TimerEvent: {}
[119.020926] (-) TimerEvent: {}
[119.121697] (-) TimerEvent: {}
[119.222513] (-) TimerEvent: {}
[119.323569] (-) TimerEvent: {}
[119.424261] (-) TimerEvent: {}
[119.524966] (-) TimerEvent: {}
[119.625650] (-) TimerEvent: {}
[119.726310] (-) TimerEvent: {}
[119.728643] (control_msgs) StdoutLine: {'line': b'[ 75%] \x1b[32m\x1b[1mLinking CXX shared library libcontrol_msgs__rosidl_typesupport_fastrtps_cpp.so\x1b[0m\n'}
[119.826521] (-) TimerEvent: {}
[119.927323] (-) TimerEvent: {}
[120.028277] (-) TimerEvent: {}
[120.129277] (-) TimerEvent: {}
[120.192004] (control_msgs) StdoutLine: {'line': b'[ 75%] Built target control_msgs__rosidl_typesupport_fastrtps_cpp\n'}
[120.229427] (-) TimerEvent: {}
[120.330012] (-) TimerEvent: {}
[120.430603] (-) TimerEvent: {}
[120.531263] (-) TimerEvent: {}
[120.631840] (-) TimerEvent: {}
[120.732441] (-) TimerEvent: {}
[120.833074] (-) TimerEvent: {}
[120.933697] (-) TimerEvent: {}
[121.034284] (-) TimerEvent: {}
[121.134874] (-) TimerEvent: {}
[121.235496] (-) TimerEvent: {}
[121.336097] (-) TimerEvent: {}
[121.436733] (-) TimerEvent: {}
[121.537386] (-) TimerEvent: {}
[121.638005] (-) TimerEvent: {}
[121.738620] (-) TimerEvent: {}
[121.839232] (-) TimerEvent: {}
[121.939856] (-) TimerEvent: {}
[122.040466] (-) TimerEvent: {}
[122.141135] (-) TimerEvent: {}
[122.241739] (-) TimerEvent: {}
[122.342370] (-) TimerEvent: {}
[122.442995] (-) TimerEvent: {}
[122.543559] (-) TimerEvent: {}
[122.644201] (-) TimerEvent: {}
[122.744840] (-) TimerEvent: {}
[122.845554] (-) TimerEvent: {}
[122.946179] (-) TimerEvent: {}
[123.046784] (-) TimerEvent: {}
[123.147398] (-) TimerEvent: {}
[123.253639] (-) TimerEvent: {}
[123.354370] (-) TimerEvent: {}
[123.455107] (-) TimerEvent: {}
[123.555761] (-) TimerEvent: {}
[123.656372] (-) TimerEvent: {}
[123.757025] (-) TimerEvent: {}
[123.857678] (-) TimerEvent: {}
[123.958319] (-) TimerEvent: {}
[124.058957] (-) TimerEvent: {}
[124.159610] (-) TimerEvent: {}
[124.260245] (-) TimerEvent: {}
[124.360819] (-) TimerEvent: {}
[124.461437] (-) TimerEvent: {}
[124.562028] (-) TimerEvent: {}
[124.662608] (-) TimerEvent: {}
[124.763275] (-) TimerEvent: {}
[124.863907] (-) TimerEvent: {}
[124.964535] (-) TimerEvent: {}
[125.065192] (-) TimerEvent: {}
[125.165883] (-) TimerEvent: {}
[125.266653] (-) TimerEvent: {}
[125.367372] (-) TimerEvent: {}
[125.468132] (-) TimerEvent: {}
[125.568740] (-) TimerEvent: {}
[125.669361] (-) TimerEvent: {}
[125.769962] (-) TimerEvent: {}
[125.870593] (-) TimerEvent: {}
[125.971223] (-) TimerEvent: {}
[126.071812] (-) TimerEvent: {}
[126.172420] (-) TimerEvent: {}
[126.273011] (-) TimerEvent: {}
[126.373699] (-) TimerEvent: {}
[126.474628] (-) TimerEvent: {}
[126.575520] (-) TimerEvent: {}
[126.676402] (-) TimerEvent: {}
[126.749774] (control_msgs) StdoutLine: {'line': b'[ 75%] \x1b[32mBuilding CXX object CMakeFiles/control_msgs__rosidl_typesupport_c.dir/rosidl_typesupport_c/control_msgs/action/parallel_gripper_command__type_support.cpp.o\x1b[0m\n'}
[126.753229] (control_msgs) StdoutLine: {'line': b'[ 76%] \x1b[32mBuilding CXX object CMakeFiles/control_msgs__rosidl_typesupport_c.dir/rosidl_typesupport_c/control_msgs/action/follow_joint_trajectory__type_support.cpp.o\x1b[0m\n'}
[126.754334] (control_msgs) StdoutLine: {'line': b'[ 76%] \x1b[32mBuilding CXX object CMakeFiles/control_msgs__rosidl_typesupport_c.dir/rosidl_typesupport_c/control_msgs/action/gripper_command__type_support.cpp.o\x1b[0m\n'}
[126.757941] (control_msgs) StdoutLine: {'line': b'[ 76%] \x1b[32mBuilding CXX object CMakeFiles/control_msgs__rosidl_typesupport_c.dir/rosidl_typesupport_c/control_msgs/action/joint_trajectory__type_support.cpp.o\x1b[0m\n'}
[126.776723] (-) TimerEvent: {}
[126.878535] (-) TimerEvent: {}
[126.979664] (-) TimerEvent: {}
[127.033809] (control_msgs) StdoutLine: {'line': b'[ 77%] \x1b[32mBuilding CXX object CMakeFiles/control_msgs__rosidl_typesupport_c.dir/rosidl_typesupport_c/control_msgs/action/point_head__type_support.cpp.o\x1b[0m\n'}
[127.037566] (control_msgs) StdoutLine: {'line': b'[ 77%] \x1b[32mBuilding CXX object CMakeFiles/control_msgs__rosidl_typesupport_c.dir/rosidl_typesupport_c/control_msgs/action/single_joint_position__type_support.cpp.o\x1b[0m\n'}
[127.039726] (control_msgs) StdoutLine: {'line': b'[ 78%] \x1b[32mBuilding CXX object CMakeFiles/control_msgs__rosidl_typesupport_c.dir/rosidl_typesupport_c/control_msgs/msg/admittance_controller_state__type_support.cpp.o\x1b[0m\n'}
[127.058740] (control_msgs) StdoutLine: {'line': b'[ 78%] \x1b[32mBuilding CXX object CMakeFiles/control_msgs__rosidl_typesupport_c.dir/rosidl_typesupport_c/control_msgs/msg/dynamic_interface_group_values__type_support.cpp.o\x1b[0m\n'}
[127.079974] (-) TimerEvent: {}
[127.181598] (-) TimerEvent: {}
[127.225827] (control_msgs) StdoutLine: {'line': b'[ 79%] \x1b[32mBuilding CXX object CMakeFiles/control_msgs__rosidl_typesupport_c.dir/rosidl_typesupport_c/control_msgs/msg/dynamic_joint_state__type_support.cpp.o\x1b[0m\n'}
[127.240714] (control_msgs) StdoutLine: {'line': b'[ 79%] \x1b[32mBuilding CXX object CMakeFiles/control_msgs__rosidl_typesupport_c.dir/rosidl_typesupport_c/control_msgs/msg/gripper_command__type_support.cpp.o\x1b[0m\n'}
[127.281794] (-) TimerEvent: {}
[127.324950] (control_msgs) StdoutLine: {'line': b'[ 80%] \x1b[32mBuilding CXX object CMakeFiles/control_msgs__rosidl_typesupport_c.dir/rosidl_typesupport_c/control_msgs/msg/interface_value__type_support.cpp.o\x1b[0m\n'}
[127.326665] (control_msgs) StdoutLine: {'line': b'[ 80%] \x1b[32mBuilding CXX object CMakeFiles/control_msgs__rosidl_typesupport_c.dir/rosidl_typesupport_c/control_msgs/msg/joint_component_tolerance__type_support.cpp.o\x1b[0m\n'}
[127.381995] (-) TimerEvent: {}
[127.400796] (control_msgs) StdoutLine: {'line': b'[ 80%] \x1b[32mBuilding CXX object CMakeFiles/control_msgs__rosidl_typesupport_c.dir/rosidl_typesupport_c/control_msgs/msg/joint_controller_state__type_support.cpp.o\x1b[0m\n'}
[127.412598] (control_msgs) StdoutLine: {'line': b'[ 81%] \x1b[32mBuilding CXX object CMakeFiles/control_msgs__rosidl_typesupport_c.dir/rosidl_typesupport_c/control_msgs/msg/joint_jog__type_support.cpp.o\x1b[0m\n'}
[127.482205] (-) TimerEvent: {}
[127.497276] (control_msgs) StdoutLine: {'line': b'[ 81%] \x1b[32mBuilding CXX object CMakeFiles/control_msgs__rosidl_typesupport_c.dir/rosidl_typesupport_c/control_msgs/msg/joint_tolerance__type_support.cpp.o\x1b[0m\n'}
[127.510036] (control_msgs) StdoutLine: {'line': b'[ 82%] \x1b[32mBuilding CXX object CMakeFiles/control_msgs__rosidl_typesupport_c.dir/rosidl_typesupport_c/control_msgs/msg/joint_trajectory_controller_state__type_support.cpp.o\x1b[0m\n'}
[127.575607] (control_msgs) StdoutLine: {'line': b'[ 82%] \x1b[32mBuilding CXX object CMakeFiles/control_msgs__rosidl_typesupport_c.dir/rosidl_typesupport_c/control_msgs/msg/mecanum_drive_controller_state__type_support.cpp.o\x1b[0m\n'}
[127.582441] (-) TimerEvent: {}
[127.586723] (control_msgs) StdoutLine: {'line': b'[ 83%] \x1b[32mBuilding CXX object CMakeFiles/control_msgs__rosidl_typesupport_c.dir/rosidl_typesupport_c/control_msgs/msg/multi_dof_command__type_support.cpp.o\x1b[0m\n'}
[127.662765] (control_msgs) StdoutLine: {'line': b'[ 83%] \x1b[32mBuilding CXX object CMakeFiles/control_msgs__rosidl_typesupport_c.dir/rosidl_typesupport_c/control_msgs/msg/multi_dof_state_stamped__type_support.cpp.o\x1b[0m\n'}
[127.682811] (-) TimerEvent: {}
[127.693709] (control_msgs) StdoutLine: {'line': b'[ 84%] \x1b[32mBuilding CXX object CMakeFiles/control_msgs__rosidl_typesupport_c.dir/rosidl_typesupport_c/control_msgs/msg/pid_state__type_support.cpp.o\x1b[0m\n'}
[127.748879] (control_msgs) StdoutLine: {'line': b'[ 84%] \x1b[32mBuilding CXX object CMakeFiles/control_msgs__rosidl_typesupport_c.dir/rosidl_typesupport_c/control_msgs/msg/single_dof_state__type_support.cpp.o\x1b[0m\n'}
[127.758095] (control_msgs) StdoutLine: {'line': b'[ 84%] \x1b[32mBuilding CXX object CMakeFiles/control_msgs__rosidl_typesupport_c.dir/rosidl_typesupport_c/control_msgs/msg/single_dof_state_stamped__type_support.cpp.o\x1b[0m\n'}
[127.783034] (-) TimerEvent: {}
[127.858483] (control_msgs) StdoutLine: {'line': b'[ 85%] \x1b[32mBuilding CXX object CMakeFiles/control_msgs__rosidl_typesupport_c.dir/rosidl_typesupport_c/control_msgs/msg/steering_controller_status__type_support.cpp.o\x1b[0m\n'}
[127.863254] (control_msgs) StdoutLine: {'line': b'[ 85%] \x1b[32mBuilding CXX object CMakeFiles/control_msgs__rosidl_typesupport_c.dir/rosidl_typesupport_c/control_msgs/srv/query_calibration_state__type_support.cpp.o\x1b[0m\n'}
[127.883304] (-) TimerEvent: {}
[127.933517] (control_msgs) StdoutLine: {'line': b'[ 86%] \x1b[32mBuilding CXX object CMakeFiles/control_msgs__rosidl_typesupport_c.dir/rosidl_typesupport_c/control_msgs/srv/query_trajectory_state__type_support.cpp.o\x1b[0m\n'}
[127.983527] (-) TimerEvent: {}
[128.084676] (-) TimerEvent: {}
[128.093026] (control_msgs) StdoutLine: {'line': b'[ 86%] \x1b[32m\x1b[1mLinking CXX shared library libcontrol_msgs__rosidl_typesupport_c.so\x1b[0m\n'}
[128.184904] (-) TimerEvent: {}
[128.285661] (-) TimerEvent: {}
[128.317168] (control_msgs) StdoutLine: {'line': b'[ 86%] Built target control_msgs__rosidl_typesupport_c\n'}
[128.385951] (-) TimerEvent: {}
[128.401002] (control_msgs) StdoutLine: {'line': b'[ 86%] Built target control_msgs\n'}
[128.486219] (-) TimerEvent: {}
[128.494701] (control_msgs) StdoutLine: {'line': b'[ 86%] \x1b[34m\x1b[1mGenerating Python code for ROS interfaces\x1b[0m\n'}
[128.586355] (-) TimerEvent: {}
[128.686957] (-) TimerEvent: {}
[128.787552] (-) TimerEvent: {}
[128.888152] (-) TimerEvent: {}
[128.988762] (-) TimerEvent: {}
[129.089403] (-) TimerEvent: {}
[129.189996] (-) TimerEvent: {}
[129.290643] (-) TimerEvent: {}
[129.391231] (-) TimerEvent: {}
[129.491833] (-) TimerEvent: {}
[129.592378] (-) TimerEvent: {}
[129.692941] (-) TimerEvent: {}
[129.793517] (-) TimerEvent: {}
[129.894088] (-) TimerEvent: {}
[129.994675] (-) TimerEvent: {}
[130.095256] (-) TimerEvent: {}
[130.195945] (-) TimerEvent: {}
[130.296893] (-) TimerEvent: {}
[130.397503] (-) TimerEvent: {}
[130.498060] (-) TimerEvent: {}
[130.598626] (-) TimerEvent: {}
[130.699178] (-) TimerEvent: {}
[130.799757] (-) TimerEvent: {}
[130.900438] (-) TimerEvent: {}
[131.001312] (-) TimerEvent: {}
[131.101900] (-) TimerEvent: {}
[131.202543] (-) TimerEvent: {}
[131.303219] (-) TimerEvent: {}
[131.403843] (-) TimerEvent: {}
[131.504469] (-) TimerEvent: {}
[131.605031] (-) TimerEvent: {}
[131.705611] (-) TimerEvent: {}
[131.806222] (-) TimerEvent: {}
[131.906859] (-) TimerEvent: {}
[132.007436] (-) TimerEvent: {}
[132.108026] (-) TimerEvent: {}
[132.208623] (-) TimerEvent: {}
[132.309210] (-) TimerEvent: {}
[132.409788] (-) TimerEvent: {}
[132.510379] (-) TimerEvent: {}
[132.610946] (-) TimerEvent: {}
[132.711558] (-) TimerEvent: {}
[132.812132] (-) TimerEvent: {}
[132.912717] (-) TimerEvent: {}
[133.013366] (-) TimerEvent: {}
[133.113950] (-) TimerEvent: {}
[133.214523] (-) TimerEvent: {}
[133.315298] (-) TimerEvent: {}
[133.415901] (-) TimerEvent: {}
[133.516465] (-) TimerEvent: {}
[133.617040] (-) TimerEvent: {}
[133.717629] (-) TimerEvent: {}
[133.818212] (-) TimerEvent: {}
[133.919120] (-) TimerEvent: {}
[134.019714] (-) TimerEvent: {}
[134.120292] (-) TimerEvent: {}
[134.220859] (-) TimerEvent: {}
[134.321516] (-) TimerEvent: {}
[134.422067] (-) TimerEvent: {}
[134.522628] (-) TimerEvent: {}
[134.623195] (-) TimerEvent: {}
[134.723811] (-) TimerEvent: {}
[134.824356] (-) TimerEvent: {}
[134.924924] (-) TimerEvent: {}
[135.025498] (-) TimerEvent: {}
[135.126037] (-) TimerEvent: {}
[135.226588] (-) TimerEvent: {}
[135.327172] (-) TimerEvent: {}
[135.427776] (-) TimerEvent: {}
[135.528328] (-) TimerEvent: {}
[135.628900] (-) TimerEvent: {}
[135.729469] (-) TimerEvent: {}
[135.830059] (-) TimerEvent: {}
[135.930647] (-) TimerEvent: {}
[136.031242] (-) TimerEvent: {}
[136.131798] (-) TimerEvent: {}
[136.232414] (-) TimerEvent: {}
[136.332994] (-) TimerEvent: {}
[136.433572] (-) TimerEvent: {}
[136.534123] (-) TimerEvent: {}
[136.634676] (-) TimerEvent: {}
[136.735245] (-) TimerEvent: {}
[136.835859] (-) TimerEvent: {}
[136.936444] (-) TimerEvent: {}
[137.037018] (-) TimerEvent: {}
[137.137593] (-) TimerEvent: {}
[137.238141] (-) TimerEvent: {}
[137.338688] (-) TimerEvent: {}
[137.439249] (-) TimerEvent: {}
[137.539845] (-) TimerEvent: {}
[137.640408] (-) TimerEvent: {}
[137.740981] (-) TimerEvent: {}
[137.841619] (-) TimerEvent: {}
[137.942209] (-) TimerEvent: {}
[138.042785] (-) TimerEvent: {}
[138.143336] (-) TimerEvent: {}
[138.243899] (-) TimerEvent: {}
[138.344576] (-) TimerEvent: {}
[138.445192] (-) TimerEvent: {}
[138.545739] (-) TimerEvent: {}
[138.646305] (-) TimerEvent: {}
[138.746864] (-) TimerEvent: {}
[138.847447] (-) TimerEvent: {}
[138.948098] (-) TimerEvent: {}
[139.048717] (-) TimerEvent: {}
[139.149320] (-) TimerEvent: {}
[139.249916] (-) TimerEvent: {}
[139.350487] (-) TimerEvent: {}
[139.451052] (-) TimerEvent: {}
[139.551637] (-) TimerEvent: {}
[139.652229] (-) TimerEvent: {}
[139.752839] (-) TimerEvent: {}
[139.853441] (-) TimerEvent: {}
[139.954042] (-) TimerEvent: {}
[140.054617] (-) TimerEvent: {}
[140.155161] (-) TimerEvent: {}
[140.255731] (-) TimerEvent: {}
[140.356313] (-) TimerEvent: {}
[140.456915] (-) TimerEvent: {}
[140.557520] (-) TimerEvent: {}
[140.658091] (-) TimerEvent: {}
[140.758674] (-) TimerEvent: {}
[140.859268] (-) TimerEvent: {}
[140.959888] (-) TimerEvent: {}
[141.060464] (-) TimerEvent: {}
[141.161033] (-) TimerEvent: {}
[141.261634] (-) TimerEvent: {}
[141.362233] (-) TimerEvent: {}
[141.462824] (-) TimerEvent: {}
[141.563403] (-) TimerEvent: {}
[141.663955] (-) TimerEvent: {}
[141.764511] (-) TimerEvent: {}
[141.865150] (-) TimerEvent: {}
[141.965850] (-) TimerEvent: {}
[142.066619] (-) TimerEvent: {}
[142.167287] (-) TimerEvent: {}
[142.267854] (-) TimerEvent: {}
[142.368473] (-) TimerEvent: {}
[142.469078] (-) TimerEvent: {}
[142.569680] (-) TimerEvent: {}
[142.670260] (-) TimerEvent: {}
[142.770847] (-) TimerEvent: {}
[142.871452] (-) TimerEvent: {}
[142.972062] (-) TimerEvent: {}
[143.072705] (-) TimerEvent: {}
[143.173309] (-) TimerEvent: {}
[143.273900] (-) TimerEvent: {}
[143.374650] (-) TimerEvent: {}
[143.475221] (-) TimerEvent: {}
[143.575797] (-) TimerEvent: {}
[143.676344] (-) TimerEvent: {}
[143.776927] (-) TimerEvent: {}
[143.877580] (-) TimerEvent: {}
[143.978199] (-) TimerEvent: {}
[144.078802] (-) TimerEvent: {}
[144.179395] (-) TimerEvent: {}
[144.279982] (-) TimerEvent: {}
[144.380568] (-) TimerEvent: {}
[144.481173] (-) TimerEvent: {}
[144.581769] (-) TimerEvent: {}
[144.682354] (-) TimerEvent: {}
[144.782941] (-) TimerEvent: {}
[144.883586] (-) TimerEvent: {}
[144.984169] (-) TimerEvent: {}
[145.084744] (-) TimerEvent: {}
[145.185377] (-) TimerEvent: {}
[145.285987] (-) TimerEvent: {}
[145.386581] (-) TimerEvent: {}
[145.487193] (-) TimerEvent: {}
[145.587795] (-) TimerEvent: {}
[145.688382] (-) TimerEvent: {}
[145.788964] (-) TimerEvent: {}
[145.889612] (-) TimerEvent: {}
[145.990202] (-) TimerEvent: {}
[146.090806] (-) TimerEvent: {}
[146.191384] (-) TimerEvent: {}
[146.291992] (-) TimerEvent: {}
[146.392547] (-) TimerEvent: {}
[146.493202] (-) TimerEvent: {}
[146.593740] (-) TimerEvent: {}
[146.694290] (-) TimerEvent: {}
[146.794837] (-) TimerEvent: {}
[146.895447] (-) TimerEvent: {}
[146.996066] (-) TimerEvent: {}
[147.096665] (-) TimerEvent: {}
[147.197215] (-) TimerEvent: {}
[147.297779] (-) TimerEvent: {}
[147.398337] (-) TimerEvent: {}
[147.498909] (-) TimerEvent: {}
[147.599518] (-) TimerEvent: {}
[147.700117] (-) TimerEvent: {}
[147.800736] (-) TimerEvent: {}
[147.901384] (-) TimerEvent: {}
[148.002067] (-) TimerEvent: {}
[148.102762] (-) TimerEvent: {}
[148.203364] (-) TimerEvent: {}
[148.303958] (-) TimerEvent: {}
[148.404557] (-) TimerEvent: {}
[148.505200] (-) TimerEvent: {}
[148.605790] (-) TimerEvent: {}
[148.706449] (-) TimerEvent: {}
[148.807248] (-) TimerEvent: {}
[148.907860] (-) TimerEvent: {}
[149.008466] (-) TimerEvent: {}
[149.109065] (-) TimerEvent: {}
[149.209672] (-) TimerEvent: {}
[149.310274] (-) TimerEvent: {}
[149.410911] (-) TimerEvent: {}
[149.511537] (-) TimerEvent: {}
[149.612130] (-) TimerEvent: {}
[149.712853] (-) TimerEvent: {}
[149.813697] (-) TimerEvent: {}
[149.914326] (-) TimerEvent: {}
[150.014956] (-) TimerEvent: {}
[150.115545] (-) TimerEvent: {}
[150.216185] (-) TimerEvent: {}
[150.316906] (-) TimerEvent: {}
[150.417547] (-) TimerEvent: {}
[150.518160] (-) TimerEvent: {}
[150.618761] (-) TimerEvent: {}
[150.719391] (-) TimerEvent: {}
[150.819978] (-) TimerEvent: {}
[150.920609] (-) TimerEvent: {}
[151.021219] (-) TimerEvent: {}
[151.121804] (-) TimerEvent: {}
[151.222385] (-) TimerEvent: {}
[151.322997] (-) TimerEvent: {}
[151.423620] (-) TimerEvent: {}
[151.524209] (-) TimerEvent: {}
[151.624841] (-) TimerEvent: {}
[151.725471] (-) TimerEvent: {}
[151.826090] (-) TimerEvent: {}
[151.926729] (-) TimerEvent: {}
[152.027434] (-) TimerEvent: {}
[152.128297] (-) TimerEvent: {}
[152.228896] (-) TimerEvent: {}
[152.329528] (-) TimerEvent: {}
[152.430112] (-) TimerEvent: {}
[152.530713] (-) TimerEvent: {}
[152.631296] (-) TimerEvent: {}
[152.731916] (-) TimerEvent: {}
[152.832514] (-) TimerEvent: {}
[152.933176] (-) TimerEvent: {}
[153.033748] (-) TimerEvent: {}
[153.134290] (-) TimerEvent: {}
[153.234819] (-) TimerEvent: {}
[153.335361] (-) TimerEvent: {}
[153.435919] (-) TimerEvent: {}
[153.536458] (-) TimerEvent: {}
[153.637027] (-) TimerEvent: {}
[153.737609] (-) TimerEvent: {}
[153.838184] (-) TimerEvent: {}
[153.938794] (-) TimerEvent: {}
[154.039387] (-) TimerEvent: {}
[154.139979] (-) TimerEvent: {}
[154.240544] (-) TimerEvent: {}
[154.341161] (-) TimerEvent: {}
[154.441717] (-) TimerEvent: {}
[154.542258] (-) TimerEvent: {}
[154.642782] (-) TimerEvent: {}
[154.743326] (-) TimerEvent: {}
[154.843922] (-) TimerEvent: {}
[154.944486] (-) TimerEvent: {}
[155.045126] (-) TimerEvent: {}
[155.145672] (-) TimerEvent: {}
[155.246210] (-) TimerEvent: {}
[155.346907] (-) TimerEvent: {}
[155.447475] (-) TimerEvent: {}
[155.548043] (-) TimerEvent: {}
[155.648588] (-) TimerEvent: {}
[155.749199] (-) TimerEvent: {}
[155.849783] (-) TimerEvent: {}
[155.950362] (-) TimerEvent: {}
[156.050917] (-) TimerEvent: {}
[156.151448] (-) TimerEvent: {}
[156.252015] (-) TimerEvent: {}
[156.352575] (-) TimerEvent: {}
[156.453159] (-) TimerEvent: {}
[156.553698] (-) TimerEvent: {}
[156.654249] (-) TimerEvent: {}
[156.754792] (-) TimerEvent: {}
[156.855344] (-) TimerEvent: {}
[156.956052] (-) TimerEvent: {}
[157.056965] (-) TimerEvent: {}
[157.158147] (-) TimerEvent: {}
[157.259499] (-) TimerEvent: {}
[157.360580] (-) TimerEvent: {}
[157.461513] (-) TimerEvent: {}
[157.477400] (control_msgs) StdoutLine: {'line': b'[ 86%] Built target control_msgs__py\n'}
[157.561741] (-) TimerEvent: {}
[157.568204] (control_msgs) StdoutLine: {'line': b'[ 86%] \x1b[32mBuilding C object CMakeFiles/control_msgs__rosidl_generator_py.dir/rosidl_generator_py/control_msgs/action/_parallel_gripper_command_s.c.o\x1b[0m\n'}
[157.569025] (control_msgs) StdoutLine: {'line': b'[ 86%] \x1b[32mBuilding C object CMakeFiles/control_msgs__rosidl_generator_py.dir/rosidl_generator_py/control_msgs/action/_follow_joint_trajectory_s.c.o\x1b[0m\n'}
[157.571589] (control_msgs) StdoutLine: {'line': b'[ 87%] \x1b[32mBuilding C object CMakeFiles/control_msgs__rosidl_generator_py.dir/rosidl_generator_py/control_msgs/action/_gripper_command_s.c.o\x1b[0m\n'}
[157.576426] (control_msgs) StdoutLine: {'line': b'[ 87%] \x1b[32mBuilding C object CMakeFiles/control_msgs__rosidl_generator_py.dir/rosidl_generator_py/control_msgs/action/_joint_trajectory_s.c.o\x1b[0m\n'}
[157.661927] (-) TimerEvent: {}
[157.763051] (-) TimerEvent: {}
[157.865275] (-) TimerEvent: {}
[157.966107] (-) TimerEvent: {}
[158.067330] (-) TimerEvent: {}
[158.168378] (-) TimerEvent: {}
[158.270036] (-) TimerEvent: {}
[158.371638] (-) TimerEvent: {}
[158.456148] (control_msgs) StdoutLine: {'line': b'[ 88%] \x1b[32mBuilding C object CMakeFiles/control_msgs__rosidl_generator_py.dir/rosidl_generator_py/control_msgs/action/_point_head_s.c.o\x1b[0m\n'}
[158.471962] (-) TimerEvent: {}
[158.489485] (control_msgs) StdoutLine: {'line': b'[ 88%] \x1b[32mBuilding C object CMakeFiles/control_msgs__rosidl_generator_py.dir/rosidl_generator_py/control_msgs/action/_single_joint_position_s.c.o\x1b[0m\n'}
[158.493999] (control_msgs) StdoutLine: {'line': b'[ 89%] \x1b[32mBuilding C object CMakeFiles/control_msgs__rosidl_generator_py.dir/rosidl_generator_py/control_msgs/msg/_admittance_controller_state_s.c.o\x1b[0m\n'}
[158.572208] (-) TimerEvent: {}
[158.639862] (control_msgs) StdoutLine: {'line': b'[ 89%] \x1b[32mBuilding C object CMakeFiles/control_msgs__rosidl_generator_py.dir/rosidl_generator_py/control_msgs/msg/_dynamic_interface_group_values_s.c.o\x1b[0m\n'}
[158.672495] (-) TimerEvent: {}
[158.773837] (-) TimerEvent: {}
[158.875074] (-) TimerEvent: {}
[158.976535] (-) TimerEvent: {}
[159.078307] (-) TimerEvent: {}
[159.114078] (control_msgs) StdoutLine: {'line': b'[ 90%] \x1b[32mBuilding C object CMakeFiles/control_msgs__rosidl_generator_py.dir/rosidl_generator_py/control_msgs/msg/_dynamic_joint_state_s.c.o\x1b[0m\n'}
[159.178681] (-) TimerEvent: {}
[159.254627] (control_msgs) StdoutLine: {'line': b'[ 90%] \x1b[32mBuilding C object CMakeFiles/control_msgs__rosidl_generator_py.dir/rosidl_generator_py/control_msgs/msg/_gripper_command_s.c.o\x1b[0m\n'}
[159.274389] (control_msgs) StdoutLine: {'line': b'[ 90%] \x1b[32mBuilding C object CMakeFiles/control_msgs__rosidl_generator_py.dir/rosidl_generator_py/control_msgs/msg/_interface_value_s.c.o\x1b[0m\n'}
[159.278919] (-) TimerEvent: {}
[159.286826] (control_msgs) StdoutLine: {'line': b'[ 91%] \x1b[32mBuilding C object CMakeFiles/control_msgs__rosidl_generator_py.dir/rosidl_generator_py/control_msgs/msg/_joint_component_tolerance_s.c.o\x1b[0m\n'}
[159.379128] (-) TimerEvent: {}
[159.480252] (-) TimerEvent: {}
[159.581550] (-) TimerEvent: {}
[159.682990] (-) TimerEvent: {}
[159.730406] (control_msgs) StdoutLine: {'line': b'[ 91%] \x1b[32mBuilding C object CMakeFiles/control_msgs__rosidl_generator_py.dir/rosidl_generator_py/control_msgs/msg/_joint_controller_state_s.c.o\x1b[0m\n'}
[159.783290] (-) TimerEvent: {}
[159.798781] (control_msgs) StdoutLine: {'line': b'[ 92%] \x1b[32mBuilding C object CMakeFiles/control_msgs__rosidl_generator_py.dir/rosidl_generator_py/control_msgs/msg/_joint_jog_s.c.o\x1b[0m\n'}
[159.883555] (-) TimerEvent: {}
[159.888120] (control_msgs) StdoutLine: {'line': b'[ 92%] \x1b[32mBuilding C object CMakeFiles/control_msgs__rosidl_generator_py.dir/rosidl_generator_py/control_msgs/msg/_joint_tolerance_s.c.o\x1b[0m\n'}
[159.896833] (control_msgs) StdoutLine: {'line': b'[ 93%] \x1b[32mBuilding C object CMakeFiles/control_msgs__rosidl_generator_py.dir/rosidl_generator_py/control_msgs/msg/_joint_trajectory_controller_state_s.c.o\x1b[0m\n'}
[159.983830] (-) TimerEvent: {}
[160.084734] (-) TimerEvent: {}
[160.185570] (-) TimerEvent: {}
[160.286495] (-) TimerEvent: {}
[160.353795] (control_msgs) StdoutLine: {'line': b'[ 93%] \x1b[32mBuilding C object CMakeFiles/control_msgs__rosidl_generator_py.dir/rosidl_generator_py/control_msgs/msg/_mecanum_drive_controller_state_s.c.o\x1b[0m\n'}
[160.386757] (-) TimerEvent: {}
[160.457000] (control_msgs) StdoutLine: {'line': b'[ 94%] \x1b[32mBuilding C object CMakeFiles/control_msgs__rosidl_generator_py.dir/rosidl_generator_py/control_msgs/msg/_multi_dof_command_s.c.o\x1b[0m\n'}
[160.479122] (control_msgs) StdoutLine: {'line': b'[ 94%] \x1b[32mBuilding C object CMakeFiles/control_msgs__rosidl_generator_py.dir/rosidl_generator_py/control_msgs/msg/_multi_dof_state_stamped_s.c.o\x1b[0m\n'}
[160.487098] (-) TimerEvent: {}
[160.546565] (control_msgs) StdoutLine: {'line': b'[ 94%] \x1b[32mBuilding C object CMakeFiles/control_msgs__rosidl_generator_py.dir/rosidl_generator_py/control_msgs/msg/_pid_state_s.c.o\x1b[0m\n'}
[160.587350] (-) TimerEvent: {}
[160.688714] (-) TimerEvent: {}
[160.790068] (-) TimerEvent: {}
[160.891810] (-) TimerEvent: {}
[160.948381] (control_msgs) StdoutLine: {'line': b'[ 95%] \x1b[32mBuilding C object CMakeFiles/control_msgs__rosidl_generator_py.dir/rosidl_generator_py/control_msgs/msg/_single_dof_state_s.c.o\x1b[0m\n'}
[160.992066] (-) TimerEvent: {}
[161.051669] (control_msgs) StdoutLine: {'line': b'[ 95%] \x1b[32mBuilding C object CMakeFiles/control_msgs__rosidl_generator_py.dir/rosidl_generator_py/control_msgs/msg/_single_dof_state_stamped_s.c.o\x1b[0m\n'}
[161.091891] (control_msgs) StdoutLine: {'line': b'[ 96%] \x1b[32mBuilding C object CMakeFiles/control_msgs__rosidl_generator_py.dir/rosidl_generator_py/control_msgs/msg/_steering_controller_status_s.c.o\x1b[0m\n'}
[161.092811] (-) TimerEvent: {}
[161.158629] (control_msgs) StdoutLine: {'line': b'[ 96%] \x1b[32mBuilding C object CMakeFiles/control_msgs__rosidl_generator_py.dir/rosidl_generator_py/control_msgs/srv/_query_calibration_state_s.c.o\x1b[0m\n'}
[161.193053] (-) TimerEvent: {}
[161.294413] (-) TimerEvent: {}
[161.395662] (-) TimerEvent: {}
[161.497032] (-) TimerEvent: {}
[161.546123] (control_msgs) StdoutLine: {'line': b'[ 97%] \x1b[32mBuilding C object CMakeFiles/control_msgs__rosidl_generator_py.dir/rosidl_generator_py/control_msgs/srv/_query_trajectory_state_s.c.o\x1b[0m\n'}
[161.597381] (-) TimerEvent: {}
[161.700377] (-) TimerEvent: {}
[161.801634] (-) TimerEvent: {}
[161.902350] (-) TimerEvent: {}
[162.003046] (-) TimerEvent: {}
[162.103743] (-) TimerEvent: {}
[162.183115] (control_msgs) StdoutLine: {'line': b'[ 97%] \x1b[32m\x1b[1mLinking C shared library rosidl_generator_py/control_msgs/libcontrol_msgs__rosidl_generator_py.so\x1b[0m\n'}
[162.204028] (-) TimerEvent: {}
[162.304835] (-) TimerEvent: {}
[162.405689] (-) TimerEvent: {}
[162.472098] (control_msgs) StdoutLine: {'line': b'[ 97%] Built target control_msgs__rosidl_generator_py\n'}
[162.505965] (-) TimerEvent: {}
[162.554527] (control_msgs) StdoutLine: {'line': b'[ 98%] \x1b[32mBuilding C object CMakeFiles/control_msgs__rosidl_typesupport_fastrtps_c__pyext.dir/rosidl_generator_py/control_msgs/_control_msgs_s.ep.rosidl_typesupport_fastrtps_c.c.o\x1b[0m\n'}
[162.555954] (control_msgs) StdoutLine: {'line': b'[ 99%] \x1b[32mBuilding C object CMakeFiles/control_msgs__rosidl_typesupport_introspection_c__pyext.dir/rosidl_generator_py/control_msgs/_control_msgs_s.ep.rosidl_typesupport_introspection_c.c.o\x1b[0m\n'}
[162.560088] (control_msgs) StdoutLine: {'line': b'[100%] \x1b[32mBuilding C object CMakeFiles/control_msgs__rosidl_typesupport_c__pyext.dir/rosidl_generator_py/control_msgs/_control_msgs_s.ep.rosidl_typesupport_c.c.o\x1b[0m\n'}
[162.606134] (-) TimerEvent: {}
[162.707148] (-) TimerEvent: {}
[162.808231] (-) TimerEvent: {}
[162.909541] (-) TimerEvent: {}
[163.010872] (-) TimerEvent: {}
[163.112101] (-) TimerEvent: {}
[163.213747] (-) TimerEvent: {}
[163.317300] (-) TimerEvent: {}
[163.418731] (-) TimerEvent: {}
[163.520258] (-) TimerEvent: {}
[163.621748] (-) TimerEvent: {}
[163.723266] (-) TimerEvent: {}
[163.824838] (-) TimerEvent: {}
[163.926363] (-) TimerEvent: {}
[164.027801] (-) TimerEvent: {}
[164.128578] (-) TimerEvent: {}
[164.142367] (control_msgs) StdoutLine: {'line': b'[100%] \x1b[32m\x1b[1mLinking C shared library rosidl_generator_py/control_msgs/control_msgs_s__rosidl_typesupport_introspection_c.cpython-310-aarch64-linux-gnu.so\x1b[0m\n'}
[164.143949] (control_msgs) StdoutLine: {'line': b'[100%] \x1b[32m\x1b[1mLinking C shared library rosidl_generator_py/control_msgs/control_msgs_s__rosidl_typesupport_fastrtps_c.cpython-310-aarch64-linux-gnu.so\x1b[0m\n'}
[164.151801] (control_msgs) StdoutLine: {'line': b'[100%] \x1b[32m\x1b[1mLinking C shared library rosidl_generator_py/control_msgs/control_msgs_s__rosidl_typesupport_c.cpython-310-aarch64-linux-gnu.so\x1b[0m\n'}
[164.228933] (-) TimerEvent: {}
[164.330491] (-) TimerEvent: {}
[164.431698] (-) TimerEvent: {}
[164.533078] (-) TimerEvent: {}
[164.587103] (control_msgs) StdoutLine: {'line': b'[100%] Built target control_msgs__rosidl_typesupport_introspection_c__pyext\n'}
[164.592276] (control_msgs) StdoutLine: {'line': b'[100%] Built target control_msgs__rosidl_typesupport_fastrtps_c__pyext\n'}
[164.601963] (control_msgs) StdoutLine: {'line': b'[100%] Built target control_msgs__rosidl_typesupport_c__pyext\n'}
[164.633317] (-) TimerEvent: {}
[164.649230] (control_msgs) CommandEnded: {'returncode': 0}
[164.651966] (control_msgs) JobProgress: {'identifier': 'control_msgs', 'progress': 'install'}
[164.688797] (control_msgs) Command: {'cmd': ['/usr/bin/cmake', '--install', '/home/pinet/SLAM_AGV/workspace/build/control_msgs'], 'cwd': '/home/pinet/SLAM_AGV/workspace/build/control_msgs', 'env': OrderedDict([('LESSOPEN', '| /usr/bin/lesspipe %s'), ('TMUX', '/tmp/tmux-1000/default,1587,0'), ('USER', 'pinet'), ('SSH_CLIENT', '192.168.1.107 34780 22'), ('LC_TIME', 'en_GB.UTF-8'), ('XDG_SESSION_TYPE', 'tty'), ('SHLVL', '2'), ('LD_LIBRARY_PATH', '/opt/ros/humble/lib/aarch64-linux-gnu:/opt/ros/humble/lib'), ('MOTD_SHOWN', 'pam'), ('HOME', '/home/pinet'), ('TERM_PROGRAM_VERSION', '3.2a'), ('SSH_TTY', '/dev/pts/0'), ('ROS_PYTHON_VERSION', '3'), ('LC_MONETARY', 'en_GB.UTF-8'), ('DBUS_SESSION_BUS_ADDRESS', 'unix:path=/run/user/1000/bus'), ('ROS_DISTRO', 'humble'), ('LOGNAME', 'pinet'), ('_', '/usr/bin/colcon'), ('ROS_VERSION', '2'), ('XDG_SESSION_CLASS', 'user'), ('TERM', 'screen'), ('XDG_SESSION_ID', '1'), ('ROS_LOCALHOST_ONLY', '0'), ('PATH', '/opt/ros/humble/bin:/usr/local/sbin:/usr/local/bin:/usr/sbin:/usr/bin:/sbin:/bin:/usr/games:/usr/local/games:/snap/bin'), ('LC_ADDRESS', 'en_GB.UTF-8'), ('XDG_RUNTIME_DIR', '/run/user/1000'), ('LANG', 'en_US.UTF-8'), ('LC_TELEPHONE', 'en_GB.UTF-8'), ('LS_COLORS', 'rs=0:di=01;34:ln=01;36:mh=00:pi=40;33:so=01;35:do=01;35:bd=40;33;01:cd=40;33;01:or=40;31;01:mi=00:su=37;41:sg=30;43:ca=30;41:tw=30;42:ow=34;42:st=37;44:ex=01;32:*.tar=01;31:*.tgz=01;31:*.arc=01;31:*.arj=01;31:*.taz=01;31:*.lha=01;31:*.lz4=01;31:*.lzh=01;31:*.lzma=01;31:*.tlz=01;31:*.txz=01;31:*.tzo=01;31:*.t7z=01;31:*.zip=01;31:*.z=01;31:*.dz=01;31:*.gz=01;31:*.lrz=01;31:*.lz=01;31:*.lzo=01;31:*.xz=01;31:*.zst=01;31:*.tzst=01;31:*.bz2=01;31:*.bz=01;31:*.tbz=01;31:*.tbz2=01;31:*.tz=01;31:*.deb=01;31:*.rpm=01;31:*.jar=01;31:*.war=01;31:*.ear=01;31:*.sar=01;31:*.rar=01;31:*.alz=01;31:*.ace=01;31:*.zoo=01;31:*.cpio=01;31:*.7z=01;31:*.rz=01;31:*.cab=01;31:*.wim=01;31:*.swm=01;31:*.dwm=01;31:*.esd=01;31:*.jpg=01;35:*.jpeg=01;35:*.mjpg=01;35:*.mjpeg=01;35:*.gif=01;35:*.bmp=01;35:*.pbm=01;35:*.pgm=01;35:*.ppm=01;35:*.tga=01;35:*.xbm=01;35:*.xpm=01;35:*.tif=01;35:*.tiff=01;35:*.png=01;35:*.svg=01;35:*.svgz=01;35:*.mng=01;35:*.pcx=01;35:*.mov=01;35:*.mpg=01;35:*.mpeg=01;35:*.m2v=01;35:*.mkv=01;35:*.webm=01;35:*.webp=01;35:*.ogm=01;35:*.mp4=01;35:*.m4v=01;35:*.mp4v=01;35:*.vob=01;35:*.qt=01;35:*.nuv=01;35:*.wmv=01;35:*.asf=01;35:*.rm=01;35:*.rmvb=01;35:*.flc=01;35:*.avi=01;35:*.fli=01;35:*.flv=01;35:*.gl=01;35:*.dl=01;35:*.xcf=01;35:*.xwd=01;35:*.yuv=01;35:*.cgm=01;35:*.emf=01;35:*.ogv=01;35:*.ogx=01;35:*.aac=00;36:*.au=00;36:*.flac=00;36:*.m4a=00;36:*.mid=00;36:*.midi=00;36:*.mka=00;36:*.mp3=00;36:*.mpc=00;36:*.ogg=00;36:*.ra=00;36:*.wav=00;36:*.oga=00;36:*.opus=00;36:*.spx=00;36:*.xspf=00;36:'), ('TERM_PROGRAM', 'tmux'), ('ROS_DOMAIN_ID', '0'), ('AMENT_PREFIX_PATH', '/opt/ros/humble'), ('SHELL', '/bin/bash'), ('LC_NAME', 'en_GB.UTF-8'), ('LESSCLOSE', '/usr/bin/lesspipe %s %s'), ('LC_MEASUREMENT', 'en_GB.UTF-8'), ('LC_IDENTIFICATION', 'en_GB.UTF-8'), ('PWD', '/home/pinet/SLAM_AGV/workspace/build/control_msgs'), ('LC_ALL', 'en_US.UTF-8'), ('SSH_CONNECTION', '192.168.1.107 34780 192.168.1.103 22'), ('XDG_DATA_DIRS', '/usr/local/share:/usr/share:/var/lib/snapd/desktop'), ('PYTHONPATH', '/opt/ros/humble/lib/python3.10/site-packages:/opt/ros/humble/local/lib/python3.10/dist-packages'), ('LC_NUMERIC', 'en_GB.UTF-8'), ('LC_PAPER', 'en_GB.UTF-8'), ('COLCON', '1'), ('TMUX_PANE', '%0'), ('CMAKE_PREFIX_PATH', '/opt/ros/humble')]), 'shell': False}
[164.714921] (control_msgs) StdoutLine: {'line': b'-- Install configuration: ""\n'}
[164.717404] (control_msgs) StdoutLine: {'line': b'-- Execute custom install script\n'}
[164.719011] (control_msgs) StdoutLine: {'line': b'-- Symlinking: /home/pinet/SLAM_AGV/workspace/install/control_msgs/share/ament_index/resource_index/rosidl_interfaces/control_msgs\n'}
[164.733475] (-) TimerEvent: {}
[164.758666] (control_msgs) StdoutLine: {'line': b'-- Symlinking: /home/pinet/SLAM_AGV/workspace/install/control_msgs/include/control_msgs/control_msgs/action/detail/follow_joint_trajectory__functions.h\n'}
[164.788125] (control_msgs) StdoutLine: {'line': b'-- Symlinking: /home/pinet/SLAM_AGV/workspace/install/control_msgs/include/control_msgs/control_msgs/action/detail/follow_joint_trajectory__struct.h\n'}
[164.819721] (control_msgs) StdoutLine: {'line': b'-- Symlinking: /home/pinet/SLAM_AGV/workspace/install/control_msgs/include/control_msgs/control_msgs/action/detail/follow_joint_trajectory__type_support.h\n'}
[164.833646] (-) TimerEvent: {}
[164.848997] (control_msgs) StdoutLine: {'line': b'-- Symlinking: /home/pinet/SLAM_AGV/workspace/install/control_msgs/include/control_msgs/control_msgs/action/detail/gripper_command__functions.h\n'}
[164.877791] (control_msgs) StdoutLine: {'line': b'-- Symlinking: /home/pinet/SLAM_AGV/workspace/install/control_msgs/include/control_msgs/control_msgs/action/detail/gripper_command__struct.h\n'}
[164.907090] (control_msgs) StdoutLine: {'line': b'-- Symlinking: /home/pinet/SLAM_AGV/workspace/install/control_msgs/include/control_msgs/control_msgs/action/detail/gripper_command__type_support.h\n'}
[164.933819] (-) TimerEvent: {}
[164.938664] (control_msgs) StdoutLine: {'line': b'-- Symlinking: /home/pinet/SLAM_AGV/workspace/install/control_msgs/include/control_msgs/control_msgs/action/detail/joint_trajectory__functions.h\n'}
[164.967893] (control_msgs) StdoutLine: {'line': b'-- Symlinking: /home/pinet/SLAM_AGV/workspace/install/control_msgs/include/control_msgs/control_msgs/action/detail/joint_trajectory__struct.h\n'}
[164.999523] (control_msgs) StdoutLine: {'line': b'-- Symlinking: /home/pinet/SLAM_AGV/workspace/install/control_msgs/include/control_msgs/control_msgs/action/detail/joint_trajectory__type_support.h\n'}
[165.028897] (control_msgs) StdoutLine: {'line': b'-- Symlinking: /home/pinet/SLAM_AGV/workspace/install/control_msgs/include/control_msgs/control_msgs/action/detail/parallel_gripper_command__functions.h\n'}
[165.033996] (-) TimerEvent: {}
[165.059556] (control_msgs) StdoutLine: {'line': b'-- Symlinking: /home/pinet/SLAM_AGV/workspace/install/control_msgs/include/control_msgs/control_msgs/action/detail/parallel_gripper_command__struct.h\n'}
[165.088739] (control_msgs) StdoutLine: {'line': b'-- Symlinking: /home/pinet/SLAM_AGV/workspace/install/control_msgs/include/control_msgs/control_msgs/action/detail/parallel_gripper_command__type_support.h\n'}
[165.118920] (control_msgs) StdoutLine: {'line': b'-- Symlinking: /home/pinet/SLAM_AGV/workspace/install/control_msgs/include/control_msgs/control_msgs/action/detail/point_head__functions.h\n'}
[165.134193] (-) TimerEvent: {}
[165.147767] (control_msgs) StdoutLine: {'line': b'-- Symlinking: /home/pinet/SLAM_AGV/workspace/install/control_msgs/include/control_msgs/control_msgs/action/detail/point_head__struct.h\n'}
[165.179214] (control_msgs) StdoutLine: {'line': b'-- Symlinking: /home/pinet/SLAM_AGV/workspace/install/control_msgs/include/control_msgs/control_msgs/action/detail/point_head__type_support.h\n'}
[165.208151] (control_msgs) StdoutLine: {'line': b'-- Symlinking: /home/pinet/SLAM_AGV/workspace/install/control_msgs/include/control_msgs/control_msgs/action/detail/single_joint_position__functions.h\n'}
[165.234351] (-) TimerEvent: {}
[165.239553] (control_msgs) StdoutLine: {'line': b'-- Symlinking: /home/pinet/SLAM_AGV/workspace/install/control_msgs/include/control_msgs/control_msgs/action/detail/single_joint_position__struct.h\n'}
[165.292458] (control_msgs) StdoutLine: {'line': b'-- Symlinking: /home/pinet/SLAM_AGV/workspace/install/control_msgs/include/control_msgs/control_msgs/action/detail/single_joint_position__type_support.h\n'}
[165.325496] (control_msgs) StdoutLine: {'line': b'-- Symlinking: /home/pinet/SLAM_AGV/workspace/install/control_msgs/include/control_msgs/control_msgs/action/follow_joint_trajectory.h\n'}
[165.334526] (-) TimerEvent: {}
[165.355906] (control_msgs) StdoutLine: {'line': b'-- Symlinking: /home/pinet/SLAM_AGV/workspace/install/control_msgs/include/control_msgs/control_msgs/action/gripper_command.h\n'}
[165.384817] (control_msgs) StdoutLine: {'line': b'-- Symlinking: /home/pinet/SLAM_AGV/workspace/install/control_msgs/include/control_msgs/control_msgs/action/joint_trajectory.h\n'}
[165.413689] (control_msgs) StdoutLine: {'line': b'-- Symlinking: /home/pinet/SLAM_AGV/workspace/install/control_msgs/include/control_msgs/control_msgs/action/parallel_gripper_command.h\n'}
[165.434698] (-) TimerEvent: {}
[165.443025] (control_msgs) StdoutLine: {'line': b'-- Symlinking: /home/pinet/SLAM_AGV/workspace/install/control_msgs/include/control_msgs/control_msgs/action/point_head.h\n'}
[165.471608] (control_msgs) StdoutLine: {'line': b'-- Symlinking: /home/pinet/SLAM_AGV/workspace/install/control_msgs/include/control_msgs/control_msgs/action/single_joint_position.h\n'}
[165.501186] (control_msgs) StdoutLine: {'line': b'-- Symlinking: /home/pinet/SLAM_AGV/workspace/install/control_msgs/include/control_msgs/control_msgs/msg/admittance_controller_state.h\n'}
[165.532404] (control_msgs) StdoutLine: {'line': b'-- Symlinking: /home/pinet/SLAM_AGV/workspace/install/control_msgs/include/control_msgs/control_msgs/msg/detail/admittance_controller_state__functions.h\n'}
[165.534846] (-) TimerEvent: {}
[165.562011] (control_msgs) StdoutLine: {'line': b'-- Symlinking: /home/pinet/SLAM_AGV/workspace/install/control_msgs/include/control_msgs/control_msgs/msg/detail/admittance_controller_state__struct.h\n'}
[165.592846] (control_msgs) StdoutLine: {'line': b'-- Symlinking: /home/pinet/SLAM_AGV/workspace/install/control_msgs/include/control_msgs/control_msgs/msg/detail/admittance_controller_state__type_support.h\n'}
[165.622258] (control_msgs) StdoutLine: {'line': b'-- Symlinking: /home/pinet/SLAM_AGV/workspace/install/control_msgs/include/control_msgs/control_msgs/msg/detail/dynamic_interface_group_values__functions.h\n'}
[165.635052] (-) TimerEvent: {}
[165.651236] (control_msgs) StdoutLine: {'line': b'-- Symlinking: /home/pinet/SLAM_AGV/workspace/install/control_msgs/include/control_msgs/control_msgs/msg/detail/dynamic_interface_group_values__struct.h\n'}
[165.681869] (control_msgs) StdoutLine: {'line': b'-- Symlinking: /home/pinet/SLAM_AGV/workspace/install/control_msgs/include/control_msgs/control_msgs/msg/detail/dynamic_interface_group_values__type_support.h\n'}
[165.710063] (control_msgs) StdoutLine: {'line': b'-- Symlinking: /home/pinet/SLAM_AGV/workspace/install/control_msgs/include/control_msgs/control_msgs/msg/detail/dynamic_joint_state__functions.h\n'}
[165.735231] (-) TimerEvent: {}
[165.740417] (control_msgs) StdoutLine: {'line': b'-- Symlinking: /home/pinet/SLAM_AGV/workspace/install/control_msgs/include/control_msgs/control_msgs/msg/detail/dynamic_joint_state__struct.h\n'}
[165.768494] (control_msgs) StdoutLine: {'line': b'-- Symlinking: /home/pinet/SLAM_AGV/workspace/install/control_msgs/include/control_msgs/control_msgs/msg/detail/dynamic_joint_state__type_support.h\n'}
[165.799041] (control_msgs) StdoutLine: {'line': b'-- Symlinking: /home/pinet/SLAM_AGV/workspace/install/control_msgs/include/control_msgs/control_msgs/msg/detail/gripper_command__functions.h\n'}
[165.828293] (control_msgs) StdoutLine: {'line': b'-- Symlinking: /home/pinet/SLAM_AGV/workspace/install/control_msgs/include/control_msgs/control_msgs/msg/detail/gripper_command__struct.h\n'}
[165.835402] (-) TimerEvent: {}
[165.860152] (control_msgs) StdoutLine: {'line': b'-- Symlinking: /home/pinet/SLAM_AGV/workspace/install/control_msgs/include/control_msgs/control_msgs/msg/detail/gripper_command__type_support.h\n'}
[165.888619] (control_msgs) StdoutLine: {'line': b'-- Symlinking: /home/pinet/SLAM_AGV/workspace/install/control_msgs/include/control_msgs/control_msgs/msg/detail/interface_value__functions.h\n'}
[165.916499] (control_msgs) StdoutLine: {'line': b'-- Symlinking: /home/pinet/SLAM_AGV/workspace/install/control_msgs/include/control_msgs/control_msgs/msg/detail/interface_value__struct.h\n'}
[165.935671] (-) TimerEvent: {}
[165.947062] (control_msgs) StdoutLine: {'line': b'-- Symlinking: /home/pinet/SLAM_AGV/workspace/install/control_msgs/include/control_msgs/control_msgs/msg/detail/interface_value__type_support.h\n'}
[165.975554] (control_msgs) StdoutLine: {'line': b'-- Symlinking: /home/pinet/SLAM_AGV/workspace/install/control_msgs/include/control_msgs/control_msgs/msg/detail/joint_component_tolerance__functions.h\n'}
[166.007349] (control_msgs) StdoutLine: {'line': b'-- Symlinking: /home/pinet/SLAM_AGV/workspace/install/control_msgs/include/control_msgs/control_msgs/msg/detail/joint_component_tolerance__struct.h\n'}
[166.035842] (-) TimerEvent: {}
[166.036453] (control_msgs) StdoutLine: {'line': b'-- Symlinking: /home/pinet/SLAM_AGV/workspace/install/control_msgs/include/control_msgs/control_msgs/msg/detail/joint_component_tolerance__type_support.h\n'}
[166.067295] (control_msgs) StdoutLine: {'line': b'-- Symlinking: /home/pinet/SLAM_AGV/workspace/install/control_msgs/include/control_msgs/control_msgs/msg/detail/joint_controller_state__functions.h\n'}
[166.095858] (control_msgs) StdoutLine: {'line': b'-- Symlinking: /home/pinet/SLAM_AGV/workspace/install/control_msgs/include/control_msgs/control_msgs/msg/detail/joint_controller_state__struct.h\n'}
[166.127982] (control_msgs) StdoutLine: {'line': b'-- Symlinking: /home/pinet/SLAM_AGV/workspace/install/control_msgs/include/control_msgs/control_msgs/msg/detail/joint_controller_state__type_support.h\n'}
[166.136087] (-) TimerEvent: {}
[166.157602] (control_msgs) StdoutLine: {'line': b'-- Symlinking: /home/pinet/SLAM_AGV/workspace/install/control_msgs/include/control_msgs/control_msgs/msg/detail/joint_jog__functions.h\n'}
[166.186789] (control_msgs) StdoutLine: {'line': b'-- Symlinking: /home/pinet/SLAM_AGV/workspace/install/control_msgs/include/control_msgs/control_msgs/msg/detail/joint_jog__struct.h\n'}
[166.217732] (control_msgs) StdoutLine: {'line': b'-- Symlinking: /home/pinet/SLAM_AGV/workspace/install/control_msgs/include/control_msgs/control_msgs/msg/detail/joint_jog__type_support.h\n'}
[166.236285] (-) TimerEvent: {}
[166.246810] (control_msgs) StdoutLine: {'line': b'-- Symlinking: /home/pinet/SLAM_AGV/workspace/install/control_msgs/include/control_msgs/control_msgs/msg/detail/joint_tolerance__functions.h\n'}
[166.278096] (control_msgs) StdoutLine: {'line': b'-- Symlinking: /home/pinet/SLAM_AGV/workspace/install/control_msgs/include/control_msgs/control_msgs/msg/detail/joint_tolerance__struct.h\n'}
[166.306804] (control_msgs) StdoutLine: {'line': b'-- Symlinking: /home/pinet/SLAM_AGV/workspace/install/control_msgs/include/control_msgs/control_msgs/msg/detail/joint_tolerance__type_support.h\n'}
[166.336447] (-) TimerEvent: {}
[166.338044] (control_msgs) StdoutLine: {'line': b'-- Symlinking: /home/pinet/SLAM_AGV/workspace/install/control_msgs/include/control_msgs/control_msgs/msg/detail/joint_trajectory_controller_state__functions.h\n'}
[166.367248] (control_msgs) StdoutLine: {'line': b'-- Symlinking: /home/pinet/SLAM_AGV/workspace/install/control_msgs/include/control_msgs/control_msgs/msg/detail/joint_trajectory_controller_state__struct.h\n'}
[166.398055] (control_msgs) StdoutLine: {'line': b'-- Symlinking: /home/pinet/SLAM_AGV/workspace/install/control_msgs/include/control_msgs/control_msgs/msg/detail/joint_trajectory_controller_state__type_support.h\n'}
[166.426451] (control_msgs) StdoutLine: {'line': b'-- Symlinking: /home/pinet/SLAM_AGV/workspace/install/control_msgs/include/control_msgs/control_msgs/msg/detail/mecanum_drive_controller_state__functions.h\n'}
[166.436613] (-) TimerEvent: {}
[166.455748] (control_msgs) StdoutLine: {'line': b'-- Symlinking: /home/pinet/SLAM_AGV/workspace/install/control_msgs/include/control_msgs/control_msgs/msg/detail/mecanum_drive_controller_state__struct.h\n'}
[166.485278] (control_msgs) StdoutLine: {'line': b'-- Symlinking: /home/pinet/SLAM_AGV/workspace/install/control_msgs/include/control_msgs/control_msgs/msg/detail/mecanum_drive_controller_state__type_support.h\n'}
[166.515017] (control_msgs) StdoutLine: {'line': b'-- Symlinking: /home/pinet/SLAM_AGV/workspace/install/control_msgs/include/control_msgs/control_msgs/msg/detail/multi_dof_command__functions.h\n'}
[166.536794] (-) TimerEvent: {}
[166.543876] (control_msgs) StdoutLine: {'line': b'-- Symlinking: /home/pinet/SLAM_AGV/workspace/install/control_msgs/include/control_msgs/control_msgs/msg/detail/multi_dof_command__struct.h\n'}
[166.572917] (control_msgs) StdoutLine: {'line': b'-- Symlinking: /home/pinet/SLAM_AGV/workspace/install/control_msgs/include/control_msgs/control_msgs/msg/detail/multi_dof_command__type_support.h\n'}
[166.603413] (control_msgs) StdoutLine: {'line': b'-- Symlinking: /home/pinet/SLAM_AGV/workspace/install/control_msgs/include/control_msgs/control_msgs/msg/detail/multi_dof_state_stamped__functions.h\n'}
[166.632089] (control_msgs) StdoutLine: {'line': b'-- Symlinking: /home/pinet/SLAM_AGV/workspace/install/control_msgs/include/control_msgs/control_msgs/msg/detail/multi_dof_state_stamped__struct.h\n'}
[166.636956] (-) TimerEvent: {}
[166.663499] (control_msgs) StdoutLine: {'line': b'-- Symlinking: /home/pinet/SLAM_AGV/workspace/install/control_msgs/include/control_msgs/control_msgs/msg/detail/multi_dof_state_stamped__type_support.h\n'}
[166.692148] (control_msgs) StdoutLine: {'line': b'-- Symlinking: /home/pinet/SLAM_AGV/workspace/install/control_msgs/include/control_msgs/control_msgs/msg/detail/pid_state__functions.h\n'}
[166.722798] (control_msgs) StdoutLine: {'line': b'-- Symlinking: /home/pinet/SLAM_AGV/workspace/install/control_msgs/include/control_msgs/control_msgs/msg/detail/pid_state__struct.h\n'}
[166.737175] (-) TimerEvent: {}
[166.751384] (control_msgs) StdoutLine: {'line': b'-- Symlinking: /home/pinet/SLAM_AGV/workspace/install/control_msgs/include/control_msgs/control_msgs/msg/detail/pid_state__type_support.h\n'}
[166.783659] (control_msgs) StdoutLine: {'line': b'-- Symlinking: /home/pinet/SLAM_AGV/workspace/install/control_msgs/include/control_msgs/control_msgs/msg/detail/single_dof_state__functions.h\n'}
[166.812910] (control_msgs) StdoutLine: {'line': b'-- Symlinking: /home/pinet/SLAM_AGV/workspace/install/control_msgs/include/control_msgs/control_msgs/msg/detail/single_dof_state__struct.h\n'}
[166.837313] (-) TimerEvent: {}
[166.842014] (control_msgs) StdoutLine: {'line': b'-- Symlinking: /home/pinet/SLAM_AGV/workspace/install/control_msgs/include/control_msgs/control_msgs/msg/detail/single_dof_state__type_support.h\n'}
[166.870603] (control_msgs) StdoutLine: {'line': b'-- Symlinking: /home/pinet/SLAM_AGV/workspace/install/control_msgs/include/control_msgs/control_msgs/msg/detail/single_dof_state_stamped__functions.h\n'}
[166.900700] (control_msgs) StdoutLine: {'line': b'-- Symlinking: /home/pinet/SLAM_AGV/workspace/install/control_msgs/include/control_msgs/control_msgs/msg/detail/single_dof_state_stamped__struct.h\n'}
[166.930800] (control_msgs) StdoutLine: {'line': b'-- Symlinking: /home/pinet/SLAM_AGV/workspace/install/control_msgs/include/control_msgs/control_msgs/msg/detail/single_dof_state_stamped__type_support.h\n'}
[166.937486] (-) TimerEvent: {}
[166.959776] (control_msgs) StdoutLine: {'line': b'-- Symlinking: /home/pinet/SLAM_AGV/workspace/install/control_msgs/include/control_msgs/control_msgs/msg/detail/steering_controller_status__functions.h\n'}
[166.988440] (control_msgs) StdoutLine: {'line': b'-- Symlinking: /home/pinet/SLAM_AGV/workspace/install/control_msgs/include/control_msgs/control_msgs/msg/detail/steering_controller_status__struct.h\n'}
[167.019525] (control_msgs) StdoutLine: {'line': b'-- Symlinking: /home/pinet/SLAM_AGV/workspace/install/control_msgs/include/control_msgs/control_msgs/msg/detail/steering_controller_status__type_support.h\n'}
[167.037661] (-) TimerEvent: {}
[167.048990] (control_msgs) StdoutLine: {'line': b'-- Symlinking: /home/pinet/SLAM_AGV/workspace/install/control_msgs/include/control_msgs/control_msgs/msg/dynamic_interface_group_values.h\n'}
[167.079397] (control_msgs) StdoutLine: {'line': b'-- Symlinking: /home/pinet/SLAM_AGV/workspace/install/control_msgs/include/control_msgs/control_msgs/msg/dynamic_joint_state.h\n'}
[167.108138] (control_msgs) StdoutLine: {'line': b'-- Symlinking: /home/pinet/SLAM_AGV/workspace/install/control_msgs/include/control_msgs/control_msgs/msg/gripper_command.h\n'}
[167.137832] (-) TimerEvent: {}
[167.139127] (control_msgs) StdoutLine: {'line': b'-- Symlinking: /home/pinet/SLAM_AGV/workspace/install/control_msgs/include/control_msgs/control_msgs/msg/interface_value.h\n'}
[167.168300] (control_msgs) StdoutLine: {'line': b'-- Symlinking: /home/pinet/SLAM_AGV/workspace/install/control_msgs/include/control_msgs/control_msgs/msg/joint_component_tolerance.h\n'}
[167.199089] (control_msgs) StdoutLine: {'line': b'-- Symlinking: /home/pinet/SLAM_AGV/workspace/install/control_msgs/include/control_msgs/control_msgs/msg/joint_controller_state.h\n'}
[167.227688] (control_msgs) StdoutLine: {'line': b'-- Symlinking: /home/pinet/SLAM_AGV/workspace/install/control_msgs/include/control_msgs/control_msgs/msg/joint_jog.h\n'}
[167.238011] (-) TimerEvent: {}
[167.259041] (control_msgs) StdoutLine: {'line': b'-- Symlinking: /home/pinet/SLAM_AGV/workspace/install/control_msgs/include/control_msgs/control_msgs/msg/joint_tolerance.h\n'}
[167.287671] (control_msgs) StdoutLine: {'line': b'-- Symlinking: /home/pinet/SLAM_AGV/workspace/install/control_msgs/include/control_msgs/control_msgs/msg/joint_trajectory_controller_state.h\n'}
[167.319741] (control_msgs) StdoutLine: {'line': b'-- Symlinking: /home/pinet/SLAM_AGV/workspace/install/control_msgs/include/control_msgs/control_msgs/msg/mecanum_drive_controller_state.h\n'}
[167.338183] (-) TimerEvent: {}
[167.348959] (control_msgs) StdoutLine: {'line': b'-- Symlinking: /home/pinet/SLAM_AGV/workspace/install/control_msgs/include/control_msgs/control_msgs/msg/multi_dof_command.h\n'}
[167.379364] (control_msgs) StdoutLine: {'line': b'-- Symlinking: /home/pinet/SLAM_AGV/workspace/install/control_msgs/include/control_msgs/control_msgs/msg/multi_dof_state_stamped.h\n'}
[167.409001] (control_msgs) StdoutLine: {'line': b'-- Symlinking: /home/pinet/SLAM_AGV/workspace/install/control_msgs/include/control_msgs/control_msgs/msg/pid_state.h\n'}
[167.438344] (-) TimerEvent: {}
[167.439271] (control_msgs) StdoutLine: {'line': b'-- Symlinking: /home/pinet/SLAM_AGV/workspace/install/control_msgs/include/control_msgs/control_msgs/msg/rosidl_generator_c__visibility_control.h\n'}
[167.468392] (control_msgs) StdoutLine: {'line': b'-- Symlinking: /home/pinet/SLAM_AGV/workspace/install/control_msgs/include/control_msgs/control_msgs/msg/single_dof_state.h\n'}
[167.497900] (control_msgs) StdoutLine: {'line': b'-- Symlinking: /home/pinet/SLAM_AGV/workspace/install/control_msgs/include/control_msgs/control_msgs/msg/single_dof_state_stamped.h\n'}
[167.526210] (control_msgs) StdoutLine: {'line': b'-- Symlinking: /home/pinet/SLAM_AGV/workspace/install/control_msgs/include/control_msgs/control_msgs/msg/steering_controller_status.h\n'}
[167.538529] (-) TimerEvent: {}
[167.558112] (control_msgs) StdoutLine: {'line': b'-- Symlinking: /home/pinet/SLAM_AGV/workspace/install/control_msgs/include/control_msgs/control_msgs/srv/detail/query_calibration_state__functions.h\n'}
[167.587204] (control_msgs) StdoutLine: {'line': b'-- Symlinking: /home/pinet/SLAM_AGV/workspace/install/control_msgs/include/control_msgs/control_msgs/srv/detail/query_calibration_state__struct.h\n'}
[167.618716] (control_msgs) StdoutLine: {'line': b'-- Symlinking: /home/pinet/SLAM_AGV/workspace/install/control_msgs/include/control_msgs/control_msgs/srv/detail/query_calibration_state__type_support.h\n'}
[167.638704] (-) TimerEvent: {}
[167.647193] (control_msgs) StdoutLine: {'line': b'-- Symlinking: /home/pinet/SLAM_AGV/workspace/install/control_msgs/include/control_msgs/control_msgs/srv/detail/query_trajectory_state__functions.h\n'}
[167.677046] (control_msgs) StdoutLine: {'line': b'-- Symlinking: /home/pinet/SLAM_AGV/workspace/install/control_msgs/include/control_msgs/control_msgs/srv/detail/query_trajectory_state__struct.h\n'}
[167.706669] (control_msgs) StdoutLine: {'line': b'-- Symlinking: /home/pinet/SLAM_AGV/workspace/install/control_msgs/include/control_msgs/control_msgs/srv/detail/query_trajectory_state__type_support.h\n'}
[167.735174] (control_msgs) StdoutLine: {'line': b'-- Symlinking: /home/pinet/SLAM_AGV/workspace/install/control_msgs/include/control_msgs/control_msgs/srv/query_calibration_state.h\n'}
[167.738857] (-) TimerEvent: {}
[167.764054] (control_msgs) StdoutLine: {'line': b'-- Symlinking: /home/pinet/SLAM_AGV/workspace/install/control_msgs/include/control_msgs/control_msgs/srv/query_trajectory_state.h\n'}
[167.795994] (control_msgs) StdoutLine: {'line': b'-- Symlinking: /home/pinet/SLAM_AGV/workspace/install/control_msgs/share/control_msgs/environment/library_path.sh\n'}
[167.825541] (control_msgs) StdoutLine: {'line': b'-- Symlinking: /home/pinet/SLAM_AGV/workspace/install/control_msgs/share/control_msgs/environment/library_path.dsv\n'}
[167.839161] (-) TimerEvent: {}
[167.867458] (control_msgs) StdoutLine: {'line': b'-- Symlinking: /home/pinet/SLAM_AGV/workspace/install/control_msgs/include/control_msgs/control_msgs/action/detail/follow_joint_trajectory__rosidl_typesupport_fastrtps_c.h\n'}
[167.896718] (control_msgs) StdoutLine: {'line': b'-- Symlinking: /home/pinet/SLAM_AGV/workspace/install/control_msgs/include/control_msgs/control_msgs/action/detail/gripper_command__rosidl_typesupport_fastrtps_c.h\n'}
[167.926148] (control_msgs) StdoutLine: {'line': b'-- Symlinking: /home/pinet/SLAM_AGV/workspace/install/control_msgs/include/control_msgs/control_msgs/action/detail/joint_trajectory__rosidl_typesupport_fastrtps_c.h\n'}
[167.939434] (-) TimerEvent: {}
[167.955359] (control_msgs) StdoutLine: {'line': b'-- Symlinking: /home/pinet/SLAM_AGV/workspace/install/control_msgs/include/control_msgs/control_msgs/action/detail/parallel_gripper_command__rosidl_typesupport_fastrtps_c.h\n'}
[167.986812] (control_msgs) StdoutLine: {'line': b'-- Symlinking: /home/pinet/SLAM_AGV/workspace/install/control_msgs/include/control_msgs/control_msgs/action/detail/point_head__rosidl_typesupport_fastrtps_c.h\n'}
[168.015543] (control_msgs) StdoutLine: {'line': b'-- Symlinking: /home/pinet/SLAM_AGV/workspace/install/control_msgs/include/control_msgs/control_msgs/action/detail/single_joint_position__rosidl_typesupport_fastrtps_c.h\n'}
[168.039618] (-) TimerEvent: {}
[168.047530] (control_msgs) StdoutLine: {'line': b'-- Symlinking: /home/pinet/SLAM_AGV/workspace/install/control_msgs/include/control_msgs/control_msgs/msg/detail/admittance_controller_state__rosidl_typesupport_fastrtps_c.h\n'}
[168.076679] (control_msgs) StdoutLine: {'line': b'-- Symlinking: /home/pinet/SLAM_AGV/workspace/install/control_msgs/include/control_msgs/control_msgs/msg/detail/dynamic_interface_group_values__rosidl_typesupport_fastrtps_c.h\n'}
[168.107112] (control_msgs) StdoutLine: {'line': b'-- Symlinking: /home/pinet/SLAM_AGV/workspace/install/control_msgs/include/control_msgs/control_msgs/msg/detail/dynamic_joint_state__rosidl_typesupport_fastrtps_c.h\n'}
[168.136197] (control_msgs) StdoutLine: {'line': b'-- Symlinking: /home/pinet/SLAM_AGV/workspace/install/control_msgs/include/control_msgs/control_msgs/msg/detail/gripper_command__rosidl_typesupport_fastrtps_c.h\n'}
[168.139789] (-) TimerEvent: {}
[168.166220] (control_msgs) StdoutLine: {'line': b'-- Symlinking: /home/pinet/SLAM_AGV/workspace/install/control_msgs/include/control_msgs/control_msgs/msg/detail/interface_value__rosidl_typesupport_fastrtps_c.h\n'}
[168.195504] (control_msgs) StdoutLine: {'line': b'-- Symlinking: /home/pinet/SLAM_AGV/workspace/install/control_msgs/include/control_msgs/control_msgs/msg/detail/joint_component_tolerance__rosidl_typesupport_fastrtps_c.h\n'}
[168.225204] (control_msgs) StdoutLine: {'line': b'-- Symlinking: /home/pinet/SLAM_AGV/workspace/install/control_msgs/include/control_msgs/control_msgs/msg/detail/joint_controller_state__rosidl_typesupport_fastrtps_c.h\n'}
[168.239981] (-) TimerEvent: {}
[168.255424] (control_msgs) StdoutLine: {'line': b'-- Symlinking: /home/pinet/SLAM_AGV/workspace/install/control_msgs/include/control_msgs/control_msgs/msg/detail/joint_jog__rosidl_typesupport_fastrtps_c.h\n'}
[168.284338] (control_msgs) StdoutLine: {'line': b'-- Symlinking: /home/pinet/SLAM_AGV/workspace/install/control_msgs/include/control_msgs/control_msgs/msg/detail/joint_tolerance__rosidl_typesupport_fastrtps_c.h\n'}
[168.314960] (control_msgs) StdoutLine: {'line': b'-- Symlinking: /home/pinet/SLAM_AGV/workspace/install/control_msgs/include/control_msgs/control_msgs/msg/detail/joint_trajectory_controller_state__rosidl_typesupport_fastrtps_c.h\n'}
[168.340147] (-) TimerEvent: {}
[168.343865] (control_msgs) StdoutLine: {'line': b'-- Symlinking: /home/pinet/SLAM_AGV/workspace/install/control_msgs/include/control_msgs/control_msgs/msg/detail/mecanum_drive_controller_state__rosidl_typesupport_fastrtps_c.h\n'}
[168.375323] (control_msgs) StdoutLine: {'line': b'-- Symlinking: /home/pinet/SLAM_AGV/workspace/install/control_msgs/include/control_msgs/control_msgs/msg/detail/multi_dof_command__rosidl_typesupport_fastrtps_c.h\n'}
[168.404644] (control_msgs) StdoutLine: {'line': b'-- Symlinking: /home/pinet/SLAM_AGV/workspace/install/control_msgs/include/control_msgs/control_msgs/msg/detail/multi_dof_state_stamped__rosidl_typesupport_fastrtps_c.h\n'}
[168.434175] (control_msgs) StdoutLine: {'line': b'-- Symlinking: /home/pinet/SLAM_AGV/workspace/install/control_msgs/include/control_msgs/control_msgs/msg/detail/pid_state__rosidl_typesupport_fastrtps_c.h\n'}
[168.440314] (-) TimerEvent: {}
[168.462653] (control_msgs) StdoutLine: {'line': b'-- Symlinking: /home/pinet/SLAM_AGV/workspace/install/control_msgs/include/control_msgs/control_msgs/msg/detail/single_dof_state__rosidl_typesupport_fastrtps_c.h\n'}
[168.491572] (control_msgs) StdoutLine: {'line': b'-- Symlinking: /home/pinet/SLAM_AGV/workspace/install/control_msgs/include/control_msgs/control_msgs/msg/detail/single_dof_state_stamped__rosidl_typesupport_fastrtps_c.h\n'}
[168.521526] (control_msgs) StdoutLine: {'line': b'-- Symlinking: /home/pinet/SLAM_AGV/workspace/install/control_msgs/include/control_msgs/control_msgs/msg/detail/steering_controller_status__rosidl_typesupport_fastrtps_c.h\n'}
[168.540586] (-) TimerEvent: {}
[168.550242] (control_msgs) StdoutLine: {'line': b'-- Symlinking: /home/pinet/SLAM_AGV/workspace/install/control_msgs/include/control_msgs/control_msgs/msg/rosidl_typesupport_fastrtps_c__visibility_control.h\n'}
[168.579680] (control_msgs) StdoutLine: {'line': b'-- Symlinking: /home/pinet/SLAM_AGV/workspace/install/control_msgs/include/control_msgs/control_msgs/srv/detail/query_calibration_state__rosidl_typesupport_fastrtps_c.h\n'}
[168.611458] (control_msgs) StdoutLine: {'line': b'-- Symlinking: /home/pinet/SLAM_AGV/workspace/install/control_msgs/include/control_msgs/control_msgs/srv/detail/query_trajectory_state__rosidl_typesupport_fastrtps_c.h\n'}
[168.640747] (-) TimerEvent: {}
[168.654771] (control_msgs) StdoutLine: {'line': b'-- Symlinking: /home/pinet/SLAM_AGV/workspace/install/control_msgs/include/control_msgs/control_msgs/action/detail/follow_joint_trajectory__builder.hpp\n'}
[168.683111] (control_msgs) StdoutLine: {'line': b'-- Symlinking: /home/pinet/SLAM_AGV/workspace/install/control_msgs/include/control_msgs/control_msgs/action/detail/follow_joint_trajectory__struct.hpp\n'}
[168.712530] (control_msgs) StdoutLine: {'line': b'-- Symlinking: /home/pinet/SLAM_AGV/workspace/install/control_msgs/include/control_msgs/control_msgs/action/detail/follow_joint_trajectory__traits.hpp\n'}
[168.740998] (-) TimerEvent: {}
[168.743465] (control_msgs) StdoutLine: {'line': b'-- Symlinking: /home/pinet/SLAM_AGV/workspace/install/control_msgs/include/control_msgs/control_msgs/action/detail/follow_joint_trajectory__type_support.hpp\n'}
[168.771814] (control_msgs) StdoutLine: {'line': b'-- Symlinking: /home/pinet/SLAM_AGV/workspace/install/control_msgs/include/control_msgs/control_msgs/action/detail/gripper_command__builder.hpp\n'}
[168.800784] (control_msgs) StdoutLine: {'line': b'-- Symlinking: /home/pinet/SLAM_AGV/workspace/install/control_msgs/include/control_msgs/control_msgs/action/detail/gripper_command__struct.hpp\n'}
[168.829341] (control_msgs) StdoutLine: {'line': b'-- Symlinking: /home/pinet/SLAM_AGV/workspace/install/control_msgs/include/control_msgs/control_msgs/action/detail/gripper_command__traits.hpp\n'}
[168.841255] (-) TimerEvent: {}
[168.859323] (control_msgs) StdoutLine: {'line': b'-- Symlinking: /home/pinet/SLAM_AGV/workspace/install/control_msgs/include/control_msgs/control_msgs/action/detail/gripper_command__type_support.hpp\n'}
[168.887902] (control_msgs) StdoutLine: {'line': b'-- Symlinking: /home/pinet/SLAM_AGV/workspace/install/control_msgs/include/control_msgs/control_msgs/action/detail/joint_trajectory__builder.hpp\n'}
[168.916858] (control_msgs) StdoutLine: {'line': b'-- Symlinking: /home/pinet/SLAM_AGV/workspace/install/control_msgs/include/control_msgs/control_msgs/action/detail/joint_trajectory__struct.hpp\n'}
[168.941380] (-) TimerEvent: {}
[168.947494] (control_msgs) StdoutLine: {'line': b'-- Symlinking: /home/pinet/SLAM_AGV/workspace/install/control_msgs/include/control_msgs/control_msgs/action/detail/joint_trajectory__traits.hpp\n'}
[168.976762] (control_msgs) StdoutLine: {'line': b'-- Symlinking: /home/pinet/SLAM_AGV/workspace/install/control_msgs/include/control_msgs/control_msgs/action/detail/joint_trajectory__type_support.hpp\n'}
[169.005392] (control_msgs) StdoutLine: {'line': b'-- Symlinking: /home/pinet/SLAM_AGV/workspace/install/control_msgs/include/control_msgs/control_msgs/action/detail/parallel_gripper_command__builder.hpp\n'}
[169.033673] (control_msgs) StdoutLine: {'line': b'-- Symlinking: /home/pinet/SLAM_AGV/workspace/install/control_msgs/include/control_msgs/control_msgs/action/detail/parallel_gripper_command__struct.hpp\n'}
[169.041535] (-) TimerEvent: {}
[169.062935] (control_msgs) StdoutLine: {'line': b'-- Symlinking: /home/pinet/SLAM_AGV/workspace/install/control_msgs/include/control_msgs/control_msgs/action/detail/parallel_gripper_command__traits.hpp\n'}
[169.091778] (control_msgs) StdoutLine: {'line': b'-- Symlinking: /home/pinet/SLAM_AGV/workspace/install/control_msgs/include/control_msgs/control_msgs/action/detail/parallel_gripper_command__type_support.hpp\n'}
[169.121231] (control_msgs) StdoutLine: {'line': b'-- Symlinking: /home/pinet/SLAM_AGV/workspace/install/control_msgs/include/control_msgs/control_msgs/action/detail/point_head__builder.hpp\n'}
[169.141715] (-) TimerEvent: {}
[169.150935] (control_msgs) StdoutLine: {'line': b'-- Symlinking: /home/pinet/SLAM_AGV/workspace/install/control_msgs/include/control_msgs/control_msgs/action/detail/point_head__struct.hpp\n'}
[169.180303] (control_msgs) StdoutLine: {'line': b'-- Symlinking: /home/pinet/SLAM_AGV/workspace/install/control_msgs/include/control_msgs/control_msgs/action/detail/point_head__traits.hpp\n'}
[169.209023] (control_msgs) StdoutLine: {'line': b'-- Symlinking: /home/pinet/SLAM_AGV/workspace/install/control_msgs/include/control_msgs/control_msgs/action/detail/point_head__type_support.hpp\n'}
[169.237444] (control_msgs) StdoutLine: {'line': b'-- Symlinking: /home/pinet/SLAM_AGV/workspace/install/control_msgs/include/control_msgs/control_msgs/action/detail/single_joint_position__builder.hpp\n'}
[169.241866] (-) TimerEvent: {}
[169.266703] (control_msgs) StdoutLine: {'line': b'-- Symlinking: /home/pinet/SLAM_AGV/workspace/install/control_msgs/include/control_msgs/control_msgs/action/detail/single_joint_position__struct.hpp\n'}
[169.294805] (control_msgs) StdoutLine: {'line': b'-- Symlinking: /home/pinet/SLAM_AGV/workspace/install/control_msgs/include/control_msgs/control_msgs/action/detail/single_joint_position__traits.hpp\n'}
[169.325834] (control_msgs) StdoutLine: {'line': b'-- Symlinking: /home/pinet/SLAM_AGV/workspace/install/control_msgs/include/control_msgs/control_msgs/action/detail/single_joint_position__type_support.hpp\n'}
[169.342040] (-) TimerEvent: {}
[169.355068] (control_msgs) StdoutLine: {'line': b'-- Symlinking: /home/pinet/SLAM_AGV/workspace/install/control_msgs/include/control_msgs/control_msgs/action/follow_joint_trajectory.hpp\n'}
[169.385831] (control_msgs) StdoutLine: {'line': b'-- Symlinking: /home/pinet/SLAM_AGV/workspace/install/control_msgs/include/control_msgs/control_msgs/action/gripper_command.hpp\n'}
[169.414245] (control_msgs) StdoutLine: {'line': b'-- Symlinking: /home/pinet/SLAM_AGV/workspace/install/control_msgs/include/control_msgs/control_msgs/action/joint_trajectory.hpp\n'}
[169.442219] (-) TimerEvent: {}
[169.445152] (control_msgs) StdoutLine: {'line': b'-- Symlinking: /home/pinet/SLAM_AGV/workspace/install/control_msgs/include/control_msgs/control_msgs/action/parallel_gripper_command.hpp\n'}
[169.474282] (control_msgs) StdoutLine: {'line': b'-- Symlinking: /home/pinet/SLAM_AGV/workspace/install/control_msgs/include/control_msgs/control_msgs/action/point_head.hpp\n'}
[169.503089] (control_msgs) StdoutLine: {'line': b'-- Symlinking: /home/pinet/SLAM_AGV/workspace/install/control_msgs/include/control_msgs/control_msgs/action/single_joint_position.hpp\n'}
[169.532325] (control_msgs) StdoutLine: {'line': b'-- Symlinking: /home/pinet/SLAM_AGV/workspace/install/control_msgs/include/control_msgs/control_msgs/msg/admittance_controller_state.hpp\n'}
[169.542377] (-) TimerEvent: {}
[169.562315] (control_msgs) StdoutLine: {'line': b'-- Symlinking: /home/pinet/SLAM_AGV/workspace/install/control_msgs/include/control_msgs/control_msgs/msg/detail/admittance_controller_state__builder.hpp\n'}
[169.591683] (control_msgs) StdoutLine: {'line': b'-- Symlinking: /home/pinet/SLAM_AGV/workspace/install/control_msgs/include/control_msgs/control_msgs/msg/detail/admittance_controller_state__struct.hpp\n'}
[169.620733] (control_msgs) StdoutLine: {'line': b'-- Symlinking: /home/pinet/SLAM_AGV/workspace/install/control_msgs/include/control_msgs/control_msgs/msg/detail/admittance_controller_state__traits.hpp\n'}
[169.642562] (-) TimerEvent: {}
[169.649823] (control_msgs) StdoutLine: {'line': b'-- Symlinking: /home/pinet/SLAM_AGV/workspace/install/control_msgs/include/control_msgs/control_msgs/msg/detail/admittance_controller_state__type_support.hpp\n'}
[169.678013] (control_msgs) StdoutLine: {'line': b'-- Symlinking: /home/pinet/SLAM_AGV/workspace/install/control_msgs/include/control_msgs/control_msgs/msg/detail/dynamic_interface_group_values__builder.hpp\n'}
[169.707494] (control_msgs) StdoutLine: {'line': b'-- Symlinking: /home/pinet/SLAM_AGV/workspace/install/control_msgs/include/control_msgs/control_msgs/msg/detail/dynamic_interface_group_values__struct.hpp\n'}
[169.736795] (control_msgs) StdoutLine: {'line': b'-- Symlinking: /home/pinet/SLAM_AGV/workspace/install/control_msgs/include/control_msgs/control_msgs/msg/detail/dynamic_interface_group_values__traits.hpp\n'}
[169.742722] (-) TimerEvent: {}
[169.765851] (control_msgs) StdoutLine: {'line': b'-- Symlinking: /home/pinet/SLAM_AGV/workspace/install/control_msgs/include/control_msgs/control_msgs/msg/detail/dynamic_interface_group_values__type_support.hpp\n'}
[169.794537] (control_msgs) StdoutLine: {'line': b'-- Symlinking: /home/pinet/SLAM_AGV/workspace/install/control_msgs/include/control_msgs/control_msgs/msg/detail/dynamic_joint_state__builder.hpp\n'}
[169.825539] (control_msgs) StdoutLine: {'line': b'-- Symlinking: /home/pinet/SLAM_AGV/workspace/install/control_msgs/include/control_msgs/control_msgs/msg/detail/dynamic_joint_state__struct.hpp\n'}
[169.842992] (-) TimerEvent: {}
[169.855464] (control_msgs) StdoutLine: {'line': b'-- Symlinking: /home/pinet/SLAM_AGV/workspace/install/control_msgs/include/control_msgs/control_msgs/msg/detail/dynamic_joint_state__traits.hpp\n'}
[169.884591] (control_msgs) StdoutLine: {'line': b'-- Symlinking: /home/pinet/SLAM_AGV/workspace/install/control_msgs/include/control_msgs/control_msgs/msg/detail/dynamic_joint_state__type_support.hpp\n'}
[169.913762] (control_msgs) StdoutLine: {'line': b'-- Symlinking: /home/pinet/SLAM_AGV/workspace/install/control_msgs/include/control_msgs/control_msgs/msg/detail/gripper_command__builder.hpp\n'}
[169.942620] (control_msgs) StdoutLine: {'line': b'-- Symlinking: /home/pinet/SLAM_AGV/workspace/install/control_msgs/include/control_msgs/control_msgs/msg/detail/gripper_command__struct.hpp\n'}
[169.943132] (-) TimerEvent: {}
[169.971084] (control_msgs) StdoutLine: {'line': b'-- Symlinking: /home/pinet/SLAM_AGV/workspace/install/control_msgs/include/control_msgs/control_msgs/msg/detail/gripper_command__traits.hpp\n'}
[170.000345] (control_msgs) StdoutLine: {'line': b'-- Symlinking: /home/pinet/SLAM_AGV/workspace/install/control_msgs/include/control_msgs/control_msgs/msg/detail/gripper_command__type_support.hpp\n'}
[170.029559] (control_msgs) StdoutLine: {'line': b'-- Symlinking: /home/pinet/SLAM_AGV/workspace/install/control_msgs/include/control_msgs/control_msgs/msg/detail/interface_value__builder.hpp\n'}
[170.043352] (-) TimerEvent: {}
[170.060279] (control_msgs) StdoutLine: {'line': b'-- Symlinking: /home/pinet/SLAM_AGV/workspace/install/control_msgs/include/control_msgs/control_msgs/msg/detail/interface_value__struct.hpp\n'}
[170.089540] (control_msgs) StdoutLine: {'line': b'-- Symlinking: /home/pinet/SLAM_AGV/workspace/install/control_msgs/include/control_msgs/control_msgs/msg/detail/interface_value__traits.hpp\n'}
[170.120090] (control_msgs) StdoutLine: {'line': b'-- Symlinking: /home/pinet/SLAM_AGV/workspace/install/control_msgs/include/control_msgs/control_msgs/msg/detail/interface_value__type_support.hpp\n'}
[170.143613] (-) TimerEvent: {}
[170.148443] (control_msgs) StdoutLine: {'line': b'-- Symlinking: /home/pinet/SLAM_AGV/workspace/install/control_msgs/include/control_msgs/control_msgs/msg/detail/joint_component_tolerance__builder.hpp\n'}
[170.177449] (control_msgs) StdoutLine: {'line': b'-- Symlinking: /home/pinet/SLAM_AGV/workspace/install/control_msgs/include/control_msgs/control_msgs/msg/detail/joint_component_tolerance__struct.hpp\n'}
[170.206821] (control_msgs) StdoutLine: {'line': b'-- Symlinking: /home/pinet/SLAM_AGV/workspace/install/control_msgs/include/control_msgs/control_msgs/msg/detail/joint_component_tolerance__traits.hpp\n'}
[170.236242] (control_msgs) StdoutLine: {'line': b'-- Symlinking: /home/pinet/SLAM_AGV/workspace/install/control_msgs/include/control_msgs/control_msgs/msg/detail/joint_component_tolerance__type_support.hpp\n'}
[170.243808] (-) TimerEvent: {}
[170.264676] (control_msgs) StdoutLine: {'line': b'-- Symlinking: /home/pinet/SLAM_AGV/workspace/install/control_msgs/include/control_msgs/control_msgs/msg/detail/joint_controller_state__builder.hpp\n'}
[170.297257] (control_msgs) StdoutLine: {'line': b'-- Symlinking: /home/pinet/SLAM_AGV/workspace/install/control_msgs/include/control_msgs/control_msgs/msg/detail/joint_controller_state__struct.hpp\n'}
[170.327949] (control_msgs) StdoutLine: {'line': b'-- Symlinking: /home/pinet/SLAM_AGV/workspace/install/control_msgs/include/control_msgs/control_msgs/msg/detail/joint_controller_state__traits.hpp\n'}
[170.344041] (-) TimerEvent: {}
[170.359296] (control_msgs) StdoutLine: {'line': b'-- Symlinking: /home/pinet/SLAM_AGV/workspace/install/control_msgs/include/control_msgs/control_msgs/msg/detail/joint_controller_state__type_support.hpp\n'}
[170.390267] (control_msgs) StdoutLine: {'line': b'-- Symlinking: /home/pinet/SLAM_AGV/workspace/install/control_msgs/include/control_msgs/control_msgs/msg/detail/joint_jog__builder.hpp\n'}
[170.418669] (control_msgs) StdoutLine: {'line': b'-- Symlinking: /home/pinet/SLAM_AGV/workspace/install/control_msgs/include/control_msgs/control_msgs/msg/detail/joint_jog__struct.hpp\n'}
[170.444206] (-) TimerEvent: {}
[170.449838] (control_msgs) StdoutLine: {'line': b'-- Symlinking: /home/pinet/SLAM_AGV/workspace/install/control_msgs/include/control_msgs/control_msgs/msg/detail/joint_jog__traits.hpp\n'}
[170.478245] (control_msgs) StdoutLine: {'line': b'-- Symlinking: /home/pinet/SLAM_AGV/workspace/install/control_msgs/include/control_msgs/control_msgs/msg/detail/joint_jog__type_support.hpp\n'}
[170.508922] (control_msgs) StdoutLine: {'line': b'-- Symlinking: /home/pinet/SLAM_AGV/workspace/install/control_msgs/include/control_msgs/control_msgs/msg/detail/joint_tolerance__builder.hpp\n'}
[170.537991] (control_msgs) StdoutLine: {'line': b'-- Symlinking: /home/pinet/SLAM_AGV/workspace/install/control_msgs/include/control_msgs/control_msgs/msg/detail/joint_tolerance__struct.hpp\n'}
[170.544449] (-) TimerEvent: {}
[170.566845] (control_msgs) StdoutLine: {'line': b'-- Symlinking: /home/pinet/SLAM_AGV/workspace/install/control_msgs/include/control_msgs/control_msgs/msg/detail/joint_tolerance__traits.hpp\n'}
[170.596270] (control_msgs) StdoutLine: {'line': b'-- Symlinking: /home/pinet/SLAM_AGV/workspace/install/control_msgs/include/control_msgs/control_msgs/msg/detail/joint_tolerance__type_support.hpp\n'}
[170.626854] (control_msgs) StdoutLine: {'line': b'-- Symlinking: /home/pinet/SLAM_AGV/workspace/install/control_msgs/include/control_msgs/control_msgs/msg/detail/joint_trajectory_controller_state__builder.hpp\n'}
[170.644641] (-) TimerEvent: {}
[170.655602] (control_msgs) StdoutLine: {'line': b'-- Symlinking: /home/pinet/SLAM_AGV/workspace/install/control_msgs/include/control_msgs/control_msgs/msg/detail/joint_trajectory_controller_state__struct.hpp\n'}
[170.684645] (control_msgs) StdoutLine: {'line': b'-- Symlinking: /home/pinet/SLAM_AGV/workspace/install/control_msgs/include/control_msgs/control_msgs/msg/detail/joint_trajectory_controller_state__traits.hpp\n'}
[170.712811] (control_msgs) StdoutLine: {'line': b'-- Symlinking: /home/pinet/SLAM_AGV/workspace/install/control_msgs/include/control_msgs/control_msgs/msg/detail/joint_trajectory_controller_state__type_support.hpp\n'}
[170.741835] (control_msgs) StdoutLine: {'line': b'-- Symlinking: /home/pinet/SLAM_AGV/workspace/install/control_msgs/include/control_msgs/control_msgs/msg/detail/mecanum_drive_controller_state__builder.hpp\n'}
[170.744864] (-) TimerEvent: {}
[170.770271] (control_msgs) StdoutLine: {'line': b'-- Symlinking: /home/pinet/SLAM_AGV/workspace/install/control_msgs/include/control_msgs/control_msgs/msg/detail/mecanum_drive_controller_state__struct.hpp\n'}
[170.799095] (control_msgs) StdoutLine: {'line': b'-- Symlinking: /home/pinet/SLAM_AGV/workspace/install/control_msgs/include/control_msgs/control_msgs/msg/detail/mecanum_drive_controller_state__traits.hpp\n'}
[170.830261] (control_msgs) StdoutLine: {'line': b'-- Symlinking: /home/pinet/SLAM_AGV/workspace/install/control_msgs/include/control_msgs/control_msgs/msg/detail/mecanum_drive_controller_state__type_support.hpp\n'}
[170.845034] (-) TimerEvent: {}
[170.858716] (control_msgs) StdoutLine: {'line': b'-- Symlinking: /home/pinet/SLAM_AGV/workspace/install/control_msgs/include/control_msgs/control_msgs/msg/detail/multi_dof_command__builder.hpp\n'}
[170.889994] (control_msgs) StdoutLine: {'line': b'-- Symlinking: /home/pinet/SLAM_AGV/workspace/install/control_msgs/include/control_msgs/control_msgs/msg/detail/multi_dof_command__struct.hpp\n'}
[170.920988] (control_msgs) StdoutLine: {'line': b'-- Symlinking: /home/pinet/SLAM_AGV/workspace/install/control_msgs/include/control_msgs/control_msgs/msg/detail/multi_dof_command__traits.hpp\n'}
[170.945331] (-) TimerEvent: {}
[170.950164] (control_msgs) StdoutLine: {'line': b'-- Symlinking: /home/pinet/SLAM_AGV/workspace/install/control_msgs/include/control_msgs/control_msgs/msg/detail/multi_dof_command__type_support.hpp\n'}
[170.979469] (control_msgs) StdoutLine: {'line': b'-- Symlinking: /home/pinet/SLAM_AGV/workspace/install/control_msgs/include/control_msgs/control_msgs/msg/detail/multi_dof_state_stamped__builder.hpp\n'}
[171.007994] (control_msgs) StdoutLine: {'line': b'-- Symlinking: /home/pinet/SLAM_AGV/workspace/install/control_msgs/include/control_msgs/control_msgs/msg/detail/multi_dof_state_stamped__struct.hpp\n'}
[171.037635] (control_msgs) StdoutLine: {'line': b'-- Symlinking: /home/pinet/SLAM_AGV/workspace/install/control_msgs/include/control_msgs/control_msgs/msg/detail/multi_dof_state_stamped__traits.hpp\n'}
[171.045502] (-) TimerEvent: {}
[171.068449] (control_msgs) StdoutLine: {'line': b'-- Symlinking: /home/pinet/SLAM_AGV/workspace/install/control_msgs/include/control_msgs/control_msgs/msg/detail/multi_dof_state_stamped__type_support.hpp\n'}
[171.098225] (control_msgs) StdoutLine: {'line': b'-- Symlinking: /home/pinet/SLAM_AGV/workspace/install/control_msgs/include/control_msgs/control_msgs/msg/detail/pid_state__builder.hpp\n'}
[171.128395] (control_msgs) StdoutLine: {'line': b'-- Symlinking: /home/pinet/SLAM_AGV/workspace/install/control_msgs/include/control_msgs/control_msgs/msg/detail/pid_state__struct.hpp\n'}
[171.145728] (-) TimerEvent: {}
[171.157608] (control_msgs) StdoutLine: {'line': b'-- Symlinking: /home/pinet/SLAM_AGV/workspace/install/control_msgs/include/control_msgs/control_msgs/msg/detail/pid_state__traits.hpp\n'}
[171.186904] (control_msgs) StdoutLine: {'line': b'-- Symlinking: /home/pinet/SLAM_AGV/workspace/install/control_msgs/include/control_msgs/control_msgs/msg/detail/pid_state__type_support.hpp\n'}
[171.215940] (control_msgs) StdoutLine: {'line': b'-- Symlinking: /home/pinet/SLAM_AGV/workspace/install/control_msgs/include/control_msgs/control_msgs/msg/detail/single_dof_state__builder.hpp\n'}
[171.245898] (-) TimerEvent: {}
[171.247470] (control_msgs) StdoutLine: {'line': b'-- Symlinking: /home/pinet/SLAM_AGV/workspace/install/control_msgs/include/control_msgs/control_msgs/msg/detail/single_dof_state__struct.hpp\n'}
[171.276315] (control_msgs) StdoutLine: {'line': b'-- Symlinking: /home/pinet/SLAM_AGV/workspace/install/control_msgs/include/control_msgs/control_msgs/msg/detail/single_dof_state__traits.hpp\n'}
[171.307059] (control_msgs) StdoutLine: {'line': b'-- Symlinking: /home/pinet/SLAM_AGV/workspace/install/control_msgs/include/control_msgs/control_msgs/msg/detail/single_dof_state__type_support.hpp\n'}
[171.336110] (control_msgs) StdoutLine: {'line': b'-- Symlinking: /home/pinet/SLAM_AGV/workspace/install/control_msgs/include/control_msgs/control_msgs/msg/detail/single_dof_state_stamped__builder.hpp\n'}
[171.346082] (-) TimerEvent: {}
[171.367656] (control_msgs) StdoutLine: {'line': b'-- Symlinking: /home/pinet/SLAM_AGV/workspace/install/control_msgs/include/control_msgs/control_msgs/msg/detail/single_dof_state_stamped__struct.hpp\n'}
[171.396675] (control_msgs) StdoutLine: {'line': b'-- Symlinking: /home/pinet/SLAM_AGV/workspace/install/control_msgs/include/control_msgs/control_msgs/msg/detail/single_dof_state_stamped__traits.hpp\n'}
[171.425603] (control_msgs) StdoutLine: {'line': b'-- Symlinking: /home/pinet/SLAM_AGV/workspace/install/control_msgs/include/control_msgs/control_msgs/msg/detail/single_dof_state_stamped__type_support.hpp\n'}
[171.446247] (-) TimerEvent: {}
[171.454653] (control_msgs) StdoutLine: {'line': b'-- Symlinking: /home/pinet/SLAM_AGV/workspace/install/control_msgs/include/control_msgs/control_msgs/msg/detail/steering_controller_status__builder.hpp\n'}
[171.485639] (control_msgs) StdoutLine: {'line': b'-- Symlinking: /home/pinet/SLAM_AGV/workspace/install/control_msgs/include/control_msgs/control_msgs/msg/detail/steering_controller_status__struct.hpp\n'}
[171.514326] (control_msgs) StdoutLine: {'line': b'-- Symlinking: /home/pinet/SLAM_AGV/workspace/install/control_msgs/include/control_msgs/control_msgs/msg/detail/steering_controller_status__traits.hpp\n'}
[171.544582] (control_msgs) StdoutLine: {'line': b'-- Symlinking: /home/pinet/SLAM_AGV/workspace/install/control_msgs/include/control_msgs/control_msgs/msg/detail/steering_controller_status__type_support.hpp\n'}
[171.546355] (-) TimerEvent: {}
[171.574180] (control_msgs) StdoutLine: {'line': b'-- Symlinking: /home/pinet/SLAM_AGV/workspace/install/control_msgs/include/control_msgs/control_msgs/msg/dynamic_interface_group_values.hpp\n'}
[171.603278] (control_msgs) StdoutLine: {'line': b'-- Symlinking: /home/pinet/SLAM_AGV/workspace/install/control_msgs/include/control_msgs/control_msgs/msg/dynamic_joint_state.hpp\n'}
[171.632443] (control_msgs) StdoutLine: {'line': b'-- Symlinking: /home/pinet/SLAM_AGV/workspace/install/control_msgs/include/control_msgs/control_msgs/msg/gripper_command.hpp\n'}
[171.646665] (-) TimerEvent: {}
[171.662601] (control_msgs) StdoutLine: {'line': b'-- Symlinking: /home/pinet/SLAM_AGV/workspace/install/control_msgs/include/control_msgs/control_msgs/msg/interface_value.hpp\n'}
[171.691800] (control_msgs) StdoutLine: {'line': b'-- Symlinking: /home/pinet/SLAM_AGV/workspace/install/control_msgs/include/control_msgs/control_msgs/msg/joint_component_tolerance.hpp\n'}
[171.720022] (control_msgs) StdoutLine: {'line': b'-- Symlinking: /home/pinet/SLAM_AGV/workspace/install/control_msgs/include/control_msgs/control_msgs/msg/joint_controller_state.hpp\n'}
[171.746843] (-) TimerEvent: {}
[171.748881] (control_msgs) StdoutLine: {'line': b'-- Symlinking: /home/pinet/SLAM_AGV/workspace/install/control_msgs/include/control_msgs/control_msgs/msg/joint_jog.hpp\n'}
[171.779524] (control_msgs) StdoutLine: {'line': b'-- Symlinking: /home/pinet/SLAM_AGV/workspace/install/control_msgs/include/control_msgs/control_msgs/msg/joint_tolerance.hpp\n'}
[171.808396] (control_msgs) StdoutLine: {'line': b'-- Symlinking: /home/pinet/SLAM_AGV/workspace/install/control_msgs/include/control_msgs/control_msgs/msg/joint_trajectory_controller_state.hpp\n'}
[171.837132] (control_msgs) StdoutLine: {'line': b'-- Symlinking: /home/pinet/SLAM_AGV/workspace/install/control_msgs/include/control_msgs/control_msgs/msg/mecanum_drive_controller_state.hpp\n'}
[171.847109] (-) TimerEvent: {}
[171.867309] (control_msgs) StdoutLine: {'line': b'-- Symlinking: /home/pinet/SLAM_AGV/workspace/install/control_msgs/include/control_msgs/control_msgs/msg/multi_dof_command.hpp\n'}
[171.897143] (control_msgs) StdoutLine: {'line': b'-- Symlinking: /home/pinet/SLAM_AGV/workspace/install/control_msgs/include/control_msgs/control_msgs/msg/multi_dof_state_stamped.hpp\n'}
[171.927551] (control_msgs) StdoutLine: {'line': b'-- Symlinking: /home/pinet/SLAM_AGV/workspace/install/control_msgs/include/control_msgs/control_msgs/msg/pid_state.hpp\n'}
[171.947303] (-) TimerEvent: {}
[171.956848] (control_msgs) StdoutLine: {'line': b'-- Symlinking: /home/pinet/SLAM_AGV/workspace/install/control_msgs/include/control_msgs/control_msgs/msg/rosidl_generator_cpp__visibility_control.hpp\n'}
[171.986633] (control_msgs) StdoutLine: {'line': b'-- Symlinking: /home/pinet/SLAM_AGV/workspace/install/control_msgs/include/control_msgs/control_msgs/msg/single_dof_state.hpp\n'}
[172.016148] (control_msgs) StdoutLine: {'line': b'-- Symlinking: /home/pinet/SLAM_AGV/workspace/install/control_msgs/include/control_msgs/control_msgs/msg/single_dof_state_stamped.hpp\n'}
[172.045432] (control_msgs) StdoutLine: {'line': b'-- Symlinking: /home/pinet/SLAM_AGV/workspace/install/control_msgs/include/control_msgs/control_msgs/msg/steering_controller_status.hpp\n'}
[172.047508] (-) TimerEvent: {}
[172.074891] (control_msgs) StdoutLine: {'line': b'-- Symlinking: /home/pinet/SLAM_AGV/workspace/install/control_msgs/include/control_msgs/control_msgs/srv/detail/query_calibration_state__builder.hpp\n'}
[172.104029] (control_msgs) StdoutLine: {'line': b'-- Symlinking: /home/pinet/SLAM_AGV/workspace/install/control_msgs/include/control_msgs/control_msgs/srv/detail/query_calibration_state__struct.hpp\n'}
[172.132969] (control_msgs) StdoutLine: {'line': b'-- Symlinking: /home/pinet/SLAM_AGV/workspace/install/control_msgs/include/control_msgs/control_msgs/srv/detail/query_calibration_state__traits.hpp\n'}
[172.147700] (-) TimerEvent: {}
[172.162269] (control_msgs) StdoutLine: {'line': b'-- Symlinking: /home/pinet/SLAM_AGV/workspace/install/control_msgs/include/control_msgs/control_msgs/srv/detail/query_calibration_state__type_support.hpp\n'}
[172.191953] (control_msgs) StdoutLine: {'line': b'-- Symlinking: /home/pinet/SLAM_AGV/workspace/install/control_msgs/include/control_msgs/control_msgs/srv/detail/query_trajectory_state__builder.hpp\n'}
[172.220882] (control_msgs) StdoutLine: {'line': b'-- Symlinking: /home/pinet/SLAM_AGV/workspace/install/control_msgs/include/control_msgs/control_msgs/srv/detail/query_trajectory_state__struct.hpp\n'}
[172.247915] (-) TimerEvent: {}
[172.251250] (control_msgs) StdoutLine: {'line': b'-- Symlinking: /home/pinet/SLAM_AGV/workspace/install/control_msgs/include/control_msgs/control_msgs/srv/detail/query_trajectory_state__traits.hpp\n'}
[172.281179] (control_msgs) StdoutLine: {'line': b'-- Symlinking: /home/pinet/SLAM_AGV/workspace/install/control_msgs/include/control_msgs/control_msgs/srv/detail/query_trajectory_state__type_support.hpp\n'}
[172.309185] (control_msgs) StdoutLine: {'line': b'-- Symlinking: /home/pinet/SLAM_AGV/workspace/install/control_msgs/include/control_msgs/control_msgs/srv/query_calibration_state.hpp\n'}
[172.338053] (control_msgs) StdoutLine: {'line': b'-- Symlinking: /home/pinet/SLAM_AGV/workspace/install/control_msgs/include/control_msgs/control_msgs/srv/query_trajectory_state.hpp\n'}
[172.348093] (-) TimerEvent: {}
[172.379398] (control_msgs) StdoutLine: {'line': b'-- Symlinking: /home/pinet/SLAM_AGV/workspace/install/control_msgs/include/control_msgs/control_msgs/action/detail/follow_joint_trajectory__rosidl_typesupport_fastrtps_cpp.hpp\n'}
[172.408220] (control_msgs) StdoutLine: {'line': b'-- Symlinking: /home/pinet/SLAM_AGV/workspace/install/control_msgs/include/control_msgs/control_msgs/action/detail/gripper_command__rosidl_typesupport_fastrtps_cpp.hpp\n'}
[172.440189] (control_msgs) StdoutLine: {'line': b'-- Symlinking: /home/pinet/SLAM_AGV/workspace/install/control_msgs/include/control_msgs/control_msgs/action/detail/joint_trajectory__rosidl_typesupport_fastrtps_cpp.hpp\n'}
[172.448342] (-) TimerEvent: {}
[172.469477] (control_msgs) StdoutLine: {'line': b'-- Symlinking: /home/pinet/SLAM_AGV/workspace/install/control_msgs/include/control_msgs/control_msgs/action/detail/parallel_gripper_command__rosidl_typesupport_fastrtps_cpp.hpp\n'}
[172.498457] (control_msgs) StdoutLine: {'line': b'-- Symlinking: /home/pinet/SLAM_AGV/workspace/install/control_msgs/include/control_msgs/control_msgs/action/detail/point_head__rosidl_typesupport_fastrtps_cpp.hpp\n'}
[172.529486] (control_msgs) StdoutLine: {'line': b'-- Symlinking: /home/pinet/SLAM_AGV/workspace/install/control_msgs/include/control_msgs/control_msgs/action/detail/single_joint_position__rosidl_typesupport_fastrtps_cpp.hpp\n'}
[172.548538] (-) TimerEvent: {}
[172.558561] (control_msgs) StdoutLine: {'line': b'-- Symlinking: /home/pinet/SLAM_AGV/workspace/install/control_msgs/include/control_msgs/control_msgs/msg/detail/admittance_controller_state__rosidl_typesupport_fastrtps_cpp.hpp\n'}
[172.587825] (control_msgs) StdoutLine: {'line': b'-- Symlinking: /home/pinet/SLAM_AGV/workspace/install/control_msgs/include/control_msgs/control_msgs/msg/detail/dynamic_interface_group_values__rosidl_typesupport_fastrtps_cpp.hpp\n'}
[172.616373] (control_msgs) StdoutLine: {'line': b'-- Symlinking: /home/pinet/SLAM_AGV/workspace/install/control_msgs/include/control_msgs/control_msgs/msg/detail/dynamic_joint_state__rosidl_typesupport_fastrtps_cpp.hpp\n'}
[172.645665] (control_msgs) StdoutLine: {'line': b'-- Symlinking: /home/pinet/SLAM_AGV/workspace/install/control_msgs/include/control_msgs/control_msgs/msg/detail/gripper_command__rosidl_typesupport_fastrtps_cpp.hpp\n'}
[172.648764] (-) TimerEvent: {}
[172.674437] (control_msgs) StdoutLine: {'line': b'-- Symlinking: /home/pinet/SLAM_AGV/workspace/install/control_msgs/include/control_msgs/control_msgs/msg/detail/interface_value__rosidl_typesupport_fastrtps_cpp.hpp\n'}
[172.703583] (control_msgs) StdoutLine: {'line': b'-- Symlinking: /home/pinet/SLAM_AGV/workspace/install/control_msgs/include/control_msgs/control_msgs/msg/detail/joint_component_tolerance__rosidl_typesupport_fastrtps_cpp.hpp\n'}
[172.735766] (control_msgs) StdoutLine: {'line': b'-- Symlinking: /home/pinet/SLAM_AGV/workspace/install/control_msgs/include/control_msgs/control_msgs/msg/detail/joint_controller_state__rosidl_typesupport_fastrtps_cpp.hpp\n'}
[172.748944] (-) TimerEvent: {}
[172.764292] (control_msgs) StdoutLine: {'line': b'-- Symlinking: /home/pinet/SLAM_AGV/workspace/install/control_msgs/include/control_msgs/control_msgs/msg/detail/joint_jog__rosidl_typesupport_fastrtps_cpp.hpp\n'}
[172.795888] (control_msgs) StdoutLine: {'line': b'-- Symlinking: /home/pinet/SLAM_AGV/workspace/install/control_msgs/include/control_msgs/control_msgs/msg/detail/joint_tolerance__rosidl_typesupport_fastrtps_cpp.hpp\n'}
[172.825270] (control_msgs) StdoutLine: {'line': b'-- Symlinking: /home/pinet/SLAM_AGV/workspace/install/control_msgs/include/control_msgs/control_msgs/msg/detail/joint_trajectory_controller_state__rosidl_typesupport_fastrtps_cpp.hpp\n'}
[172.849169] (-) TimerEvent: {}
[172.856229] (control_msgs) StdoutLine: {'line': b'-- Symlinking: /home/pinet/SLAM_AGV/workspace/install/control_msgs/include/control_msgs/control_msgs/msg/detail/mecanum_drive_controller_state__rosidl_typesupport_fastrtps_cpp.hpp\n'}
[172.885803] (control_msgs) StdoutLine: {'line': b'-- Symlinking: /home/pinet/SLAM_AGV/workspace/install/control_msgs/include/control_msgs/control_msgs/msg/detail/multi_dof_command__rosidl_typesupport_fastrtps_cpp.hpp\n'}
[172.915350] (control_msgs) StdoutLine: {'line': b'-- Symlinking: /home/pinet/SLAM_AGV/workspace/install/control_msgs/include/control_msgs/control_msgs/msg/detail/multi_dof_state_stamped__rosidl_typesupport_fastrtps_cpp.hpp\n'}
[172.944202] (control_msgs) StdoutLine: {'line': b'-- Symlinking: /home/pinet/SLAM_AGV/workspace/install/control_msgs/include/control_msgs/control_msgs/msg/detail/pid_state__rosidl_typesupport_fastrtps_cpp.hpp\n'}
[172.949312] (-) TimerEvent: {}
[172.975660] (control_msgs) StdoutLine: {'line': b'-- Symlinking: /home/pinet/SLAM_AGV/workspace/install/control_msgs/include/control_msgs/control_msgs/msg/detail/single_dof_state__rosidl_typesupport_fastrtps_cpp.hpp\n'}
[173.004926] (control_msgs) StdoutLine: {'line': b'-- Symlinking: /home/pinet/SLAM_AGV/workspace/install/control_msgs/include/control_msgs/control_msgs/msg/detail/single_dof_state_stamped__rosidl_typesupport_fastrtps_cpp.hpp\n'}
[173.035275] (control_msgs) StdoutLine: {'line': b'-- Symlinking: /home/pinet/SLAM_AGV/workspace/install/control_msgs/include/control_msgs/control_msgs/msg/detail/steering_controller_status__rosidl_typesupport_fastrtps_cpp.hpp\n'}
[173.049476] (-) TimerEvent: {}
[173.064576] (control_msgs) StdoutLine: {'line': b'-- Symlinking: /home/pinet/SLAM_AGV/workspace/install/control_msgs/include/control_msgs/control_msgs/msg/rosidl_typesupport_fastrtps_cpp__visibility_control.h\n'}
[173.094580] (control_msgs) StdoutLine: {'line': b'-- Symlinking: /home/pinet/SLAM_AGV/workspace/install/control_msgs/include/control_msgs/control_msgs/srv/detail/query_calibration_state__rosidl_typesupport_fastrtps_cpp.hpp\n'}
[173.123725] (control_msgs) StdoutLine: {'line': b'-- Symlinking: /home/pinet/SLAM_AGV/workspace/install/control_msgs/include/control_msgs/control_msgs/srv/detail/query_trajectory_state__rosidl_typesupport_fastrtps_cpp.hpp\n'}
[173.149642] (-) TimerEvent: {}
[173.160353] (control_msgs) StdoutLine: {'line': b'-- Symlinking: /home/pinet/SLAM_AGV/workspace/install/control_msgs/include/control_msgs/control_msgs/action/detail/follow_joint_trajectory__rosidl_typesupport_introspection_c.h\n'}
[173.191785] (control_msgs) StdoutLine: {'line': b'-- Symlinking: /home/pinet/SLAM_AGV/workspace/install/control_msgs/include/control_msgs/control_msgs/action/detail/gripper_command__rosidl_typesupport_introspection_c.h\n'}
[173.221381] (control_msgs) StdoutLine: {'line': b'-- Symlinking: /home/pinet/SLAM_AGV/workspace/install/control_msgs/include/control_msgs/control_msgs/action/detail/joint_trajectory__rosidl_typesupport_introspection_c.h\n'}
[173.249831] (control_msgs) StdoutLine: {'line': b'-- Symlinking: /home/pinet/SLAM_AGV/workspace/install/control_msgs/include/control_msgs/control_msgs/action/detail/parallel_gripper_command__rosidl_typesupport_introspection_c.h\n'}
[173.250327] (-) TimerEvent: {}
[173.278820] (control_msgs) StdoutLine: {'line': b'-- Symlinking: /home/pinet/SLAM_AGV/workspace/install/control_msgs/include/control_msgs/control_msgs/action/detail/point_head__rosidl_typesupport_introspection_c.h\n'}
[173.308348] (control_msgs) StdoutLine: {'line': b'-- Symlinking: /home/pinet/SLAM_AGV/workspace/install/control_msgs/include/control_msgs/control_msgs/action/detail/single_joint_position__rosidl_typesupport_introspection_c.h\n'}
[173.337547] (control_msgs) StdoutLine: {'line': b'-- Symlinking: /home/pinet/SLAM_AGV/workspace/install/control_msgs/include/control_msgs/control_msgs/msg/detail/admittance_controller_state__rosidl_typesupport_introspection_c.h\n'}
[173.350537] (-) TimerEvent: {}
[173.366746] (control_msgs) StdoutLine: {'line': b'-- Symlinking: /home/pinet/SLAM_AGV/workspace/install/control_msgs/include/control_msgs/control_msgs/msg/detail/dynamic_interface_group_values__rosidl_typesupport_introspection_c.h\n'}
[173.396021] (control_msgs) StdoutLine: {'line': b'-- Symlinking: /home/pinet/SLAM_AGV/workspace/install/control_msgs/include/control_msgs/control_msgs/msg/detail/dynamic_joint_state__rosidl_typesupport_introspection_c.h\n'}
[173.424430] (control_msgs) StdoutLine: {'line': b'-- Symlinking: /home/pinet/SLAM_AGV/workspace/install/control_msgs/include/control_msgs/control_msgs/msg/detail/gripper_command__rosidl_typesupport_introspection_c.h\n'}
[173.450732] (-) TimerEvent: {}
[173.453463] (control_msgs) StdoutLine: {'line': b'-- Symlinking: /home/pinet/SLAM_AGV/workspace/install/control_msgs/include/control_msgs/control_msgs/msg/detail/interface_value__rosidl_typesupport_introspection_c.h\n'}
[173.483871] (control_msgs) StdoutLine: {'line': b'-- Symlinking: /home/pinet/SLAM_AGV/workspace/install/control_msgs/include/control_msgs/control_msgs/msg/detail/joint_component_tolerance__rosidl_typesupport_introspection_c.h\n'}
[173.512972] (control_msgs) StdoutLine: {'line': b'-- Symlinking: /home/pinet/SLAM_AGV/workspace/install/control_msgs/include/control_msgs/control_msgs/msg/detail/joint_controller_state__rosidl_typesupport_introspection_c.h\n'}
[173.541475] (control_msgs) StdoutLine: {'line': b'-- Symlinking: /home/pinet/SLAM_AGV/workspace/install/control_msgs/include/control_msgs/control_msgs/msg/detail/joint_jog__rosidl_typesupport_introspection_c.h\n'}
[173.550964] (-) TimerEvent: {}
[173.570538] (control_msgs) StdoutLine: {'line': b'-- Symlinking: /home/pinet/SLAM_AGV/workspace/install/control_msgs/include/control_msgs/control_msgs/msg/detail/joint_tolerance__rosidl_typesupport_introspection_c.h\n'}
[173.599916] (control_msgs) StdoutLine: {'line': b'-- Symlinking: /home/pinet/SLAM_AGV/workspace/install/control_msgs/include/control_msgs/control_msgs/msg/detail/joint_trajectory_controller_state__rosidl_typesupport_introspection_c.h\n'}
[173.629774] (control_msgs) StdoutLine: {'line': b'-- Symlinking: /home/pinet/SLAM_AGV/workspace/install/control_msgs/include/control_msgs/control_msgs/msg/detail/mecanum_drive_controller_state__rosidl_typesupport_introspection_c.h\n'}
[173.651144] (-) TimerEvent: {}
[173.660067] (control_msgs) StdoutLine: {'line': b'-- Symlinking: /home/pinet/SLAM_AGV/workspace/install/control_msgs/include/control_msgs/control_msgs/msg/detail/multi_dof_command__rosidl_typesupport_introspection_c.h\n'}
[173.689566] (control_msgs) StdoutLine: {'line': b'-- Symlinking: /home/pinet/SLAM_AGV/workspace/install/control_msgs/include/control_msgs/control_msgs/msg/detail/multi_dof_state_stamped__rosidl_typesupport_introspection_c.h\n'}
[173.719911] (control_msgs) StdoutLine: {'line': b'-- Symlinking: /home/pinet/SLAM_AGV/workspace/install/control_msgs/include/control_msgs/control_msgs/msg/detail/pid_state__rosidl_typesupport_introspection_c.h\n'}
[173.749549] (control_msgs) StdoutLine: {'line': b'-- Symlinking: /home/pinet/SLAM_AGV/workspace/install/control_msgs/include/control_msgs/control_msgs/msg/detail/single_dof_state__rosidl_typesupport_introspection_c.h\n'}
[173.751320] (-) TimerEvent: {}
[173.779231] (control_msgs) StdoutLine: {'line': b'-- Symlinking: /home/pinet/SLAM_AGV/workspace/install/control_msgs/include/control_msgs/control_msgs/msg/detail/single_dof_state_stamped__rosidl_typesupport_introspection_c.h\n'}
[173.811626] (control_msgs) StdoutLine: {'line': b'-- Symlinking: /home/pinet/SLAM_AGV/workspace/install/control_msgs/include/control_msgs/control_msgs/msg/detail/steering_controller_status__rosidl_typesupport_introspection_c.h\n'}
[173.840623] (control_msgs) StdoutLine: {'line': b'-- Symlinking: /home/pinet/SLAM_AGV/workspace/install/control_msgs/include/control_msgs/control_msgs/msg/rosidl_typesupport_introspection_c__visibility_control.h\n'}
[173.851548] (-) TimerEvent: {}
[173.871671] (control_msgs) StdoutLine: {'line': b'-- Symlinking: /home/pinet/SLAM_AGV/workspace/install/control_msgs/include/control_msgs/control_msgs/srv/detail/query_calibration_state__rosidl_typesupport_introspection_c.h\n'}
[173.901284] (control_msgs) StdoutLine: {'line': b'-- Symlinking: /home/pinet/SLAM_AGV/workspace/install/control_msgs/include/control_msgs/control_msgs/srv/detail/query_trajectory_state__rosidl_typesupport_introspection_c.h\n'}
[173.938076] (control_msgs) StdoutLine: {'line': b'-- Symlinking: /home/pinet/SLAM_AGV/workspace/install/control_msgs/include/control_msgs/control_msgs/action/detail/follow_joint_trajectory__rosidl_typesupport_introspection_cpp.hpp\n'}
[173.951719] (-) TimerEvent: {}
[173.970291] (control_msgs) StdoutLine: {'line': b'-- Symlinking: /home/pinet/SLAM_AGV/workspace/install/control_msgs/include/control_msgs/control_msgs/action/detail/gripper_command__rosidl_typesupport_introspection_cpp.hpp\n'}
[174.001451] (control_msgs) StdoutLine: {'line': b'-- Symlinking: /home/pinet/SLAM_AGV/workspace/install/control_msgs/include/control_msgs/control_msgs/action/detail/joint_trajectory__rosidl_typesupport_introspection_cpp.hpp\n'}
[174.030601] (control_msgs) StdoutLine: {'line': b'-- Symlinking: /home/pinet/SLAM_AGV/workspace/install/control_msgs/include/control_msgs/control_msgs/action/detail/parallel_gripper_command__rosidl_typesupport_introspection_cpp.hpp\n'}
[174.051899] (-) TimerEvent: {}
[174.061263] (control_msgs) StdoutLine: {'line': b'-- Symlinking: /home/pinet/SLAM_AGV/workspace/install/control_msgs/include/control_msgs/control_msgs/action/detail/point_head__rosidl_typesupport_introspection_cpp.hpp\n'}
[174.090020] (control_msgs) StdoutLine: {'line': b'-- Symlinking: /home/pinet/SLAM_AGV/workspace/install/control_msgs/include/control_msgs/control_msgs/action/detail/single_joint_position__rosidl_typesupport_introspection_cpp.hpp\n'}
[174.119542] (control_msgs) StdoutLine: {'line': b'-- Symlinking: /home/pinet/SLAM_AGV/workspace/install/control_msgs/include/control_msgs/control_msgs/msg/detail/admittance_controller_state__rosidl_typesupport_introspection_cpp.hpp\n'}
[174.148854] (control_msgs) StdoutLine: {'line': b'-- Symlinking: /home/pinet/SLAM_AGV/workspace/install/control_msgs/include/control_msgs/control_msgs/msg/detail/dynamic_interface_group_values__rosidl_typesupport_introspection_cpp.hpp\n'}
[174.152052] (-) TimerEvent: {}
[174.177506] (control_msgs) StdoutLine: {'line': b'-- Symlinking: /home/pinet/SLAM_AGV/workspace/install/control_msgs/include/control_msgs/control_msgs/msg/detail/dynamic_joint_state__rosidl_typesupport_introspection_cpp.hpp\n'}
[174.207130] (control_msgs) StdoutLine: {'line': b'-- Symlinking: /home/pinet/SLAM_AGV/workspace/install/control_msgs/include/control_msgs/control_msgs/msg/detail/gripper_command__rosidl_typesupport_introspection_cpp.hpp\n'}
[174.236662] (control_msgs) StdoutLine: {'line': b'-- Symlinking: /home/pinet/SLAM_AGV/workspace/install/control_msgs/include/control_msgs/control_msgs/msg/detail/interface_value__rosidl_typesupport_introspection_cpp.hpp\n'}
[174.252240] (-) TimerEvent: {}
[174.266078] (control_msgs) StdoutLine: {'line': b'-- Symlinking: /home/pinet/SLAM_AGV/workspace/install/control_msgs/include/control_msgs/control_msgs/msg/detail/joint_component_tolerance__rosidl_typesupport_introspection_cpp.hpp\n'}
[174.296038] (control_msgs) StdoutLine: {'line': b'-- Symlinking: /home/pinet/SLAM_AGV/workspace/install/control_msgs/include/control_msgs/control_msgs/msg/detail/joint_controller_state__rosidl_typesupport_introspection_cpp.hpp\n'}
[174.326551] (control_msgs) StdoutLine: {'line': b'-- Symlinking: /home/pinet/SLAM_AGV/workspace/install/control_msgs/include/control_msgs/control_msgs/msg/detail/joint_jog__rosidl_typesupport_introspection_cpp.hpp\n'}
[174.352445] (-) TimerEvent: {}
[174.356009] (control_msgs) StdoutLine: {'line': b'-- Symlinking: /home/pinet/SLAM_AGV/workspace/install/control_msgs/include/control_msgs/control_msgs/msg/detail/joint_tolerance__rosidl_typesupport_introspection_cpp.hpp\n'}
[174.384623] (control_msgs) StdoutLine: {'line': b'-- Symlinking: /home/pinet/SLAM_AGV/workspace/install/control_msgs/include/control_msgs/control_msgs/msg/detail/joint_trajectory_controller_state__rosidl_typesupport_introspection_cpp.hpp\n'}
[174.413318] (control_msgs) StdoutLine: {'line': b'-- Symlinking: /home/pinet/SLAM_AGV/workspace/install/control_msgs/include/control_msgs/control_msgs/msg/detail/mecanum_drive_controller_state__rosidl_typesupport_introspection_cpp.hpp\n'}
[174.442380] (control_msgs) StdoutLine: {'line': b'-- Symlinking: /home/pinet/SLAM_AGV/workspace/install/control_msgs/include/control_msgs/control_msgs/msg/detail/multi_dof_command__rosidl_typesupport_introspection_cpp.hpp\n'}
[174.452617] (-) TimerEvent: {}
[174.471791] (control_msgs) StdoutLine: {'line': b'-- Symlinking: /home/pinet/SLAM_AGV/workspace/install/control_msgs/include/control_msgs/control_msgs/msg/detail/multi_dof_state_stamped__rosidl_typesupport_introspection_cpp.hpp\n'}
[174.502878] (control_msgs) StdoutLine: {'line': b'-- Symlinking: /home/pinet/SLAM_AGV/workspace/install/control_msgs/include/control_msgs/control_msgs/msg/detail/pid_state__rosidl_typesupport_introspection_cpp.hpp\n'}
[174.531632] (control_msgs) StdoutLine: {'line': b'-- Symlinking: /home/pinet/SLAM_AGV/workspace/install/control_msgs/include/control_msgs/control_msgs/msg/detail/single_dof_state__rosidl_typesupport_introspection_cpp.hpp\n'}
[174.552819] (-) TimerEvent: {}
[174.563438] (control_msgs) StdoutLine: {'line': b'-- Symlinking: /home/pinet/SLAM_AGV/workspace/install/control_msgs/include/control_msgs/control_msgs/msg/detail/single_dof_state_stamped__rosidl_typesupport_introspection_cpp.hpp\n'}
[174.593198] (control_msgs) StdoutLine: {'line': b'-- Symlinking: /home/pinet/SLAM_AGV/workspace/install/control_msgs/include/control_msgs/control_msgs/msg/detail/steering_controller_status__rosidl_typesupport_introspection_cpp.hpp\n'}
[174.623858] (control_msgs) StdoutLine: {'line': b'-- Symlinking: /home/pinet/SLAM_AGV/workspace/install/control_msgs/include/control_msgs/control_msgs/srv/detail/query_calibration_state__rosidl_typesupport_introspection_cpp.hpp\n'}
[174.652980] (-) TimerEvent: {}
[174.653573] (control_msgs) StdoutLine: {'line': b'-- Symlinking: /home/pinet/SLAM_AGV/workspace/install/control_msgs/include/control_msgs/control_msgs/srv/detail/query_trajectory_state__rosidl_typesupport_introspection_cpp.hpp\n'}
[174.684663] (control_msgs) StdoutLine: {'line': b'-- Symlinking: /home/pinet/SLAM_AGV/workspace/install/control_msgs/share/control_msgs/environment/pythonpath.sh\n'}
[174.713530] (control_msgs) StdoutLine: {'line': b'-- Symlinking: /home/pinet/SLAM_AGV/workspace/install/control_msgs/share/control_msgs/environment/pythonpath.dsv\n'}
[174.744688] (control_msgs) StdoutLine: {'line': b'-- Symlinking: /home/pinet/SLAM_AGV/workspace/install/control_msgs/local/lib/python3.10/dist-packages/control_msgs-4.7.0-py3.10.egg-info/PKG-INFO\n'}
[174.753253] (-) TimerEvent: {}
[174.774280] (control_msgs) StdoutLine: {'line': b'-- Symlinking: /home/pinet/SLAM_AGV/workspace/install/control_msgs/local/lib/python3.10/dist-packages/control_msgs-4.7.0-py3.10.egg-info/SOURCES.txt\n'}
[174.802754] (control_msgs) StdoutLine: {'line': b'-- Symlinking: /home/pinet/SLAM_AGV/workspace/install/control_msgs/local/lib/python3.10/dist-packages/control_msgs-4.7.0-py3.10.egg-info/dependency_links.txt\n'}
[174.831944] (control_msgs) StdoutLine: {'line': b'-- Symlinking: /home/pinet/SLAM_AGV/workspace/install/control_msgs/local/lib/python3.10/dist-packages/control_msgs-4.7.0-py3.10.egg-info/top_level.txt\n'}
[174.853438] (-) TimerEvent: {}
[174.878858] (control_msgs) StdoutLine: {'line': b'-- Symlinking: /home/pinet/SLAM_AGV/workspace/install/control_msgs/local/lib/python3.10/dist-packages/control_msgs/__init__.py\n'}
[174.907749] (control_msgs) StdoutLine: {'line': b'-- Symlinking: /home/pinet/SLAM_AGV/workspace/install/control_msgs/local/lib/python3.10/dist-packages/control_msgs/_control_msgs_s.ep.rosidl_typesupport_c.c\n'}
[174.937193] (control_msgs) StdoutLine: {'line': b'-- Symlinking: /home/pinet/SLAM_AGV/workspace/install/control_msgs/local/lib/python3.10/dist-packages/control_msgs/_control_msgs_s.ep.rosidl_typesupport_fastrtps_c.c\n'}
[174.953651] (-) TimerEvent: {}
[174.966106] (control_msgs) StdoutLine: {'line': b'-- Symlinking: /home/pinet/SLAM_AGV/workspace/install/control_msgs/local/lib/python3.10/dist-packages/control_msgs/_control_msgs_s.ep.rosidl_typesupport_introspection_c.c\n'}
[174.997349] (control_msgs) StdoutLine: {'line': b'-- Symlinking: /home/pinet/SLAM_AGV/workspace/install/control_msgs/local/lib/python3.10/dist-packages/control_msgs/action/__init__.py\n'}
[175.025722] (control_msgs) StdoutLine: {'line': b'-- Symlinking: /home/pinet/SLAM_AGV/workspace/install/control_msgs/local/lib/python3.10/dist-packages/control_msgs/action/_follow_joint_trajectory.py\n'}
[175.053797] (-) TimerEvent: {}
[175.054940] (control_msgs) StdoutLine: {'line': b'-- Symlinking: /home/pinet/SLAM_AGV/workspace/install/control_msgs/local/lib/python3.10/dist-packages/control_msgs/action/_follow_joint_trajectory_s.c\n'}
[175.083399] (control_msgs) StdoutLine: {'line': b'-- Symlinking: /home/pinet/SLAM_AGV/workspace/install/control_msgs/local/lib/python3.10/dist-packages/control_msgs/action/_gripper_command.py\n'}
[175.115652] (control_msgs) StdoutLine: {'line': b'-- Symlinking: /home/pinet/SLAM_AGV/workspace/install/control_msgs/local/lib/python3.10/dist-packages/control_msgs/action/_gripper_command_s.c\n'}
[175.144681] (control_msgs) StdoutLine: {'line': b'-- Symlinking: /home/pinet/SLAM_AGV/workspace/install/control_msgs/local/lib/python3.10/dist-packages/control_msgs/action/_joint_trajectory.py\n'}
[175.153959] (-) TimerEvent: {}
[175.174632] (control_msgs) StdoutLine: {'line': b'-- Symlinking: /home/pinet/SLAM_AGV/workspace/install/control_msgs/local/lib/python3.10/dist-packages/control_msgs/action/_joint_trajectory_s.c\n'}
[175.203750] (control_msgs) StdoutLine: {'line': b'-- Symlinking: /home/pinet/SLAM_AGV/workspace/install/control_msgs/local/lib/python3.10/dist-packages/control_msgs/action/_parallel_gripper_command.py\n'}
[175.235651] (control_msgs) StdoutLine: {'line': b'-- Symlinking: /home/pinet/SLAM_AGV/workspace/install/control_msgs/local/lib/python3.10/dist-packages/control_msgs/action/_parallel_gripper_command_s.c\n'}
[175.254142] (-) TimerEvent: {}
[175.265013] (control_msgs) StdoutLine: {'line': b'-- Symlinking: /home/pinet/SLAM_AGV/workspace/install/control_msgs/local/lib/python3.10/dist-packages/control_msgs/action/_point_head.py\n'}
[175.313359] (control_msgs) StdoutLine: {'line': b'-- Symlinking: /home/pinet/SLAM_AGV/workspace/install/control_msgs/local/lib/python3.10/dist-packages/control_msgs/action/_point_head_s.c\n'}
[175.349360] (control_msgs) StdoutLine: {'line': b'-- Symlinking: /home/pinet/SLAM_AGV/workspace/install/control_msgs/local/lib/python3.10/dist-packages/control_msgs/action/_single_joint_position.py\n'}
[175.354304] (-) TimerEvent: {}
[175.378166] (control_msgs) StdoutLine: {'line': b'-- Symlinking: /home/pinet/SLAM_AGV/workspace/install/control_msgs/local/lib/python3.10/dist-packages/control_msgs/action/_single_joint_position_s.c\n'}
[175.407312] (control_msgs) StdoutLine: {'line': b'-- Symlinking: /home/pinet/SLAM_AGV/workspace/install/control_msgs/local/lib/python3.10/dist-packages/control_msgs/control_msgs_s__rosidl_typesupport_c.cpython-310-aarch64-linux-gnu.so\n'}
[175.436694] (control_msgs) StdoutLine: {'line': b'-- Symlinking: /home/pinet/SLAM_AGV/workspace/install/control_msgs/local/lib/python3.10/dist-packages/control_msgs/control_msgs_s__rosidl_typesupport_fastrtps_c.cpython-310-aarch64-linux-gnu.so\n'}
[175.454498] (-) TimerEvent: {}
[175.465819] (control_msgs) StdoutLine: {'line': b'-- Symlinking: /home/pinet/SLAM_AGV/workspace/install/control_msgs/local/lib/python3.10/dist-packages/control_msgs/control_msgs_s__rosidl_typesupport_introspection_c.cpython-310-aarch64-linux-gnu.so\n'}
[175.495241] (control_msgs) StdoutLine: {'line': b'-- Symlinking: /home/pinet/SLAM_AGV/workspace/install/control_msgs/local/lib/python3.10/dist-packages/control_msgs/libcontrol_msgs__rosidl_generator_py.so\n'}
[175.524840] (control_msgs) StdoutLine: {'line': b'-- Symlinking: /home/pinet/SLAM_AGV/workspace/install/control_msgs/local/lib/python3.10/dist-packages/control_msgs/msg/__init__.py\n'}
[175.554691] (-) TimerEvent: {}
[175.556284] (control_msgs) StdoutLine: {'line': b'-- Symlinking: /home/pinet/SLAM_AGV/workspace/install/control_msgs/local/lib/python3.10/dist-packages/control_msgs/msg/_admittance_controller_state.py\n'}
[175.585946] (control_msgs) StdoutLine: {'line': b'-- Symlinking: /home/pinet/SLAM_AGV/workspace/install/control_msgs/local/lib/python3.10/dist-packages/control_msgs/msg/_admittance_controller_state_s.c\n'}
[175.615310] (control_msgs) StdoutLine: {'line': b'-- Symlinking: /home/pinet/SLAM_AGV/workspace/install/control_msgs/local/lib/python3.10/dist-packages/control_msgs/msg/_dynamic_interface_group_values.py\n'}
[175.644620] (control_msgs) StdoutLine: {'line': b'-- Symlinking: /home/pinet/SLAM_AGV/workspace/install/control_msgs/local/lib/python3.10/dist-packages/control_msgs/msg/_dynamic_interface_group_values_s.c\n'}
[175.654862] (-) TimerEvent: {}
[175.674063] (control_msgs) StdoutLine: {'line': b'-- Symlinking: /home/pinet/SLAM_AGV/workspace/install/control_msgs/local/lib/python3.10/dist-packages/control_msgs/msg/_dynamic_joint_state.py\n'}
[175.702418] (control_msgs) StdoutLine: {'line': b'-- Symlinking: /home/pinet/SLAM_AGV/workspace/install/control_msgs/local/lib/python3.10/dist-packages/control_msgs/msg/_dynamic_joint_state_s.c\n'}
[175.732374] (control_msgs) StdoutLine: {'line': b'-- Symlinking: /home/pinet/SLAM_AGV/workspace/install/control_msgs/local/lib/python3.10/dist-packages/control_msgs/msg/_gripper_command.py\n'}
[175.755043] (-) TimerEvent: {}
[175.760635] (control_msgs) StdoutLine: {'line': b'-- Symlinking: /home/pinet/SLAM_AGV/workspace/install/control_msgs/local/lib/python3.10/dist-packages/control_msgs/msg/_gripper_command_s.c\n'}
[175.791076] (control_msgs) StdoutLine: {'line': b'-- Symlinking: /home/pinet/SLAM_AGV/workspace/install/control_msgs/local/lib/python3.10/dist-packages/control_msgs/msg/_interface_value.py\n'}
[175.819652] (control_msgs) StdoutLine: {'line': b'-- Symlinking: /home/pinet/SLAM_AGV/workspace/install/control_msgs/local/lib/python3.10/dist-packages/control_msgs/msg/_interface_value_s.c\n'}
[175.848675] (control_msgs) StdoutLine: {'line': b'-- Symlinking: /home/pinet/SLAM_AGV/workspace/install/control_msgs/local/lib/python3.10/dist-packages/control_msgs/msg/_joint_component_tolerance.py\n'}
[175.855218] (-) TimerEvent: {}
[175.878184] (control_msgs) StdoutLine: {'line': b'-- Symlinking: /home/pinet/SLAM_AGV/workspace/install/control_msgs/local/lib/python3.10/dist-packages/control_msgs/msg/_joint_component_tolerance_s.c\n'}
[175.907617] (control_msgs) StdoutLine: {'line': b'-- Symlinking: /home/pinet/SLAM_AGV/workspace/install/control_msgs/local/lib/python3.10/dist-packages/control_msgs/msg/_joint_controller_state.py\n'}
[175.938903] (control_msgs) StdoutLine: {'line': b'-- Symlinking: /home/pinet/SLAM_AGV/workspace/install/control_msgs/local/lib/python3.10/dist-packages/control_msgs/msg/_joint_controller_state_s.c\n'}
[175.955434] (-) TimerEvent: {}
[175.968104] (control_msgs) StdoutLine: {'line': b'-- Symlinking: /home/pinet/SLAM_AGV/workspace/install/control_msgs/local/lib/python3.10/dist-packages/control_msgs/msg/_joint_jog.py\n'}
[175.998090] (control_msgs) StdoutLine: {'line': b'-- Symlinking: /home/pinet/SLAM_AGV/workspace/install/control_msgs/local/lib/python3.10/dist-packages/control_msgs/msg/_joint_jog_s.c\n'}
[176.026416] (control_msgs) StdoutLine: {'line': b'-- Symlinking: /home/pinet/SLAM_AGV/workspace/install/control_msgs/local/lib/python3.10/dist-packages/control_msgs/msg/_joint_tolerance.py\n'}
[176.055600] (control_msgs) StdoutLine: {'line': b'-- Symlinking: /home/pinet/SLAM_AGV/workspace/install/control_msgs/local/lib/python3.10/dist-packages/control_msgs/msg/_joint_tolerance_s.c\n'}
[176.056113] (-) TimerEvent: {}
[176.084575] (control_msgs) StdoutLine: {'line': b'-- Symlinking: /home/pinet/SLAM_AGV/workspace/install/control_msgs/local/lib/python3.10/dist-packages/control_msgs/msg/_joint_trajectory_controller_state.py\n'}
[176.114008] (control_msgs) StdoutLine: {'line': b'-- Symlinking: /home/pinet/SLAM_AGV/workspace/install/control_msgs/local/lib/python3.10/dist-packages/control_msgs/msg/_joint_trajectory_controller_state_s.c\n'}
[176.142700] (control_msgs) StdoutLine: {'line': b'-- Symlinking: /home/pinet/SLAM_AGV/workspace/install/control_msgs/local/lib/python3.10/dist-packages/control_msgs/msg/_mecanum_drive_controller_state.py\n'}
[176.156349] (-) TimerEvent: {}
[176.173650] (control_msgs) StdoutLine: {'line': b'-- Symlinking: /home/pinet/SLAM_AGV/workspace/install/control_msgs/local/lib/python3.10/dist-packages/control_msgs/msg/_mecanum_drive_controller_state_s.c\n'}
[176.202140] (control_msgs) StdoutLine: {'line': b'-- Symlinking: /home/pinet/SLAM_AGV/workspace/install/control_msgs/local/lib/python3.10/dist-packages/control_msgs/msg/_multi_dof_command.py\n'}
[176.230538] (control_msgs) StdoutLine: {'line': b'-- Symlinking: /home/pinet/SLAM_AGV/workspace/install/control_msgs/local/lib/python3.10/dist-packages/control_msgs/msg/_multi_dof_command_s.c\n'}
[176.256535] (-) TimerEvent: {}
[176.259698] (control_msgs) StdoutLine: {'line': b'-- Symlinking: /home/pinet/SLAM_AGV/workspace/install/control_msgs/local/lib/python3.10/dist-packages/control_msgs/msg/_multi_dof_state_stamped.py\n'}
[176.291557] (control_msgs) StdoutLine: {'line': b'-- Symlinking: /home/pinet/SLAM_AGV/workspace/install/control_msgs/local/lib/python3.10/dist-packages/control_msgs/msg/_multi_dof_state_stamped_s.c\n'}
[176.321223] (control_msgs) StdoutLine: {'line': b'-- Symlinking: /home/pinet/SLAM_AGV/workspace/install/control_msgs/local/lib/python3.10/dist-packages/control_msgs/msg/_pid_state.py\n'}
[176.350604] (control_msgs) StdoutLine: {'line': b'-- Symlinking: /home/pinet/SLAM_AGV/workspace/install/control_msgs/local/lib/python3.10/dist-packages/control_msgs/msg/_pid_state_s.c\n'}
[176.356702] (-) TimerEvent: {}
[176.380167] (control_msgs) StdoutLine: {'line': b'-- Symlinking: /home/pinet/SLAM_AGV/workspace/install/control_msgs/local/lib/python3.10/dist-packages/control_msgs/msg/_single_dof_state.py\n'}
[176.410841] (control_msgs) StdoutLine: {'line': b'-- Symlinking: /home/pinet/SLAM_AGV/workspace/install/control_msgs/local/lib/python3.10/dist-packages/control_msgs/msg/_single_dof_state_s.c\n'}
[176.439725] (control_msgs) StdoutLine: {'line': b'-- Symlinking: /home/pinet/SLAM_AGV/workspace/install/control_msgs/local/lib/python3.10/dist-packages/control_msgs/msg/_single_dof_state_stamped.py\n'}
[176.456997] (-) TimerEvent: {}
[176.470704] (control_msgs) StdoutLine: {'line': b'-- Symlinking: /home/pinet/SLAM_AGV/workspace/install/control_msgs/local/lib/python3.10/dist-packages/control_msgs/msg/_single_dof_state_stamped_s.c\n'}
[176.499690] (control_msgs) StdoutLine: {'line': b'-- Symlinking: /home/pinet/SLAM_AGV/workspace/install/control_msgs/local/lib/python3.10/dist-packages/control_msgs/msg/_steering_controller_status.py\n'}
[176.530731] (control_msgs) StdoutLine: {'line': b'-- Symlinking: /home/pinet/SLAM_AGV/workspace/install/control_msgs/local/lib/python3.10/dist-packages/control_msgs/msg/_steering_controller_status_s.c\n'}
[176.557202] (-) TimerEvent: {}
[176.562269] (control_msgs) StdoutLine: {'line': b'-- Symlinking: /home/pinet/SLAM_AGV/workspace/install/control_msgs/local/lib/python3.10/dist-packages/control_msgs/srv/__init__.py\n'}
[176.591515] (control_msgs) StdoutLine: {'line': b'-- Symlinking: /home/pinet/SLAM_AGV/workspace/install/control_msgs/local/lib/python3.10/dist-packages/control_msgs/srv/_query_calibration_state.py\n'}
[176.623521] (control_msgs) StdoutLine: {'line': b'-- Symlinking: /home/pinet/SLAM_AGV/workspace/install/control_msgs/local/lib/python3.10/dist-packages/control_msgs/srv/_query_calibration_state_s.c\n'}
[176.652354] (control_msgs) StdoutLine: {'line': b'-- Symlinking: /home/pinet/SLAM_AGV/workspace/install/control_msgs/local/lib/python3.10/dist-packages/control_msgs/srv/_query_trajectory_state.py\n'}
[176.657360] (-) TimerEvent: {}
[176.683317] (control_msgs) StdoutLine: {'line': b'-- Symlinking: /home/pinet/SLAM_AGV/workspace/install/control_msgs/local/lib/python3.10/dist-packages/control_msgs/srv/_query_trajectory_state_s.c\n'}
[176.713255] (control_msgs) StdoutLine: {'line': b'-- Up-to-date symlink: /home/pinet/SLAM_AGV/workspace/install/control_msgs/local/lib/python3.10/dist-packages/control_msgs/control_msgs_s__rosidl_typesupport_fastrtps_c.cpython-310-aarch64-linux-gnu.so\n'}
[176.714718] (control_msgs) StdoutLine: {'line': b'-- Up-to-date symlink: /home/pinet/SLAM_AGV/workspace/install/control_msgs/local/lib/python3.10/dist-packages/control_msgs/control_msgs_s__rosidl_typesupport_introspection_c.cpython-310-aarch64-linux-gnu.so\n'}
[176.716169] (control_msgs) StdoutLine: {'line': b'-- Up-to-date symlink: /home/pinet/SLAM_AGV/workspace/install/control_msgs/local/lib/python3.10/dist-packages/control_msgs/control_msgs_s__rosidl_typesupport_c.cpython-310-aarch64-linux-gnu.so\n'}
[176.717645] (control_msgs) StdoutLine: {'line': b'-- Symlinking: /home/pinet/SLAM_AGV/workspace/install/control_msgs/share/control_msgs/action/ParallelGripperCommand.idl\n'}
[176.748673] (control_msgs) StdoutLine: {'line': b'-- Symlinking: /home/pinet/SLAM_AGV/workspace/install/control_msgs/share/control_msgs/action/FollowJointTrajectory.idl\n'}
[176.757530] (-) TimerEvent: {}
[176.778193] (control_msgs) StdoutLine: {'line': b'-- Symlinking: /home/pinet/SLAM_AGV/workspace/install/control_msgs/share/control_msgs/action/GripperCommand.idl\n'}
[176.807238] (control_msgs) StdoutLine: {'line': b'-- Symlinking: /home/pinet/SLAM_AGV/workspace/install/control_msgs/share/control_msgs/action/JointTrajectory.idl\n'}
[176.838763] (control_msgs) StdoutLine: {'line': b'-- Symlinking: /home/pinet/SLAM_AGV/workspace/install/control_msgs/share/control_msgs/action/PointHead.idl\n'}
[176.857730] (-) TimerEvent: {}
[176.868079] (control_msgs) StdoutLine: {'line': b'-- Symlinking: /home/pinet/SLAM_AGV/workspace/install/control_msgs/share/control_msgs/action/SingleJointPosition.idl\n'}
[176.898759] (control_msgs) StdoutLine: {'line': b'-- Symlinking: /home/pinet/SLAM_AGV/workspace/install/control_msgs/share/control_msgs/msg/AdmittanceControllerState.idl\n'}
[176.928270] (control_msgs) StdoutLine: {'line': b'-- Symlinking: /home/pinet/SLAM_AGV/workspace/install/control_msgs/share/control_msgs/msg/DynamicInterfaceGroupValues.idl\n'}
[176.957877] (-) TimerEvent: {}
[176.958600] (control_msgs) StdoutLine: {'line': b'-- Symlinking: /home/pinet/SLAM_AGV/workspace/install/control_msgs/share/control_msgs/msg/DynamicJointState.idl\n'}
[176.989952] (control_msgs) StdoutLine: {'line': b'-- Symlinking: /home/pinet/SLAM_AGV/workspace/install/control_msgs/share/control_msgs/msg/GripperCommand.idl\n'}
[177.019438] (control_msgs) StdoutLine: {'line': b'-- Symlinking: /home/pinet/SLAM_AGV/workspace/install/control_msgs/share/control_msgs/msg/InterfaceValue.idl\n'}
[177.050767] (control_msgs) StdoutLine: {'line': b'-- Symlinking: /home/pinet/SLAM_AGV/workspace/install/control_msgs/share/control_msgs/msg/JointComponentTolerance.idl\n'}
[177.058044] (-) TimerEvent: {}
[177.080006] (control_msgs) StdoutLine: {'line': b'-- Symlinking: /home/pinet/SLAM_AGV/workspace/install/control_msgs/share/control_msgs/msg/JointControllerState.idl\n'}
[177.111682] (control_msgs) StdoutLine: {'line': b'-- Symlinking: /home/pinet/SLAM_AGV/workspace/install/control_msgs/share/control_msgs/msg/JointJog.idl\n'}
[177.140842] (control_msgs) StdoutLine: {'line': b'-- Symlinking: /home/pinet/SLAM_AGV/workspace/install/control_msgs/share/control_msgs/msg/JointTolerance.idl\n'}
[177.158218] (-) TimerEvent: {}
[177.172137] (control_msgs) StdoutLine: {'line': b'-- Symlinking: /home/pinet/SLAM_AGV/workspace/install/control_msgs/share/control_msgs/msg/JointTrajectoryControllerState.idl\n'}
[177.202475] (control_msgs) StdoutLine: {'line': b'-- Symlinking: /home/pinet/SLAM_AGV/workspace/install/control_msgs/share/control_msgs/msg/MecanumDriveControllerState.idl\n'}
[177.231972] (control_msgs) StdoutLine: {'line': b'-- Symlinking: /home/pinet/SLAM_AGV/workspace/install/control_msgs/share/control_msgs/msg/MultiDOFCommand.idl\n'}
[177.258397] (-) TimerEvent: {}
[177.263330] (control_msgs) StdoutLine: {'line': b'-- Symlinking: /home/pinet/SLAM_AGV/workspace/install/control_msgs/share/control_msgs/msg/MultiDOFStateStamped.idl\n'}
[177.292780] (control_msgs) StdoutLine: {'line': b'-- Symlinking: /home/pinet/SLAM_AGV/workspace/install/control_msgs/share/control_msgs/msg/PidState.idl\n'}
[177.322565] (control_msgs) StdoutLine: {'line': b'-- Symlinking: /home/pinet/SLAM_AGV/workspace/install/control_msgs/share/control_msgs/msg/SingleDOFState.idl\n'}
[177.351127] (control_msgs) StdoutLine: {'line': b'-- Symlinking: /home/pinet/SLAM_AGV/workspace/install/control_msgs/share/control_msgs/msg/SingleDOFStateStamped.idl\n'}
[177.358568] (-) TimerEvent: {}
[177.380725] (control_msgs) StdoutLine: {'line': b'-- Symlinking: /home/pinet/SLAM_AGV/workspace/install/control_msgs/share/control_msgs/msg/SteeringControllerStatus.idl\n'}
[177.410154] (control_msgs) StdoutLine: {'line': b'-- Symlinking: /home/pinet/SLAM_AGV/workspace/install/control_msgs/share/control_msgs/srv/QueryCalibrationState.idl\n'}
[177.440828] (control_msgs) StdoutLine: {'line': b'-- Symlinking: /home/pinet/SLAM_AGV/workspace/install/control_msgs/share/control_msgs/srv/QueryTrajectoryState.idl\n'}
[177.458791] (-) TimerEvent: {}
[177.469908] (control_msgs) StdoutLine: {'line': b'-- Symlinking: /home/pinet/SLAM_AGV/workspace/install/control_msgs/share/control_msgs/action/ParallelGripperCommand.action\n'}
[177.499022] (control_msgs) StdoutLine: {'line': b'-- Symlinking: /home/pinet/SLAM_AGV/workspace/install/control_msgs/share/control_msgs/action/FollowJointTrajectory.action\n'}
[177.530078] (control_msgs) StdoutLine: {'line': b'-- Symlinking: /home/pinet/SLAM_AGV/workspace/install/control_msgs/share/control_msgs/action/GripperCommand.action\n'}
[177.558540] (control_msgs) StdoutLine: {'line': b'-- Symlinking: /home/pinet/SLAM_AGV/workspace/install/control_msgs/share/control_msgs/action/JointTrajectory.action\n'}
[177.559089] (-) TimerEvent: {}
[177.587838] (control_msgs) StdoutLine: {'line': b'-- Symlinking: /home/pinet/SLAM_AGV/workspace/install/control_msgs/share/control_msgs/action/PointHead.action\n'}
[177.617671] (control_msgs) StdoutLine: {'line': b'-- Symlinking: /home/pinet/SLAM_AGV/workspace/install/control_msgs/share/control_msgs/action/SingleJointPosition.action\n'}
[177.647910] (control_msgs) StdoutLine: {'line': b'-- Symlinking: /home/pinet/SLAM_AGV/workspace/install/control_msgs/share/control_msgs/msg/AdmittanceControllerState.msg\n'}
[177.659360] (-) TimerEvent: {}
[177.677624] (control_msgs) StdoutLine: {'line': b'-- Symlinking: /home/pinet/SLAM_AGV/workspace/install/control_msgs/share/control_msgs/msg/DynamicInterfaceGroupValues.msg\n'}
[177.707921] (control_msgs) StdoutLine: {'line': b'-- Symlinking: /home/pinet/SLAM_AGV/workspace/install/control_msgs/share/control_msgs/msg/DynamicJointState.msg\n'}
[177.737624] (control_msgs) StdoutLine: {'line': b'-- Symlinking: /home/pinet/SLAM_AGV/workspace/install/control_msgs/share/control_msgs/msg/GripperCommand.msg\n'}
[177.759537] (-) TimerEvent: {}
[177.768620] (control_msgs) StdoutLine: {'line': b'-- Symlinking: /home/pinet/SLAM_AGV/workspace/install/control_msgs/share/control_msgs/msg/InterfaceValue.msg\n'}
[177.797250] (control_msgs) StdoutLine: {'line': b'-- Symlinking: /home/pinet/SLAM_AGV/workspace/install/control_msgs/share/control_msgs/msg/JointComponentTolerance.msg\n'}
[177.826425] (control_msgs) StdoutLine: {'line': b'-- Symlinking: /home/pinet/SLAM_AGV/workspace/install/control_msgs/share/control_msgs/msg/JointControllerState.msg\n'}
[177.858080] (control_msgs) StdoutLine: {'line': b'-- Symlinking: /home/pinet/SLAM_AGV/workspace/install/control_msgs/share/control_msgs/msg/JointJog.msg\n'}
[177.859672] (-) TimerEvent: {}
[177.888201] (control_msgs) StdoutLine: {'line': b'-- Symlinking: /home/pinet/SLAM_AGV/workspace/install/control_msgs/share/control_msgs/msg/JointTolerance.msg\n'}
[177.917923] (control_msgs) StdoutLine: {'line': b'-- Symlinking: /home/pinet/SLAM_AGV/workspace/install/control_msgs/share/control_msgs/msg/JointTrajectoryControllerState.msg\n'}
[177.948397] (control_msgs) StdoutLine: {'line': b'-- Symlinking: /home/pinet/SLAM_AGV/workspace/install/control_msgs/share/control_msgs/msg/MecanumDriveControllerState.msg\n'}
[177.959943] (-) TimerEvent: {}
[177.977613] (control_msgs) StdoutLine: {'line': b'-- Symlinking: /home/pinet/SLAM_AGV/workspace/install/control_msgs/share/control_msgs/msg/MultiDOFCommand.msg\n'}
[178.007834] (control_msgs) StdoutLine: {'line': b'-- Symlinking: /home/pinet/SLAM_AGV/workspace/install/control_msgs/share/control_msgs/msg/MultiDOFStateStamped.msg\n'}
[178.037000] (control_msgs) StdoutLine: {'line': b'-- Symlinking: /home/pinet/SLAM_AGV/workspace/install/control_msgs/share/control_msgs/msg/PidState.msg\n'}
[178.060118] (-) TimerEvent: {}
[178.068106] (control_msgs) StdoutLine: {'line': b'-- Symlinking: /home/pinet/SLAM_AGV/workspace/install/control_msgs/share/control_msgs/msg/SingleDOFState.msg\n'}
[178.097530] (control_msgs) StdoutLine: {'line': b'-- Symlinking: /home/pinet/SLAM_AGV/workspace/install/control_msgs/share/control_msgs/msg/SingleDOFStateStamped.msg\n'}
[178.128007] (control_msgs) StdoutLine: {'line': b'-- Symlinking: /home/pinet/SLAM_AGV/workspace/install/control_msgs/share/control_msgs/msg/SteeringControllerStatus.msg\n'}
[178.157588] (control_msgs) StdoutLine: {'line': b'-- Symlinking: /home/pinet/SLAM_AGV/workspace/install/control_msgs/share/control_msgs/srv/QueryCalibrationState.srv\n'}
[178.160340] (-) TimerEvent: {}
[178.186957] (control_msgs) StdoutLine: {'line': b'-- Symlinking: /home/pinet/SLAM_AGV/workspace/install/control_msgs/share/control_msgs/srv/QueryCalibrationState_Request.msg\n'}
[178.218500] (control_msgs) StdoutLine: {'line': b'-- Symlinking: /home/pinet/SLAM_AGV/workspace/install/control_msgs/share/control_msgs/srv/QueryCalibrationState_Response.msg\n'}
[178.246726] (control_msgs) StdoutLine: {'line': b'-- Symlinking: /home/pinet/SLAM_AGV/workspace/install/control_msgs/share/control_msgs/srv/QueryTrajectoryState.srv\n'}
[178.260532] (-) TimerEvent: {}
[178.276151] (control_msgs) StdoutLine: {'line': b'-- Symlinking: /home/pinet/SLAM_AGV/workspace/install/control_msgs/share/control_msgs/srv/QueryTrajectoryState_Request.msg\n'}
[178.306087] (control_msgs) StdoutLine: {'line': b'-- Symlinking: /home/pinet/SLAM_AGV/workspace/install/control_msgs/share/control_msgs/srv/QueryTrajectoryState_Response.msg\n'}
[178.338198] (control_msgs) StdoutLine: {'line': b'-- Symlinking: /home/pinet/SLAM_AGV/workspace/install/control_msgs/share/ament_index/resource_index/package_run_dependencies/control_msgs\n'}
[178.360714] (-) TimerEvent: {}
[178.368345] (control_msgs) StdoutLine: {'line': b'-- Symlinking: /home/pinet/SLAM_AGV/workspace/install/control_msgs/share/ament_index/resource_index/parent_prefix_path/control_msgs\n'}
[178.398414] (control_msgs) StdoutLine: {'line': b'-- Symlinking: /home/pinet/SLAM_AGV/workspace/install/control_msgs/share/control_msgs/environment/ament_prefix_path.sh\n'}
[178.427853] (control_msgs) StdoutLine: {'line': b'-- Symlinking: /home/pinet/SLAM_AGV/workspace/install/control_msgs/share/control_msgs/environment/ament_prefix_path.dsv\n'}
[178.457166] (control_msgs) StdoutLine: {'line': b'-- Symlinking: /home/pinet/SLAM_AGV/workspace/install/control_msgs/share/control_msgs/environment/path.sh\n'}
[178.460858] (-) TimerEvent: {}
[178.486929] (control_msgs) StdoutLine: {'line': b'-- Symlinking: /home/pinet/SLAM_AGV/workspace/install/control_msgs/share/control_msgs/environment/path.dsv\n'}
[178.516957] (control_msgs) StdoutLine: {'line': b'-- Symlinking: /home/pinet/SLAM_AGV/workspace/install/control_msgs/share/control_msgs/local_setup.bash\n'}
[178.546931] (control_msgs) StdoutLine: {'line': b'-- Symlinking: /home/pinet/SLAM_AGV/workspace/install/control_msgs/share/control_msgs/local_setup.sh\n'}
[178.561206] (-) TimerEvent: {}
[178.576726] (control_msgs) StdoutLine: {'line': b'-- Symlinking: /home/pinet/SLAM_AGV/workspace/install/control_msgs/share/control_msgs/local_setup.zsh\n'}
[178.606944] (control_msgs) StdoutLine: {'line': b'-- Symlinking: /home/pinet/SLAM_AGV/workspace/install/control_msgs/share/control_msgs/local_setup.dsv\n'}
[178.636435] (control_msgs) StdoutLine: {'line': b'-- Symlinking: /home/pinet/SLAM_AGV/workspace/install/control_msgs/share/control_msgs/package.dsv\n'}
[178.661373] (-) TimerEvent: {}
[178.666407] (control_msgs) StdoutLine: {'line': b'-- Symlinking: /home/pinet/SLAM_AGV/workspace/install/control_msgs/share/ament_index/resource_index/packages/control_msgs\n'}
[178.695955] (control_msgs) StdoutLine: {'line': b'-- Symlinking: /home/pinet/SLAM_AGV/workspace/install/control_msgs/share/control_msgs/cmake/rosidl_cmake-extras.cmake\n'}
[178.727633] (control_msgs) StdoutLine: {'line': b'-- Symlinking: /home/pinet/SLAM_AGV/workspace/install/control_msgs/share/control_msgs/cmake/ament_cmake_export_dependencies-extras.cmake\n'}
[178.757167] (control_msgs) StdoutLine: {'line': b'-- Symlinking: /home/pinet/SLAM_AGV/workspace/install/control_msgs/share/control_msgs/cmake/ament_cmake_export_include_directories-extras.cmake\n'}
[178.761520] (-) TimerEvent: {}
[178.786801] (control_msgs) StdoutLine: {'line': b'-- Symlinking: /home/pinet/SLAM_AGV/workspace/install/control_msgs/share/control_msgs/cmake/ament_cmake_export_libraries-extras.cmake\n'}
[178.816018] (control_msgs) StdoutLine: {'line': b'-- Symlinking: /home/pinet/SLAM_AGV/workspace/install/control_msgs/share/control_msgs/cmake/ament_cmake_export_targets-extras.cmake\n'}
[178.847472] (control_msgs) StdoutLine: {'line': b'-- Symlinking: /home/pinet/SLAM_AGV/workspace/install/control_msgs/share/control_msgs/cmake/rosidl_cmake_export_typesupport_targets-extras.cmake\n'}
[178.861703] (-) TimerEvent: {}
[178.876697] (control_msgs) StdoutLine: {'line': b'-- Symlinking: /home/pinet/SLAM_AGV/workspace/install/control_msgs/share/control_msgs/cmake/rosidl_cmake_export_typesupport_libraries-extras.cmake\n'}
[178.907333] (control_msgs) StdoutLine: {'line': b'-- Symlinking: /home/pinet/SLAM_AGV/workspace/install/control_msgs/share/control_msgs/cmake/control_msgsConfig.cmake\n'}
[178.936398] (control_msgs) StdoutLine: {'line': b'-- Symlinking: /home/pinet/SLAM_AGV/workspace/install/control_msgs/share/control_msgs/cmake/control_msgsConfig-version.cmake\n'}
[178.961877] (-) TimerEvent: {}
[178.967343] (control_msgs) StdoutLine: {'line': b'-- Symlinking: /home/pinet/SLAM_AGV/workspace/install/control_msgs/share/control_msgs/package.xml\n'}
[178.997009] (control_msgs) StdoutLine: {'line': b'-- Installing: /home/pinet/SLAM_AGV/workspace/install/control_msgs/lib/libcontrol_msgs__rosidl_generator_c.so\n'}
[179.003313] (control_msgs) StdoutLine: {'line': b'-- Set runtime path of "/home/pinet/SLAM_AGV/workspace/install/control_msgs/lib/libcontrol_msgs__rosidl_generator_c.so" to ""\n'}
[179.004046] (control_msgs) StdoutLine: {'line': b'-- Installing: /home/pinet/SLAM_AGV/workspace/install/control_msgs/lib/libcontrol_msgs__rosidl_typesupport_fastrtps_c.so\n'}
[179.011053] (control_msgs) StdoutLine: {'line': b'-- Set runtime path of "/home/pinet/SLAM_AGV/workspace/install/control_msgs/lib/libcontrol_msgs__rosidl_typesupport_fastrtps_c.so" to ""\n'}
[179.011820] (control_msgs) StdoutLine: {'line': b'-- Installing: /home/pinet/SLAM_AGV/workspace/install/control_msgs/lib/libcontrol_msgs__rosidl_typesupport_fastrtps_cpp.so\n'}
[179.019385] (control_msgs) StdoutLine: {'line': b'-- Set runtime path of "/home/pinet/SLAM_AGV/workspace/install/control_msgs/lib/libcontrol_msgs__rosidl_typesupport_fastrtps_cpp.so" to ""\n'}
[179.019899] (control_msgs) StdoutLine: {'line': b'-- Installing: /home/pinet/SLAM_AGV/workspace/install/control_msgs/lib/libcontrol_msgs__rosidl_typesupport_introspection_c.so\n'}
[179.024677] (control_msgs) StdoutLine: {'line': b'-- Set runtime path of "/home/pinet/SLAM_AGV/workspace/install/control_msgs/lib/libcontrol_msgs__rosidl_typesupport_introspection_c.so" to ""\n'}
[179.025218] (control_msgs) StdoutLine: {'line': b'-- Installing: /home/pinet/SLAM_AGV/workspace/install/control_msgs/lib/libcontrol_msgs__rosidl_typesupport_c.so\n'}
[179.028526] (control_msgs) StdoutLine: {'line': b'-- Set runtime path of "/home/pinet/SLAM_AGV/workspace/install/control_msgs/lib/libcontrol_msgs__rosidl_typesupport_c.so" to ""\n'}
[179.028995] (control_msgs) StdoutLine: {'line': b'-- Installing: /home/pinet/SLAM_AGV/workspace/install/control_msgs/lib/libcontrol_msgs__rosidl_typesupport_introspection_cpp.so\n'}
[179.036685] (control_msgs) StdoutLine: {'line': b'-- Set runtime path of "/home/pinet/SLAM_AGV/workspace/install/control_msgs/lib/libcontrol_msgs__rosidl_typesupport_introspection_cpp.so" to ""\n'}
[179.037221] (control_msgs) StdoutLine: {'line': b'-- Installing: /home/pinet/SLAM_AGV/workspace/install/control_msgs/lib/libcontrol_msgs__rosidl_typesupport_cpp.so\n'}
[179.040872] (control_msgs) StdoutLine: {'line': b'-- Set runtime path of "/home/pinet/SLAM_AGV/workspace/install/control_msgs/lib/libcontrol_msgs__rosidl_typesupport_cpp.so" to ""\n'}
[179.062005] (-) TimerEvent: {}
[179.162648] (-) TimerEvent: {}
[179.263336] (-) TimerEvent: {}
[179.364074] (-) TimerEvent: {}
[179.425496] (control_msgs) StdoutLine: {'line': b"Listing '/home/pinet/SLAM_AGV/workspace/install/control_msgs/local/lib/python3.10/dist-packages/control_msgs'...\n"}
[179.427052] (control_msgs) StdoutLine: {'line': b"Compiling '/home/pinet/SLAM_AGV/workspace/install/control_msgs/local/lib/python3.10/dist-packages/control_msgs/__init__.py'...\n"}
[179.427965] (control_msgs) StdoutLine: {'line': b"Listing '/home/pinet/SLAM_AGV/workspace/install/control_msgs/local/lib/python3.10/dist-packages/control_msgs/action'...\n"}
[179.428747] (control_msgs) StdoutLine: {'line': b"Compiling '/home/pinet/SLAM_AGV/workspace/install/control_msgs/local/lib/python3.10/dist-packages/control_msgs/action/__init__.py'...\n"}
[179.429623] (control_msgs) StdoutLine: {'line': b"Compiling '/home/pinet/SLAM_AGV/workspace/install/control_msgs/local/lib/python3.10/dist-packages/control_msgs/action/_follow_joint_trajectory.py'...\n"}
[179.430516] (control_msgs) StdoutLine: {'line': b"Compiling '/home/pinet/SLAM_AGV/workspace/install/control_msgs/local/lib/python3.10/dist-packages/control_msgs/action/_gripper_command.py'...\n"}
[179.431331] (control_msgs) StdoutLine: {'line': b"Compiling '/home/pinet/SLAM_AGV/workspace/install/control_msgs/local/lib/python3.10/dist-packages/control_msgs/action/_joint_trajectory.py'...\n"}
[179.432042] (control_msgs) StdoutLine: {'line': b"Compiling '/home/pinet/SLAM_AGV/workspace/install/control_msgs/local/lib/python3.10/dist-packages/control_msgs/action/_parallel_gripper_command.py'...\n"}
[179.432944] (control_msgs) StdoutLine: {'line': b"Compiling '/home/pinet/SLAM_AGV/workspace/install/control_msgs/local/lib/python3.10/dist-packages/control_msgs/action/_point_head.py'...\n"}
[179.433857] (control_msgs) StdoutLine: {'line': b"Compiling '/home/pinet/SLAM_AGV/workspace/install/control_msgs/local/lib/python3.10/dist-packages/control_msgs/action/_single_joint_position.py'...\n"}
[179.434753] (control_msgs) StdoutLine: {'line': b"Listing '/home/pinet/SLAM_AGV/workspace/install/control_msgs/local/lib/python3.10/dist-packages/control_msgs/msg'...\n"}
[179.435481] (control_msgs) StdoutLine: {'line': b"Compiling '/home/pinet/SLAM_AGV/workspace/install/control_msgs/local/lib/python3.10/dist-packages/control_msgs/msg/__init__.py'...\n"}
[179.436362] (control_msgs) StdoutLine: {'line': b"Compiling '/home/pinet/SLAM_AGV/workspace/install/control_msgs/local/lib/python3.10/dist-packages/control_msgs/msg/_admittance_controller_state.py'...\n"}
[179.437023] (control_msgs) StdoutLine: {'line': b"Compiling '/home/pinet/SLAM_AGV/workspace/install/control_msgs/local/lib/python3.10/dist-packages/control_msgs/msg/_dynamic_interface_group_values.py'...\n"}
[179.437860] (control_msgs) StdoutLine: {'line': b"Compiling '/home/pinet/SLAM_AGV/workspace/install/control_msgs/local/lib/python3.10/dist-packages/control_msgs/msg/_dynamic_joint_state.py'...\n"}
[179.438592] (control_msgs) StdoutLine: {'line': b"Compiling '/home/pinet/SLAM_AGV/workspace/install/control_msgs/local/lib/python3.10/dist-packages/control_msgs/msg/_gripper_command.py'...\n"}
[179.439148] (control_msgs) StdoutLine: {'line': b"Compiling '/home/pinet/SLAM_AGV/workspace/install/control_msgs/local/lib/python3.10/dist-packages/control_msgs/msg/_interface_value.py'...\n"}
[179.439573] (control_msgs) StdoutLine: {'line': b"Compiling '/home/pinet/SLAM_AGV/workspace/install/control_msgs/local/lib/python3.10/dist-packages/control_msgs/msg/_joint_component_tolerance.py'...\n"}
[179.440069] (control_msgs) StdoutLine: {'line': b"Compiling '/home/pinet/SLAM_AGV/workspace/install/control_msgs/local/lib/python3.10/dist-packages/control_msgs/msg/_joint_controller_state.py'...\n"}
[179.440512] (control_msgs) StdoutLine: {'line': b"Compiling '/home/pinet/SLAM_AGV/workspace/install/control_msgs/local/lib/python3.10/dist-packages/control_msgs/msg/_joint_jog.py'...\n"}
[179.440950] (control_msgs) StdoutLine: {'line': b"Compiling '/home/pinet/SLAM_AGV/workspace/install/control_msgs/local/lib/python3.10/dist-packages/control_msgs/msg/_joint_tolerance.py'...\n"}
[179.441407] (control_msgs) StdoutLine: {'line': b"Compiling '/home/pinet/SLAM_AGV/workspace/install/control_msgs/local/lib/python3.10/dist-packages/control_msgs/msg/_joint_trajectory_controller_state.py'...\n"}
[179.441820] (control_msgs) StdoutLine: {'line': b"Compiling '/home/pinet/SLAM_AGV/workspace/install/control_msgs/local/lib/python3.10/dist-packages/control_msgs/msg/_mecanum_drive_controller_state.py'...\n"}
[179.442228] (control_msgs) StdoutLine: {'line': b"Compiling '/home/pinet/SLAM_AGV/workspace/install/control_msgs/local/lib/python3.10/dist-packages/control_msgs/msg/_multi_dof_command.py'...\n"}
[179.442702] (control_msgs) StdoutLine: {'line': b"Compiling '/home/pinet/SLAM_AGV/workspace/install/control_msgs/local/lib/python3.10/dist-packages/control_msgs/msg/_multi_dof_state_stamped.py'...\n"}
[179.443260] (control_msgs) StdoutLine: {'line': b"Compiling '/home/pinet/SLAM_AGV/workspace/install/control_msgs/local/lib/python3.10/dist-packages/control_msgs/msg/_pid_state.py'...\n"}
[179.443814] (control_msgs) StdoutLine: {'line': b"Compiling '/home/pinet/SLAM_AGV/workspace/install/control_msgs/local/lib/python3.10/dist-packages/control_msgs/msg/_single_dof_state.py'...\n"}
[179.444691] (control_msgs) StdoutLine: {'line': b"Compiling '/home/pinet/SLAM_AGV/workspace/install/control_msgs/local/lib/python3.10/dist-packages/control_msgs/msg/_single_dof_state_stamped.py'...\n"}
[179.445585] (control_msgs) StdoutLine: {'line': b"Compiling '/home/pinet/SLAM_AGV/workspace/install/control_msgs/local/lib/python3.10/dist-packages/control_msgs/msg/_steering_controller_status.py'...\n"}
[179.446342] (control_msgs) StdoutLine: {'line': b"Listing '/home/pinet/SLAM_AGV/workspace/install/control_msgs/local/lib/python3.10/dist-packages/control_msgs/srv'...\n"}
[179.446817] (control_msgs) StdoutLine: {'line': b"Compiling '/home/pinet/SLAM_AGV/workspace/install/control_msgs/local/lib/python3.10/dist-packages/control_msgs/srv/__init__.py'...\n"}
[179.447492] (control_msgs) StdoutLine: {'line': b"Compiling '/home/pinet/SLAM_AGV/workspace/install/control_msgs/local/lib/python3.10/dist-packages/control_msgs/srv/_query_calibration_state.py'...\n"}
[179.448213] (control_msgs) StdoutLine: {'line': b"Compiling '/home/pinet/SLAM_AGV/workspace/install/control_msgs/local/lib/python3.10/dist-packages/control_msgs/srv/_query_trajectory_state.py'...\n"}
[179.452284] (control_msgs) StdoutLine: {'line': b'-- Installing: /home/pinet/SLAM_AGV/workspace/install/control_msgs/lib/libcontrol_msgs__rosidl_generator_py.so\n'}
[179.457343] (control_msgs) StdoutLine: {'line': b'-- Set runtime path of "/home/pinet/SLAM_AGV/workspace/install/control_msgs/lib/libcontrol_msgs__rosidl_generator_py.so" to ""\n'}
[179.457913] (control_msgs) StdoutLine: {'line': b'-- Installing: /home/pinet/SLAM_AGV/workspace/install/control_msgs/share/control_msgs/cmake/export_control_msgs__rosidl_generator_cExport.cmake\n'}
[179.459366] (control_msgs) StdoutLine: {'line': b'-- Installing: /home/pinet/SLAM_AGV/workspace/install/control_msgs/share/control_msgs/cmake/export_control_msgs__rosidl_generator_cExport-noconfig.cmake\n'}
[179.460879] (control_msgs) StdoutLine: {'line': b'-- Installing: /home/pinet/SLAM_AGV/workspace/install/control_msgs/share/control_msgs/cmake/export_control_msgs__rosidl_typesupport_fastrtps_cExport.cmake\n'}
[179.462450] (control_msgs) StdoutLine: {'line': b'-- Installing: /home/pinet/SLAM_AGV/workspace/install/control_msgs/share/control_msgs/cmake/export_control_msgs__rosidl_typesupport_fastrtps_cExport-noconfig.cmake\n'}
[179.463915] (control_msgs) StdoutLine: {'line': b'-- Installing: /home/pinet/SLAM_AGV/workspace/install/control_msgs/share/control_msgs/cmake/export_control_msgs__rosidl_generator_cppExport.cmake\n'}
[179.464281] (-) TimerEvent: {}
[179.465413] (control_msgs) StdoutLine: {'line': b'-- Installing: /home/pinet/SLAM_AGV/workspace/install/control_msgs/share/control_msgs/cmake/export_control_msgs__rosidl_typesupport_fastrtps_cppExport.cmake\n'}
[179.466867] (control_msgs) StdoutLine: {'line': b'-- Installing: /home/pinet/SLAM_AGV/workspace/install/control_msgs/share/control_msgs/cmake/export_control_msgs__rosidl_typesupport_fastrtps_cppExport-noconfig.cmake\n'}
[179.468325] (control_msgs) StdoutLine: {'line': b'-- Installing: /home/pinet/SLAM_AGV/workspace/install/control_msgs/share/control_msgs/cmake/control_msgs__rosidl_typesupport_introspection_cExport.cmake\n'}
[179.469734] (control_msgs) StdoutLine: {'line': b'-- Installing: /home/pinet/SLAM_AGV/workspace/install/control_msgs/share/control_msgs/cmake/control_msgs__rosidl_typesupport_introspection_cExport-noconfig.cmake\n'}
[179.471158] (control_msgs) StdoutLine: {'line': b'-- Installing: /home/pinet/SLAM_AGV/workspace/install/control_msgs/share/control_msgs/cmake/control_msgs__rosidl_typesupport_cExport.cmake\n'}
[179.472481] (control_msgs) StdoutLine: {'line': b'-- Installing: /home/pinet/SLAM_AGV/workspace/install/control_msgs/share/control_msgs/cmake/control_msgs__rosidl_typesupport_cExport-noconfig.cmake\n'}
[179.473883] (control_msgs) StdoutLine: {'line': b'-- Installing: /home/pinet/SLAM_AGV/workspace/install/control_msgs/share/control_msgs/cmake/control_msgs__rosidl_typesupport_introspection_cppExport.cmake\n'}
[179.475280] (control_msgs) StdoutLine: {'line': b'-- Installing: /home/pinet/SLAM_AGV/workspace/install/control_msgs/share/control_msgs/cmake/control_msgs__rosidl_typesupport_introspection_cppExport-noconfig.cmake\n'}
[179.476701] (control_msgs) StdoutLine: {'line': b'-- Installing: /home/pinet/SLAM_AGV/workspace/install/control_msgs/share/control_msgs/cmake/control_msgs__rosidl_typesupport_cppExport.cmake\n'}
[179.478145] (control_msgs) StdoutLine: {'line': b'-- Installing: /home/pinet/SLAM_AGV/workspace/install/control_msgs/share/control_msgs/cmake/control_msgs__rosidl_typesupport_cppExport-noconfig.cmake\n'}
[179.479527] (control_msgs) StdoutLine: {'line': b'-- Installing: /home/pinet/SLAM_AGV/workspace/install/control_msgs/share/control_msgs/cmake/export_control_msgs__rosidl_generator_pyExport.cmake\n'}
[179.480872] (control_msgs) StdoutLine: {'line': b'-- Installing: /home/pinet/SLAM_AGV/workspace/install/control_msgs/share/control_msgs/cmake/export_control_msgs__rosidl_generator_pyExport-noconfig.cmake\n'}
[179.487887] (control_msgs) CommandEnded: {'returncode': 0}
[179.564432] (-) TimerEvent: {}
[179.615076] (control_msgs) JobEnded: {'identifier': 'control_msgs', 'rc': 0}
[179.617572] (-) EventReactorShutdown: {}
